Time,V1,V2,V3,V4,V5,V6,V7,V8,V9,V10,V11,V12,V13,V14,V15,V16,V17,V18,V19,V20,V21,V22,V23,V24,V25,V26,V27,V28,Amount,Class
376.0,1.22089576726054,0.116242672593297,0.545204566234499,0.838269474284817,-0.491895847467858,-0.69120211806659,0.0379160980852379,-0.180524134522773,0.348689639839509,-0.218638497111897,-0.533170799367278,0.8774083022832,0.720656119419286,-0.218672389060942,-0.293054925642033,-0.317487131668617,-0.0108317390297517,-0.805524142378544,0.211288138260068,-0.0590288970033979,-0.219679457316037,-0.426644211177319,-0.0011561669781413,0.451173461988541,0.477481601147849,0.265557020059297,-0.018555257590525,0.0156560094450672,12.89,0
376.0,-0.439946497030056,0.994795145722447,1.35705761327694,-0.0502881899964275,0.108030045403226,-0.31462076641589,0.500910069057771,0.234651397146427,-0.577011979569788,-0.370060229191115,1.78178199998263,0.422373587097984,-0.658924730662215,-0.0656005567147381,0.500144676538075,0.257425481107178,0.146188162304227,-0.0801331611397738,-0.232624344883305,0.0468490538161108,-0.178157618422289,-0.476767442405154,0.036739603027292,0.155320666600843,-0.311972919352468,0.0736090057393555,0.254202672918146,0.0853674761915007,4.45,0
376.0,0.89405620757263,-0.0310011882758798,1.51466468447078,2.58727618822553,-0.222692610162726,1.98777211659919,-0.922106337449837,0.782939570518592,0.181509785104822,0.318344690165392,0.168810156475924,0.253735583728091,-0.832725751633196,-0.124440102086123,0.845365228644855,-0.703991352259176,0.949885718706769,-2.15762370391804,-2.51442027279542,-0.335482518755605,0.0528188574586953,0.394703473965313,0.212675942347207,-0.654427783273901,-0.0896334629065976,0.0660536356477701,0.107787401485812,0.024675576432666,11.39,0
377.0,1.16691882274459,0.0270490880031698,0.513875182118976,0.86096534891176,-0.519451576892328,-0.681147436586617,0.0749919437152553,-0.187776069863001,0.345398694814444,-0.231651941454573,-0.532770498904037,0.878559115130212,0.725637447581961,-0.212346884396997,-0.289540088844948,-0.313801998251875,-0.0100033991662239,-0.799799592108778,0.202364374998939,-0.0021301969693874,-0.202749749606336,-0.441390609709029,-0.025782469048803,0.452607132607421,0.467222718328302,0.262577155154711,-0.0238344353811277,0.020520858981709,40.83,0
378.0,-0.460445587001775,0.720560638893991,0.247835759740453,-0.687521024203132,-0.627671057068035,-1.12970974961797,0.426560470730397,0.0551949726020371,-2.06346206683417,-0.278732164916722,-0.0513713880180839,-0.3753346713678,1.28199009064161,-0.877698922729098,0.543343781915662,0.874039942861495,1.42813284898716,-0.933302844539087,1.23962519867944,0.344737647828979,0.329564677329115,0.705109685458043,0.0370926783652273,0.373316310907277,-0.176941783713555,-0.156161345861162,0.0116312802688282,0.116359292489723,85.25,0
379.0,-1.89609925225788,-1.82904618154786,1.1812221421476,3.89784579615149,-1.68646870453463,1.97637075512678,-0.564107230460776,-2.40046491032775,-0.979201821482992,-0.284723547420908,0.284799423273594,0.592318944366125,-0.653926139218209,0.510773223299853,-0.545063692116723,0.309555463761161,0.259246565289502,0.660470304607634,0.978842524591732,2.53863619646714,-0.936346051581582,-0.516625796902055,-0.911681722191558,0.0251056407556221,0.65669917991653,0.200867802291929,-0.0889936776886423,0.339813925549531,881.13,0
380.0,-1.29983679037626,0.8818174638094,1.4528418792573,-1.29369833187415,-0.025104981110272,-1.170102626414,0.861610195375755,-0.193933516387003,0.592000946564565,0.241978857934286,0.144973301434815,-0.58389128427118,-1.59534531490549,0.0326128857482741,0.752833857365528,-0.0942863738983986,-0.16342701943749,-1.11117601351647,-1.1240245898857,0.0659790095339547,-0.272562732384431,-0.360853038485273,0.223911214832993,0.598929622195593,-0.397704637946507,0.637140781064769,0.234872284466863,0.0213787930408803,0.0,0
380.0,1.15892316297527,0.165064337275553,0.507315635964163,0.456052012917646,-0.193599919220382,-0.180777006493524,-0.0704874536052093,0.046688089238415,-0.302918164518936,0.0389728019945249,1.79679850248175,1.43689300591935,0.765249442045086,0.355946894352601,0.523827759490932,0.182450392813905,-0.427411970829881,-0.561432504475454,-0.1934249728981,-0.0617653334491411,-0.166914679621684,-0.476945514561526,0.139459953566391,0.0282250489740866,0.130464202200839,0.104224545842593,-0.0143287414035074,0.0080255906138394,9.99,0
382.0,-0.804275457310519,0.379523305757196,1.89252467406331,0.315885535060119,-0.194783001456365,-0.248983834056341,0.422565158476286,-0.0283211312703345,-0.247660502023288,-0.488735427501941,0.0181039431061285,0.745749001785631,0.811923576631243,-0.339126343886042,0.412710109531928,-1.08160261036754,0.806112721318899,-1.23116345569134,1.10907044234578,0.117260558142181,-0.152899712290471,-0.213726372007162,0.174705845248266,0.486815513611811,-0.365679974225664,0.963301372790766,-0.045545222635417,0.110528209369474,45.38,0
383.0,-0.90790897460877,1.62222322404833,0.0363813619124195,0.526253581724911,0.343559944637381,-0.814125699345664,1.28635297568485,-0.513283984576902,0.650091220085366,2.37453340136567,1.27695541214439,-0.156640261398235,-1.34623856989971,0.0858397911710595,0.256081498512871,-0.596371655009943,-0.624688057800786,0.376031456230774,0.584009906789579,0.593289305423901,-0.118734907281633,0.640328805130486,0.0223386114725843,0.297445257624226,-0.650607852279329,-0.530175348330921,-0.0422957605017809,-0.490801708759845,17.99,0
383.0,-0.671983367555238,1.28681445151992,1.57521379887095,-0.289993428795442,0.601959368072479,-0.399922808737031,1.46642176754251,-0.792099332178257,0.74727344003249,1.20600705917015,0.451883705439066,-0.300103228244795,0.0513996710099931,-1.45939708072649,1.30576469893264,-0.302977194079857,-0.159295643403296,-0.753259720915974,-0.526130414088964,0.746320059140663,-0.535865212963731,-0.529530504618673,-0.112927888681944,0.0142247314580223,-0.183674161254298,0.0017013533014363,-0.0659694048576843,-0.620859688815788,16.0,0
384.0,0.450789665252323,-2.1685326869165,-0.824039453785036,-0.351020593029807,-0.984033129814253,-0.079024459195011,0.274408703533743,-0.183159236098329,-0.949651213152739,0.580142700079567,0.0702170174356391,0.0082891764641997,-0.409244400433561,0.421210061484792,-0.538527663505572,-1.24846407908461,-0.195415886972302,1.56371475038801,-0.0033217762298837,0.517926230948698,-0.157792201838459,-1.05797143112702,-0.559170459726032,-0.469404440426461,0.310074723074172,1.07646261776323,-0.173558407669221,0.0652100275836383,510.22,0
386.0,1.2131358392762,0.462142518341967,0.664599345891463,1.30113530427983,-0.407415561411132,-0.994124679060447,0.180625573267091,-0.279035029818828,-0.216489299432947,0.0160115787646663,0.124779977540189,1.04970945490561,1.42461025277772,0.0348763287614072,0.794658353678877,0.0395192956318764,-0.455406937292121,-0.358971563720822,-0.605013172993651,-0.0654261858701461,0.069833701435865,0.318993674438914,-0.0480256662059405,0.758935862049017,0.616220731594572,-0.354056706321025,0.0324916444849671,0.0302641675345159,1.0,0
386.0,0.0719363724226082,-1.60199934011656,-0.606192804697593,1.59162339012038,-0.364290001770804,0.319968043346834,0.856675850873093,-0.052634164872917,-0.188426452733371,-0.132815948213009,0.918978035405007,0.769187613340424,-0.510227421064135,0.670791499109171,-0.315053859339903,-0.280722052430828,-0.162237708907203,-0.114263577888851,-0.254243782652387,0.959559376061615,0.364078188625154,-0.110441765345205,-0.66905811476641,-0.262152245468434,0.555655582457778,-0.288129534233032,-0.0894999984696457,0.0955839376323862,575.33,0
387.0,1.24802214625491,0.367820580010508,0.0581918442236657,0.933295335208658,0.44392891101968,0.22640328498446,0.115654388449292,-0.0595799808947657,-0.15552782552135,-0.0335058972020726,-0.841198374881748,0.693274034465483,1.61216031677144,0.0148928720926479,1.15516304081406,0.158075958957028,-0.666828626374737,-0.459204352919683,-0.407904061619743,-0.0376502056786067,-0.0753030629635881,-0.0985614579003936,-0.137178076452938,-0.940902889681176,0.645499683869452,-0.334233718545525,0.0442709378579643,0.0158504941934806,10.0,0
388.0,-0.5172340289256,0.599240835886861,2.91395039452798,0.374993547650168,-0.453371116149332,-0.407892851025995,0.653325721218094,-0.33775637799431,0.713252073939464,-0.292509244107919,-0.431166467229459,0.0094479954366507,-0.552711681637888,-0.84370986568436,-0.362611996071858,-0.136814383821547,-0.464019596989057,-0.146809662321123,-0.821349617453528,-0.0748476189775253,-0.0166119507424038,0.394598451919188,-0.151037153104947,0.896231987550405,-0.335150322735697,-0.680062118138546,-0.286108769357526,-0.298699175849144,12.99,0
388.0,0.199489410064961,0.705635828898778,1.39811484954494,1.21964719031253,0.14919613936696,-0.698932329542865,-0.551005698396897,-0.872024284341419,-0.370323732309091,-0.0321756360747781,0.506833953655501,0.949598320402089,0.689685776855467,0.394380415758838,1.41282878812276,-0.521319210332145,0.241034971608002,-0.989513273669933,-0.326511551542897,-0.203632496756978,0.64089036744288,-0.701341254902044,-0.757939044847434,0.639510058497563,0.14769593348835,-0.544985958374293,0.274527786395042,0.280554739870268,9.99,0
389.0,-1.58192672515242,1.75475319932147,0.79600331086958,-0.558083886416149,0.302975096982934,-0.068701426288471,0.77621100323451,-0.0571652178896965,1.0361037204818,1.93116230007206,1.46621983747726,-0.359799505683422,-1.51940137656699,-0.759087602702608,0.791610530372678,0.167180502943201,-0.259399468426646,0.0533812821058606,-0.196618550489993,0.908321869122987,-0.511518027283395,-0.729446154413426,-0.0291766127198173,-0.430327782110841,-0.0120862739740218,0.0803178978717252,0.540106669675406,0.0349341728089792,8.93,0
389.0,1.22847756765483,-1.09794750400302,1.62901262270903,-0.0055502942374186,-1.96986848733993,0.250276440067781,-1.38178175121205,0.174506571853573,0.641161790417973,0.20816966283779,-1.38804281343513,0.927180483740658,0.954275797487492,-1.43666107069615,-1.78821585093985,-2.03894153062528,0.723704772246496,0.589066736913283,-0.108607720670769,-0.412462974260898,-0.526063930591528,-0.566474925729755,0.0459692591689889,0.475350104173765,0.164650364519876,1.06943713030049,0.0277398019635431,0.0266802755239921,29.95,0
391.0,-0.829932199150855,0.430250426288754,1.3037076726496,1.04055937115489,0.822209790945024,0.844830135248345,0.589865274641566,0.0457907435900726,-0.148644570189748,0.310522866846856,0.178932310526362,-0.314635572366816,-1.51005928782656,0.18233120793819,-0.157713526599735,-0.783954373578739,0.0373907611680013,0.242676948994549,1.44209294812507,-0.0588157812103496,-0.0751789705110257,0.0960381661730585,-0.139414587240587,-0.859739201249434,0.121235410228106,-0.204961889048451,-0.292247194199781,-0.0589955070930744,27.7,0
392.0,-2.15349086514568,0.104020929476975,1.45953150222605,-1.61328386562366,-1.07136061911647,0.192161000465908,-0.332747787806063,0.462717462316893,-0.209569473605167,0.237995865802194,-1.6369911449172,-0.145006279441582,1.1946279388561,-1.27675066350071,-1.22884605434653,1.18370927043986,0.201087890011779,-1.32382362567056,0.676053146968067,0.227422001563131,-0.101936789226138,0.0967345142072667,-0.490325274982157,-0.392662347164788,0.608577595433795,-0.338381669720943,-0.352131899441536,-0.422725981644548,82.29,0
393.0,-2.59549971893285,1.31159181560757,1.32308130712122,-1.1278489024485,0.307467369283372,-0.518201824511376,-2.09881663231913,-4.38246895752246,1.72453455583367,0.198679921779162,0.381591794293992,0.780889731957347,-0.247810881747048,0.0469023001974929,2.50139470225836,-1.43212684226367,0.732979440811641,-0.183239271138246,1.07563087678484,-1.14867430422767,3.98038383296976,-0.835844602449599,-1.78632894189546,0.485594402321421,-0.535158060477884,-0.684143186059059,-0.42254203234575,0.0470780379929637,64.04,0
394.0,1.29305346794745,0.457969173071868,-1.94045010818654,0.173148862363531,2.60956976701555,3.01411706933283,-0.269414758067989,0.754420440807174,-0.221009097149639,-0.6207998601217,0.34874843300146,-0.296104948188729,-0.118735702614523,-1.19258200683639,1.27839349886921,0.923267816751005,0.395379379540966,1.0390376966389,-0.252923895786939,0.0250200757274697,-0.121125631554031,-0.427753296365488,-0.15933569505727,0.857134710770907,0.850054898722773,-0.311685062523481,0.0375362125837485,0.0506175099603134,1.0,0
394.0,-0.5530921031205,1.66759064569936,-0.0473574269594697,0.514248893483153,0.58938848841293,-0.635410523415821,1.12661086710293,-0.311882321109803,0.0352471256794793,1.7049360345782,1.11233606632094,0.616777457656085,0.217651194988611,0.0932692285105096,0.051643168058284,-0.471139993118067,-0.700957698042417,0.351665712725556,0.709548657589853,0.577734173436472,-0.0335365480525174,0.687658354930555,-0.0766930858065219,0.014809586609635,-0.5907133824497,-0.482998412639184,0.137717309235364,-0.33491469128215,1.55,0
399.0,1.09166591858634,0.068682113317628,1.23033366935331,2.55447386350124,-0.454168675247679,0.915781114450697,-0.701016276350525,0.39686627469351,0.307570666128222,0.475235006383777,-1.41062484280952,-0.508594100033253,-0.970955817833391,-0.199104864802998,0.110452475179569,0.541795552787058,-0.274024076539205,-0.333302284777495,-0.990731673750615,-0.216637938012207,-0.0984395062267514,-0.178428152355293,0.0072770008369142,-0.504025229023078,0.255974479740064,0.0222133004843743,0.0487144478717552,0.0270567327558067,15.19,0
402.0,-0.160626023844866,-0.0644592715749079,2.53107242920104,-1.32826789668652,-0.970429962152532,0.185030499749121,-0.380184273955408,0.078119056922537,1.77595623371714,-1.24231480332541,-0.364953829901919,0.435456870671237,0.0395015202936356,-0.760588288546284,1.70160412646751,-1.23341666950173,0.497776404087423,0.194699717703905,1.43068504978307,0.130322208087451,0.262123747446068,1.34069624745507,-0.25386003202542,0.178600525071912,-0.491121059669452,0.24497199815904,0.0748290902309209,-0.0699236364318091,0.01,0
403.0,1.23741280400293,0.512364829919811,0.687745559627426,1.69387239409344,-0.236322621630244,-0.650231739782802,0.118066209111006,-0.230545315655817,-0.80852253219465,0.511283784239812,-0.178158848397017,0.762909090947204,1.70092326051437,-0.133860624475992,0.402417753367022,0.684668257160155,-0.609395281881646,-0.704276523095046,-0.720725513423142,-0.0067161988722285,-0.0775430475419849,-0.178219658173706,0.0387221901855188,0.471218149914727,0.289248688110515,0.871803080279644,-0.0668838649601837,0.0129863793094679,0.0,0
403.0,0.699598576350074,-2.63172744643667,0.661576192912175,-0.707253670326897,-2.26099962680857,0.36096949501667,-1.06965631329618,-0.0535441013014186,-0.833646959248589,0.91535473769706,-1.5270990373422,-0.0136690350873917,1.59493394646813,-1.46720874371239,-1.41722830361586,-0.877217761441331,0.893238358364355,0.0356577177015779,0.24835181175894,0.540911869971456,0.0498815697669816,0.0681322563649188,-0.499373165730635,-0.0287426887368141,0.460852497054512,-0.0034031389325785,0.0204486984833574,0.0929938782505066,411.88,0
403.0,1.13154130503628,-0.174361326933011,0.992621499569349,0.600032005318704,-1.02193420532219,-0.644778975272613,-0.428619436868548,-0.032070612607315,0.516317802598357,-0.118985161287334,-0.366030394703643,0.116521247694258,0.0519083537903152,0.0143908407311333,1.42491667851833,0.672573972704233,-0.563922580691629,0.0316975656460402,-0.385113763680896,0.0066188512917274,0.0220683458725804,-0.0311494841173491,0.0228454809156195,0.41459099518237,0.129934943366392,0.387227990992455,-0.016423479187404,0.034254726765817,52.4,0
403.0,1.08521407006336,-0.228463564265964,0.774502959271858,1.37928162180246,-0.469899987791314,0.765730748076357,-0.58928351676857,0.426976105833398,0.865987343506237,-0.0439111759600537,0.285295858848237,0.42766800738677,-1.77633647284021,0.0920208668998883,-1.21016903327547,-0.45290727566386,0.155038459252637,-0.0944292412460365,0.168118711987859,-0.262478353415578,-0.0690346683325572,0.0499948539226027,-0.111814082596419,-0.319641705495341,0.574092030124242,-0.250481686945034,0.0575170698204146,0.0069860768993018,15.0,0
404.0,0.638806340158883,1.77245108934463,-1.74825799978657,1.2976997284863,1.78587161687521,-1.05019683027131,1.48573004478773,-0.780631017632037,0.416991399748066,0.0026899726708996,0.908875094278622,-0.672825141621885,0.372099813313514,-4.40743176489987,1.42805282572098,0.371421868010221,2.56143733945227,1.04281488365209,-0.63563762582167,0.589653865729859,-0.359613478654131,-0.0615404750115266,-0.051427704623812,-0.76473757560563,-0.424181270199494,-0.418629118953875,-0.0032584570460036,-0.541236518907778,0.99,0
405.0,-0.844953413022215,1.39604365398267,1.32580362740992,0.503092092618285,0.0056092120038797,-0.727816054427293,0.692731867388574,0.251971711857882,-1.44276424826119,-0.447368654035531,-0.6431292605134,0.631724158836097,1.56794037345564,0.0449097394057952,-0.504056489508185,1.075011647047,-0.821382487464859,-0.585494759776302,-1.58457995790594,-0.146557731628499,0.0968036325251813,0.0692206037727894,0.0255215719178002,0.450555650719927,-0.402727524691938,0.607588239012183,-0.0910735218360886,0.0809060586127293,27.13,0
406.0,-0.814053958801928,1.53822155691255,1.11568996367136,-0.0516668053669614,0.0923341570300812,-1.0133978787151,0.748850873917274,-0.124813887886896,-0.207406950350359,0.0728417294342756,0.0582845272450801,0.639903034792989,1.42894200092882,-0.830482497203489,0.782317854199766,0.278964105860231,-0.0836263151106963,-0.33330804312115,-0.158428707782224,0.44519893817017,-0.311451578788249,-0.627543768547017,-0.0164685816473858,0.363402524019832,-0.0146310818509394,0.0769141479206171,0.467478413040824,0.228122870012143,1.98,0
406.0,-2.3122265423263,1.95199201064158,-1.60985073229769,3.9979055875468,-0.522187864667764,-1.42654531920595,-2.53738730624579,1.39165724829804,-2.77008927719433,-2.77227214465915,3.20203320709635,-2.89990738849473,-0.595221881324605,-4.28925378244217,0.389724120274487,-1.14074717980657,-2.83005567450437,-0.0168224681808257,0.416955705037907,0.126910559061474,0.517232370861764,-0.0350493686052974,-0.465211076182388,0.320198198514526,0.0445191674731724,0.177839798284401,0.261145002567677,-0.143275874698919,0.0,1
406.0,-1.64500860387508,-2.09079913256286,1.59256683629435,-1.38885259038471,1.7328991922002,-1.63105878064131,-0.922859376135218,0.0138144495343825,1.76077705624325,-1.2701642777003,-1.40105323853284,0.356018139922227,0.191579696372312,-0.473274885943421,0.707895259439591,-0.179083043036391,-0.816905117057215,0.63124654276874,0.309446502210526,0.5642458027703,0.248155008474276,0.415496484030839,0.293293936511936,-0.46342503754589,-0.405175359797423,-0.924103280076778,0.0065856904356842,0.0186830113319059,46.68,0
407.0,-0.918109391824049,0.798542201329816,1.75349409472731,-0.576985397405394,-0.554779915989762,0.11954187207722,1.09615257159939,-0.114590680838874,-0.213291345863124,-0.742606972267996,-0.13874970773793,0.599899040225767,1.2089199802689,-0.381499679272426,0.716385075543292,0.472986514398885,-0.684815917015074,-0.649251557126148,-1.37895089277014,-0.205694727259447,0.0507481240277365,0.201314130927988,0.0235675431130168,0.107428412833476,-0.464465514994126,0.0049384741216479,-0.0680132749556398,0.0938343192626239,146.25,0
408.0,-2.99079154928367,1.93298472472565,0.423524284364003,-2.01992455715591,-0.108641274501956,-0.295710000119124,0.629704647643233,-0.0449910009977073,2.42475579365769,3.33444312136546,1.474485813794,0.121291478195412,-0.929145771989752,-0.929901229214004,0.449338464104508,0.330375654677925,-1.06331777755673,-0.35687498645369,-0.989797666309446,1.29892144158301,-0.572744580195665,-0.325197202046537,0.154297600753857,-0.331512399775064,0.234598736882431,0.760069647390273,0.955376689568882,0.536523980575464,7.3,0
409.0,-0.544922216382672,0.59540735780104,1.81326091159533,-1.34466974101287,0.0168642478293583,-0.601397514780645,0.660875855996979,-0.0589779447179715,0.31703323638724,-0.523190103732805,-0.386483888581409,-0.716843483316052,-1.3072115357074,0.0182659011765499,0.926463708747169,0.282247864334454,-0.427226014456107,-0.67166752550144,-1.03211814194826,-0.0168481675846949,-0.123047851602124,-0.148228099644379,-0.076075470018807,0.0740361888855165,-0.48663318875587,0.724548695587203,0.104294234645305,-0.0551095675150579,0.77,0
409.0,1.24375750419848,-0.777764482893793,1.0168300283625,-0.250545905601579,-1.26855516635586,0.137280396064056,-1.05791922651865,0.0099864118448937,-0.460485868986185,0.624628451355511,-1.14414245334008,0.342357291449495,2.14271002258858,-0.695759495386872,1.36811390550357,-0.466187066237507,-0.809202806378595,1.85516496644528,-1.06053397219218,-0.222613976283978,-0.142454958730576,0.0421344316436996,-0.125057115660979,-0.403784773183919,0.212596287585438,0.619154559961865,0.0355176386999083,0.0413990476152571,72.0,0
410.0,-0.960818700152674,0.0710130174771463,2.60281933663759,-0.99869306098515,-0.383880011575843,-0.208286115073412,0.368938158535082,0.0595136407483677,0.504836275517028,-0.678021319743396,1.05047512024654,1.31612484967149,0.377964606253002,-0.861676968779237,-1.75580529833207,0.097838076187801,-0.4651699009842,-0.224919085009194,-0.0197062093199049,0.315315447416209,-0.13682682244554,-0.0813335069826737,-0.016162266594744,0.605342437117432,-0.12175945402901,0.736684428025349,0.0771085656054282,-0.069752043247462,56.09,0
410.0,-1.08613338221984,-0.704547684480861,2.32902144681757,-0.885715003172822,0.617676502530141,0.478894181684868,-0.267414204115627,0.354041934463239,0.55899942042092,-0.788077564086717,1.23745212113615,1.36027263897733,0.170853648895912,-0.697620980945394,-1.20392358591449,-0.465259958557472,0.0559944971886973,-1.00234955668196,-0.565231849826296,0.188552303048325,0.0211190160761835,0.213191885265638,0.186858111994988,-0.207543079425841,-0.701079923979085,0.737603265923967,-0.0932687124078762,-0.0853723639347092,39.77,0
410.0,-0.355220827297771,1.15588175408278,1.31186501269808,0.061944507535197,0.114206664404715,-0.990219829569697,0.728194679161705,-0.105630282057194,-0.486183263843158,-0.525351236100663,-0.105192897598093,0.254165455924902,0.739546366488635,-0.552004756694523,0.826427401551615,0.352044439679157,-0.0261405499203457,-0.215280012898606,-0.0947097371562186,0.155327645679313,-0.255802994043842,-0.639619013199445,-0.0226755560602618,0.351456337538853,-0.139463856817904,0.0698523114570141,0.249579983043644,0.0999878935975025,0.89,0
411.0,-0.566531106380148,-0.0577281622017017,-0.825120878673073,-1.04022190886835,1.05972821494683,3.8112743159787,0.0660482665495708,1.28020359364743,-0.504435114777848,-0.673689840057577,-0.315523237524185,-0.168854562266581,0.228238621233444,0.473810192163448,1.47809592287468,0.629533153326375,-0.52669683404688,0.537550531573007,0.9194967441274,0.560386340960108,0.20887522050358,-0.0461952159185676,0.567673025158095,1.03925255070816,-0.371477172126372,0.99704261390251,-0.198836529963069,-0.0190472250099785,235.7,0
411.0,0.238849265006397,0.241701891642487,0.369160517114791,-2.12404122740141,-0.172507581507829,-0.838344862229908,0.183133472976724,-0.921449249946025,0.517945477228418,-1.21503784918733,1.92025650039634,1.44127412040446,-0.222390940908257,0.769624357692187,0.665069188986957,-0.776718204254204,-0.0366601687075306,-0.352461245226436,0.241211828520132,-0.268390116771408,0.846543762084254,0.0473652477986407,-0.162209811997851,0.284052803325962,0.77300432187726,-0.0348584762343811,0.153185472922438,0.207923528481533,10.0,0
413.0,-1.07565217464198,1.10123299068043,0.579164114164429,-0.459366283954422,0.600010666231119,0.16092650859804,0.573487885331443,0.274772969056574,-0.581368052835485,0.121710639859621,0.189099243570419,0.888804485137718,1.48996083430835,0.0648276514309272,0.0786775106180588,0.687699052832305,-1.15690063450525,0.62039466011034,0.704515543417976,0.372269475300263,-0.0749543955960365,-0.0162176548080951,-0.267397471432668,-0.982177376357652,-0.0092944113346322,0.266081185608278,0.15842127314384,-0.0591677893317687,40.0,0
413.0,1.14659355737236,-0.353208345904631,0.834120226104315,0.708139103342928,-0.749013999346299,0.189675737768416,-0.593212495815727,0.126902359231093,1.01571810751357,-0.255134281994344,-1.51988151351897,0.0492165727882124,-0.0188804470845194,-0.402828328136783,0.291387222268063,0.424361090947619,-0.465593220673385,0.0748987524692457,0.261902539844675,0.0116189838670476,-0.120062430337812,-0.268421814589503,-0.112320060056487,-0.410469997086588,0.341273391976388,0.36400638021799,0.0051749885601283,0.0268101390594752,57.5,0
413.0,-1.5812218278555,0.391512135219577,1.91633286476524,-0.0878400735624624,-0.421409692344155,0.270446936682854,-0.135965748397809,0.231828286082007,0.377200638682895,0.381819763194186,1.30581334641608,0.201177186040663,-0.76197769749017,-0.0671300482110308,0.946419994142512,0.524254248318296,-0.577973504767889,0.417429540444428,-0.320499296986376,-0.335264168894717,0.142556764375774,0.621812469397636,0.213052624989221,0.0188591220887561,-0.305393002888594,0.300156291267234,-0.287680625059008,0.185401813413612,30.0,0
414.0,-0.376162266419157,0.460564985062957,1.68627299235483,1.30037893036191,0.192392512154773,0.205984515312519,0.554366790133319,0.0959769868673711,-0.210761006154227,0.143518093947309,0.9691525478074,-0.299821115493739,-2.40107774611335,0.480956260501747,-0.247237244720326,-1.05883837206655,0.470259235343356,9.21645066884655e-05,0.977225970138086,0.0105206065443135,0.030857720821339,0.301531822251654,-0.0728669846824214,0.17856245414766,-0.344147632907818,-0.301680945731824,-7.10606783089068e-05,-0.0832022275503161,29.99,0
414.0,-1.04306772577729,1.04458176181587,0.292185902699667,-2.37853568102341,-0.189793273353959,-0.920525525533383,0.178721701942985,-0.384094633683403,0.237234385785815,-1.3369199851408,1.64887907339623,1.41735005355045,-0.176129795927343,0.924562871708438,0.484002834098242,-0.783687362234964,0.167370222476487,-0.161785186161552,0.447245262547784,-0.25652884480436,0.934063858602581,0.31638936238425,-0.004709299752118,0.268737905596187,-0.177186065474434,-0.126935637747705,0.290258851603389,0.12752995682491,1.0,0
415.0,-0.68715782736797,0.886271167447385,1.80507701364573,1.33774152018006,1.02712589477601,-0.517470017821758,1.09107075969132,-0.154526377731959,-1.51099408057745,0.415641812431348,1.11193734406997,0.469677319113631,-0.0331586797096288,0.241555372670677,-1.00820298642622,0.913401027245336,-1.20357360156126,-0.274804001172435,-1.01458508761498,0.0219801569210006,-0.330226302222018,-1.11693445720356,0.212042449841368,0.224770487235721,-0.648440632122238,-0.757446555459322,-0.0852937407658937,-0.0670736193002214,24.02,0
417.0,-0.473730524697735,0.697340216703824,2.27959950744856,1.3598750859262,0.342429159666574,1.39288563285746,0.289971173300265,0.170677021448098,0.578965557156412,-0.27689289944125,-1.57749463481409,1.00916469350986,1.30396410153532,-1.35059229463438,-1.41553373181278,-1.55708136048417,0.672507644831282,-0.993821894844362,1.60872103162325,0.330992724984965,-0.462424905317963,-0.486809845024312,-0.235666652987216,-0.726568109145409,0.0859813287766956,-0.351095429068814,0.289066759789876,-0.0430295645509429,8.61,0
417.0,-2.68034780829134,1.8720519522976,1.14471175209236,-0.693663602134341,0.155171669307832,0.601324581968266,0.904200895919867,-0.520078914237286,3.0130651089285,3.55569454835195,-0.900036654090323,-0.527338232161822,-0.287792125162688,-2.01132660397825,0.485905616735781,-0.710475502684048,-0.637226751871702,-0.433060050855741,-0.21887651674513,1.48387668523517,-0.459591663052924,0.485420984240349,-0.365436576207715,-0.744117582553687,0.328654644396806,0.457695263213135,0.566152474798655,0.16824103997553,29.99,0
417.0,-0.79199307524803,1.05400661494178,-0.110012027991852,-1.23418578034555,2.75135491291703,3.44306387901596,0.0553133974642393,-0.105660372611344,-0.306074407370305,-0.0942304692188463,0.0536378678267295,-0.39176844969829,-0.139360354140651,-0.446063692455633,1.11375532512806,0.585026640557982,-0.514388811613468,0.322606912904442,0.339455052753018,0.111574714008779,0.42508797725803,-1.17882868863875,-0.0321542685859103,0.928393779542088,-0.128565932162755,0.046299140483604,0.0697448348947536,-0.0376208394238825,0.89,0
421.0,1.16691290807975,-0.0233668518884573,0.624394004875899,0.781790993649936,-0.655556508989849,-0.5166136735126,-0.158570236140539,0.0336481156666535,0.287207003881262,-0.0079556332279578,1.10844805107703,0.888833104646993,-0.799166110364834,0.268056441366093,-0.855117912580428,-0.114936110340486,-0.107878795627875,-0.205175062200339,0.434435323296455,-0.148654803290909,-0.1720500735366,-0.390215267613394,0.0302333120963621,0.562816174832779,0.373739790782639,0.240428079600344,-0.0308385171052438,0.0041492269077442,10.69,0
421.0,-1.39777562374894,0.004572569302152,2.52896428080822,0.648278911369353,-0.196625104125991,0.163190055877894,-0.278296480034698,0.366045314435468,0.435493137715979,-0.308059552682344,-0.678178024670437,-0.219642484659198,-0.643433497627554,-0.383810871974761,0.814037990149403,-0.471959691344011,0.419924740445821,-0.334457894445068,0.524410362470818,0.0564814797468524,-0.087222239496739,0.150044318848738,0.322305581494564,0.0917532315513788,0.171955496037972,0.509403385363302,0.266857697761731,0.0942956072261646,12.41,0
421.0,1.12178508696274,0.206367287574462,0.529086016481607,1.31822878290779,-0.161514780513265,0.0240668120161564,-0.0205033565180587,0.103401334974217,-0.0234107340656778,0.0393508968289617,1.39199302267646,1.4326791092129,0.0223320503645838,0.21835825299312,-0.841327900557793,-0.60066297723239,0.0715385874912508,-0.585419895439188,-0.154840582164946,-0.183744710876385,-0.0378969312638992,0.121195339102601,-0.0466225495169006,0.239375996423417,0.617559530625112,-0.342429486286488,0.0396179497126227,0.0071072203042797,1.0,0
422.0,-0.79274825180672,-0.554385046852982,1.69854439155455,-3.77403910586597,0.0051289852430055,-0.353166296038562,0.362088896605632,0.0449609637997439,1.9683882298465,-2.24579757016503,1.03487272391723,1.43398760122697,-0.0471051167195258,-0.383137264343693,-0.04707484394627,-0.410725670138207,-0.87254767800823,0.520402036648744,-0.534329522626478,-0.0039593808607093,0.325067431055646,1.1559210608887,-0.17194132906601,-0.268315351608547,0.0052609252306791,-1.02147049988286,0.0148056878117983,-0.0777889785233873,60.92,0
423.0,1.17484581369606,-0.0971048395146796,-0.361082797511909,0.914490346277142,0.59457102917051,1.10666414925352,-0.114835383616439,0.30764985448388,0.347845733632019,0.0697572255096857,-0.609834672347951,-0.0596156835803882,-1.24226019773986,0.432566818918192,-0.518048386153469,0.0438409286883001,-0.537445238685024,0.251097123803053,0.570590285537752,-0.138106425800052,-0.157769450976664,-0.388798487373407,-0.303408408419701,-1.73728757076032,0.805329461686686,-0.221754615401071,0.0185579192184893,-0.0085699091519114,43.34,0
423.0,1.16112336057547,0.654049831616001,0.211965676348897,2.52186446397779,0.156581564085664,-0.583460519780283,0.442846698796808,-0.120914394154665,-0.959400586057866,0.715869480857622,-0.155990225685096,-0.354074282297562,-0.917180464036297,0.727635501960693,0.52175801336968,-0.0213601187551096,-0.0335095245516657,-0.958702429153332,-1.3634505552783,-0.258545519189941,0.0252782314915695,0.046085116146857,-0.0257893039888208,0.377011772924985,0.585969721876054,0.0808679822342739,-0.0281482579588142,0.008323383136401,3.75,0
425.0,-0.36705818602522,1.03585124287872,1.10806449213699,-0.0654585029856475,0.366305901715767,-0.322658466929603,0.596340238828212,0.109671602287045,-0.318671088731186,-0.543920664820711,-0.373580023963835,-0.304509057718972,-0.200768918332514,-0.349963398970597,1.21217770431924,0.211685136866427,0.177026861511673,-0.425454609785107,-0.311541956782501,0.0739499151573731,-0.262880962524484,-0.671306968983685,-0.0225866386264919,-0.347484866052458,-0.197109968964003,0.125082546315128,0.258795722729267,0.0906892415130344,3.59,0
426.0,-1.93205540371232,1.72461780176378,1.28822881142765,-0.396997995213887,-0.140202424316537,2.47052082570381,-1.86529822066808,-5.18685485771027,0.79476354237478,0.155379390635381,0.0345173169570061,0.906737901095801,-0.0271717763506107,-0.404303277477776,-0.473949407683883,0.274034093000964,-0.222340225774832,0.416883166963647,0.363446064493055,-1.10865819105523,5.27342004756246,-1.68199744837567,0.526024517545925,-1.20717867391961,-0.0173687827469741,0.376704272786421,0.139676264525891,-0.164094108263199,16.19,0
426.0,-0.424126020366472,0.943261996843593,1.13335382744109,-0.166337790141043,0.387243438041845,-0.0303816157668261,0.466044813051075,0.275040959139953,-0.527931831544342,-0.364996705031302,1.29431562742138,0.212521564129353,-0.633655364175992,-0.0824183740343253,0.547718126158906,0.415066880947365,-0.0425967783127654,0.102803552556128,-0.0316987837002782,0.0685512468264809,-0.211157825164895,-0.582126077193354,-0.0212269121327936,-0.379103827161142,-0.241854062765594,0.106795711431582,0.251810939592035,0.080462096684779,4.95,0
427.0,-0.847311956395441,0.854261494950731,0.338816153280182,0.890136673955179,0.80475146617643,1.16550135119116,-0.0814080108607126,0.879014031436253,-0.39473711171654,-0.111114117475404,-0.841302647105873,-0.240613257261637,-1.17018120052731,0.699976844698795,-0.24277951148982,-0.336723181734148,-0.0002983334930684,0.583674238080935,1.66411717523621,0.0819043420612502,-0.0466901924880719,-0.0753008818313266,-0.308479050456568,-1.73313673294428,0.0870362339925439,-0.129208942439388,0.294333957147416,0.0711980991774388,11.36,0
427.0,-0.856567135357546,0.842155881785836,1.71667685063596,-0.0161776139167461,1.05448580708667,-0.440337634980447,1.46357368106055,-0.378756840632728,-0.728543989505536,0.0421315513894033,1.47173321611908,-0.206399494277253,-1.69050070633579,0.476756135715586,-0.136423982758873,-0.31836495253514,-0.551950933264715,-0.188745625876862,-0.857467542332655,-0.101960460542378,0.0490319940575061,0.29774076396991,-0.456501519573342,0.197724180654279,0.610523208471402,-0.420531463131528,-0.458258405011473,-0.381306158549018,12.98,0
427.0,0.173200432066893,-1.82334605633731,0.307208485073906,1.34269066716454,-1.35811071835025,-0.13694369371045,0.355662814534786,-0.159310859074556,0.854919118424459,-0.581898524775061,-0.898873062622041,0.847338394441346,0.407891310254812,-0.449137192407262,-0.873602374115997,-0.431307453048394,0.249964708713826,-0.582009346017632,0.188219469620624,0.986324948413476,0.182255068881166,-0.327555420476004,-0.536358775337424,0.507572678791826,0.331852850262196,0.469279934128065,-0.102721494582232,0.106900915235956,539.17,0
427.0,0.823787878094626,-0.902937869663281,0.107280277565562,0.384450768706164,-0.790004776534983,-0.431548625352787,0.11444684389768,-0.124467348000066,0.706185472686806,-0.384983591642469,-1.13125379211159,0.0009498185787591,-0.488193048777536,-0.0022130752665433,0.0323726883798963,0.0367733548893916,-0.054470416203546,-0.587653422302432,0.538507234856457,0.380668620311626,-0.203972475445674,-0.995557780498032,-0.173508760283137,-0.0632000344573515,0.180528534483645,0.848548452638815,-0.115665773792179,0.041673606558984,246.96,0
427.0,1.03107626224942,-0.45523299223766,1.56188449130624,1.56247853472831,-0.930127019563563,1.40787753385868,-1.14856327671676,0.626702330029719,1.46547994515549,-0.245997989205042,0.0966038756055349,1.19562969931102,-0.7688749958127,-0.728777169552417,-2.02792763163268,-0.554018199053438,0.283586474241672,-0.121894808446609,0.295542908989298,-0.211591353858796,-0.0804143589051935,0.240504443844683,-0.0878261244179269,-0.275648307325644,0.470777617608566,-0.244789345259783,0.111875400142171,0.0198055490440139,10.0,0
430.0,-1.86025769215298,-0.629858920058775,0.96657044776229,0.844632076311716,0.759982662401822,-1.48117290348222,-0.509681452204136,0.540722084608081,-0.733623387939623,-0.371621504466433,0.859741162489679,0.37260884000575,-1.24018476590577,0.998391328880186,-0.34638712534557,-0.391678582539051,0.348289432299279,0.28212476552472,1.16589316534464,0.32044962522685,0.268027795908505,0.125515236056546,-0.225028535424017,0.586664442562558,-0.0315980821137267,0.570168024306224,-0.0430074855159307,-0.223739479525245,0.0,0
430.0,-1.64724774569841,1.62704614238629,0.828098227459411,-1.19270849979097,-1.21839373364551,-1.54797848455801,-0.0630646130168105,0.635640649493171,0.564944972872908,0.0524232131018783,-0.250582869020942,0.0202299537065098,-0.763352979055005,0.314848221751476,0.556575000216993,0.62699653941434,-0.248345465748308,-0.452638235875796,-1.05311129794944,0.179014464580774,-0.136867795338116,-0.285385510272601,0.149182494267497,0.924094790529905,-0.176509162677846,0.682286629692607,0.0725081988089877,-0.0950674175008824,2.31,0
430.0,1.33128233083719,-0.460775040723178,0.201621104233636,-0.582847532638529,-0.815357669994095,-0.863856547364628,-0.272425285266449,-0.228813916322538,-1.19478886587898,0.710580256835083,1.57159652433875,0.833851265793292,0.952134809577762,-0.198454513257892,-1.06282911398297,0.61313679592871,0.38539320082305,-1.36258149159804,1.01342323644706,0.15720463705474,0.239531789651311,0.718030220047391,-0.181652195032958,0.61756142360122,0.760130741418993,-0.100634809721231,-0.0094691631201754,0.0014068031736129,30.0,0
432.0,-2.14916431209815,0.128061810229598,-0.155948824275652,-0.0509802918521152,-0.646230553080938,-1.02798641704349,0.499062300150285,0.76907833948022,-0.479644352236651,-0.711914587503728,0.570784264587791,0.519426681513064,-1.28206366378901,1.08284437633676,-1.26265152826577,0.346261267525889,-0.121678746198859,0.148746108091318,-0.253664942510101,-0.348887167284126,0.154949845925977,0.370654754528035,0.52034729543031,0.555704830093844,-0.318997226200414,0.274310028417382,0.184558858517613,-0.296835580458097,102.13,0
432.0,-0.75170995325103,1.19840953029378,1.28742143560471,-0.384763066128562,0.0904261567382675,-0.406865037088977,0.556739504263393,-1.9795924480539,-0.517511985773092,-0.187272938924485,0.368932551420266,0.428892433264831,0.574490060844518,0.0830434573687624,1.19724263207376,-0.860634526503768,0.460705714892142,-1.01752372092835,0.491529501959874,-0.198500354781407,1.53449751537084,-0.203298890826036,0.0374784776124364,0.474355446093582,-0.252581569726936,1.09039819517886,-0.0409712731261151,-0.117358973971096,22.03,0
433.0,-0.579830913552082,0.885570270617495,0.73011083288394,0.756646787547795,0.636427471335468,-0.455796708036518,0.82537140514452,-0.18867795007292,-0.873479110628955,0.230434490195465,0.987815811489618,0.806197025721272,0.571751967697287,0.423297097463153,0.122798031674078,-0.194667421845834,-0.566777269975005,0.475025433369931,0.917322067126882,-0.0348642667637787,0.178555191245293,0.511952381563984,-0.129812901094006,0.0319724539100479,-0.460444846783013,-0.435318665515021,-0.0730636244825746,0.246336305822464,34.27,0
433.0,-0.599758603917243,1.38310719147002,2.38126097550013,2.68618346715007,0.317046870553134,0.801453201887532,0.591630122180482,0.0002853565925806,-1.2590877013173,1.07990330082381,0.815402135718456,0.73749633563268,0.850838950968536,-0.390576719296781,-0.577268174407563,-0.330645230688856,-0.110746786057746,0.139604955522736,1.65532191669395,0.41555873168517,-0.268742787684606,-0.388862765686255,-0.273141128354402,0.0069953143052133,0.144277050823341,0.0810817804859477,0.0411991659722823,-0.0812645446301407,5.31,0
434.0,-0.679292516376208,1.12083709270351,1.31939419830188,1.24982671561708,1.14778623152507,-0.086534157696287,1.00143570313602,-0.0397520218993301,-1.37449674298139,0.0128740291760037,-1.62708626618207,-0.498173772726061,0.539217436315413,0.0577680840126235,-0.153201654983355,0.992143289635796,-1.21235531446267,0.0997742226842459,-1.11099839548213,-0.0111407993525106,0.0675208400013839,0.0301124168396174,-0.29695379235294,-0.619849585874601,0.282799352349897,-0.059403790583127,0.048695127049257,0.109199770651984,25.03,0
436.0,-0.850529094975521,0.963376438803407,1.65445291198399,-0.592041267174892,0.534175224551489,-0.138949773553398,0.939026908619673,-0.0964052760626285,-0.246999585819386,-0.943910193237481,-1.44869840661434,0.442161299704593,1.04769452851687,-0.529840328864696,-0.914963304355531,0.0989487627647462,-0.605293695791151,-0.502668143504919,-0.0868566340040169,-0.0483796115203602,-0.210380992458464,-0.516509858993641,-0.400127241422275,-0.406340101657552,0.621243757622779,0.201346627158762,-0.135414591003599,0.046319665803207,15.8,0
438.0,1.49157444507907,-1.08827774578249,0.552852185683537,-1.28987581402804,-1.3911751964492,-0.101768023435742,-1.15664300430175,-0.0230635565138028,-1.70601176014174,1.41957718046288,0.625897342457765,0.472241371564773,1.26293974106323,-0.77693760701487,-1.5932258431788,-0.735048174778916,0.55489609800527,0.20306388976264,0.558620125146135,-0.294561898487213,-0.224230675924601,0.0086108006296698,-0.0907429742158667,0.0451209717941793,0.593903444238596,-0.100271293960137,0.0521030802721503,0.0045373896477014,2.0,0
438.0,1.28708679615122,-0.392364104516818,0.513359803877633,-1.23732191526381,-0.402555693452145,0.474908018518485,-0.793082016855567,0.146590332864756,1.67634214926718,-1.08998115355738,-1.05332965614475,0.913000340001718,1.74155209665714,-0.41863736420928,2.45109141968899,0.102132451481791,-0.824644921902987,0.58823897008389,0.278219130577292,0.0157370014781305,0.220590211202745,0.90136048017628,-0.276483933755331,-1.24999702156587,0.646934732794353,-0.440129993735316,0.127178484237913,0.0272241886153642,8.49,0
439.0,-0.142561597113504,0.995908030734381,1.34894876282562,0.651921500985628,0.402290102467522,-0.141451961918243,0.735365880761997,-0.182280961960171,-0.552171795689291,0.377373819330339,1.08058771260551,0.913908498911569,1.02362615935063,-0.0428317667138452,0.300918248726142,-0.0752651792507533,-0.794749346104022,0.78658113191291,0.660981482526107,0.273829852540457,0.259457174803641,1.16083333653298,-0.260795035840174,0.0518299957004143,-0.405058237011047,-0.2736718551358,0.304348589912949,0.0237586176015081,3.67,0
439.0,1.25877773894767,-0.0593127600677721,0.314051844892437,-0.111066733043089,-0.503006121388045,-0.704088584588608,-0.156473113141336,-0.0515437181463908,0.369291886911099,-0.210175903547716,-0.133846325127583,-0.131048187632445,-0.720066615119355,0.423255175106096,1.47594172661015,0.0009624888776946,0.0204284594563534,-0.848828047832086,-0.281283414331617,-0.156057414582044,-0.0927300122104742,-0.249495726071198,0.086933660868967,0.124847580016601,0.141428627657902,0.992693407087903,-0.0722555258201548,-0.0017425162439578,0.77,0
441.0,-0.421335649528035,0.845373439556006,-0.180052640463827,-1.19407718352496,2.73780040075269,3.29311432865488,0.375298828691969,0.660923509855835,-0.319588089523018,-0.128709363978593,0.0416192016571357,-0.436775846064891,-0.108979575394097,-0.467947207796889,1.08460123335035,0.58354264713888,-0.600490434044594,0.313820307406833,0.321886397319689,0.278626156879446,-0.309462384540565,-0.83605068415598,-0.0538050282567124,0.940154623769959,-0.39577410725703,-0.0062564526166969,0.0603710283627777,-0.0138970077662213,9.27,0
441.0,-0.565328982282065,-0.0614204119938318,2.19793382358869,-1.95879510739463,-0.0485292045725364,0.748807724842864,0.29658803970225,-0.149943151349198,1.20992853922632,-0.91110781353717,0.960782372871789,0.838668991026907,0.397781606695368,-0.64107896734274,1.21325376027726,-0.836389659937142,-0.286264199236861,0.664773411566751,1.8203906050689,0.247161661845832,0.104992999536248,0.885524550219945,-0.548767037197139,-0.711467267591566,0.267146639426234,0.242159826008744,-0.30674217143447,-0.410484170125053,50.0,0
442.0,-0.627616604495226,0.841973755027358,0.840727940862383,-1.3510592913171,0.182650197575112,-0.484541136270751,0.465109911178845,0.181787935417917,-0.0740162340130387,-0.774766938414465,-0.766203498327102,-0.093228402791574,-0.0214429386697642,0.156260711499015,0.677262208562659,0.382874055057793,-0.470945218140077,-0.710725214167326,-0.847331911744891,-0.215993808477303,-0.0226541824579741,-0.101469262733225,-0.083594161006231,-0.387957908525905,-0.298916136186525,0.771189614130655,-0.46711272706113,-0.271084429599719,2.23,0
442.0,-0.753360379358863,0.547357464500122,0.632549898801302,-1.72827950525102,0.937092114124674,-1.06511096169155,1.51159605772723,-0.279074252105269,-0.591726950323525,-1.13287004724491,-1.17986750770817,0.0869233491178351,0.617976647643693,0.102907425997916,-0.502361524244639,0.794452668302373,-1.16466485744951,-0.795370991483205,-1.00445797758904,0.0328882404358943,-0.266659524597456,-1.073148848041,0.092292015404732,-0.437549392711988,-0.146386702096257,0.387433541481734,-0.0615054025926567,0.110388388640696,77.98,0
443.0,-0.644711516651569,0.662711242694668,1.4889309279997,1.29935282345236,0.091519044562648,0.195377107588122,0.46980505582915,0.298435643199528,-0.419327881520502,0.0745616504611916,1.08580830475897,0.382069663369228,-1.26778258922516,0.436118867742119,-0.380324823946213,-1.03324050193977,0.511542983211167,-0.109313135738431,0.934780339842625,0.198551247296208,0.0542756607635519,0.326933084154839,-0.0081616447852275,0.203423703227809,-0.159352493367388,-0.25092787308845,0.400739683250037,0.199969777960599,46.77,0
444.0,0.548588124513562,-1.10639432330333,-0.650881100039518,0.572799288488412,-0.14800405837969,0.0559807227045361,0.551553049387375,-0.133969888356215,-0.204957385921429,-0.0368527311345614,0.326795193188514,0.47019301989661,0.202573084059416,0.557297780503305,0.3743047249857,0.721662365744488,-1.01509008866713,0.630461329048984,0.402817416960795,0.74284883630424,0.212745142029731,-0.279628093351497,-0.568728866849293,-0.779206875689113,0.507367081700036,0.41056887662205,-0.121733927218695,0.0560377784207056,399.07,0
446.0,-1.14610283642122,1.35027369114544,0.907209139242784,-0.0406815698489461,-0.242920133366154,-1.09985870895575,0.579042122974566,0.0456189939762408,0.460784207620684,0.470424805748224,-0.441126779448263,-1.00229937203689,-1.65997677275227,-0.291488591808501,1.15041725084034,0.418426911298373,0.0771755696974668,0.0314481077502175,-0.158770182534448,0.331215628709663,-0.396946750796054,-0.895759265551362,0.0996858601986445,0.27564259434962,-0.0452172113172167,0.0958490245263915,0.563119357949773,0.307944726185039,17.99,0
446.0,1.06331713559004,-0.795950552345143,1.26875871897622,0.646969512881566,-1.4208862314789,0.43847616459851,-1.10465282666223,0.370816661875466,-0.492432436841059,0.848072167267355,1.0158047193262,0.33188496434189,-0.849556126327607,0.0839973475289108,0.0818609614303332,-1.30121572768547,0.0098841535581974,1.50568852182752,-1.31917311471195,-0.520121074183677,-0.272118838506566,-0.35698556684829,0.093598868902639,0.157000596644004,0.082894974927425,-0.399380832565738,0.0874018970972342,0.0394214013374236,64.0,0
448.0,-0.242497088483831,0.8911700096941,1.16478654597688,1.02539184542511,0.729122670898602,0.663500951479102,0.760559816450618,-0.0045314928791493,0.0373702543430302,0.128624435218084,-1.56709036713288,-0.687600989254287,-0.794311644155351,-0.0958789497879467,0.407225740680564,-0.972315191758398,0.205304917575509,-0.281837061387015,1.11156528907122,0.189784755953742,-0.161343131428187,0.0472551827794205,-0.30269507565931,-0.931315322129661,-0.00861124065438,-0.18711092126572,0.259245653037243,-0.0306352527922709,11.99,0
449.0,-0.856525101377417,0.583290075527855,1.38901377414248,-0.344699052057453,0.267594320844165,-0.951375413089654,0.523116935256967,-0.0492293326003428,-0.0769440174650311,-0.405757624202432,-0.161189306315239,-0.225299018138303,-0.912194068804876,0.300952260685877,0.654658694082578,0.107401491443763,-0.281286183125553,-0.889231511629654,-1.18494129721135,-0.330847382628394,-0.0569113571124289,-0.309940138933274,0.167010356469439,0.359246439064388,-0.969651014322478,-0.185793257530699,-0.136897051593488,0.233671761874686,10.2,0
450.0,1.21689071243031,-0.73567103666605,0.236358303233975,-0.579814425218451,-1.17860390052311,-0.930514020712073,-0.386017987928008,-0.120916759673168,-1.08175857905728,0.86188386481977,1.2262866688581,0.108625444565157,-0.709684290108518,0.555629175225063,0.237259096583265,-1.14288514943107,-0.138678040610225,1.42446971823065,-0.561540430050687,-0.392379710104738,-0.291514096918019,-0.586820189051971,0.0092801507503945,0.557000497759626,0.163172876743445,1.0057736540432,-0.0878480839013611,0.0065040990938888,75.65,0
452.0,-0.693682516544372,-0.16627169079613,2.0362807867487,-2.22770831551657,-0.186089943007491,0.885565596639486,-0.11383574544668,0.16588228210695,-0.889372320926785,0.278742004250129,0.256235484809038,-1.26864952702269,-0.846928104736864,-0.471542309724487,0.335876592085313,1.84512311147349,-0.609403704526691,-0.231780918719144,0.115881372190147,0.0841187429273755,0.376480312401073,1.0483572279704,-0.544973558526657,-1.14376926846264,0.419313066502591,-0.0846545099146837,-0.212911860180963,-0.20041034507908,49.98,0
453.0,1.07220548109111,-0.253477795420233,0.802396579201793,0.379596205361075,-0.936342943655816,-0.760366047937334,-0.214656567875647,-0.132001106974942,0.390459763689138,-0.228890578923422,-0.18638382527203,0.52191419578791,0.715925311150785,-0.0404602498750636,1.3252135489564,0.534587007917051,-0.524414677942986,-0.227067511173412,-0.222792972987941,0.137672054808286,-0.0367849723653787,-0.270993864203894,0.0188311779504457,0.438929542526446,0.099047594496234,0.435283167879087,-0.0369793158053752,0.0388346849914631,92.91,0
454.0,-3.13389129377515,2.88739423570429,2.17868973259279,-1.57653465717616,1.43450997142197,-0.687312659974319,3.8160563906896,-3.4169150968295,5.45927435788742,8.82175647014444,1.55804895975,-1.13860135675492,0.0101429679459419,-4.64430820540869,1.58455970793957,-1.56450826194455,-2.27604130671576,-1.14767953122384,-0.46440865967774,3.58562779597622,-1.65961047918065,-0.498517565484305,-0.476667638896004,0.302196385041997,0.299992713618312,-0.359154856578884,-0.958818038241794,-2.73562276188392,9.65,0
455.0,1.17916217258142,0.205327100247699,0.704970594443774,0.697812464033206,-0.56614130507274,-0.830944298517396,-0.0138239237237704,-0.0931483781153236,0.0261885754504886,-0.106550027313358,0.457637827139962,0.555107408742671,0.0607470173109152,0.327746349937295,1.2603563117565,-0.138325278232524,0.0570511610195986,-1.14765013221349,-0.677127621620724,-0.150950669508685,-0.196311622666365,-0.54361454168273,0.233358606961083,0.597346018256289,0.068705698877999,0.0917252634870702,-0.0128344380141244,0.0207376106589525,1.98,0
457.0,-0.469790195539992,-0.0097234877681757,1.75907899377535,-0.0865062158051818,-0.508939660493299,0.757607214036278,0.256744325950361,0.208422032501846,0.414208247671206,-0.851158935701378,-1.04164473467123,0.629804462760451,1.0242269477281,-0.774699790740766,-0.011694152724194,-0.64946931590991,0.400604848953616,-0.713164890276541,1.08428939849652,0.367977335636358,-0.0303727445786765,0.0501214571474896,0.24868324376921,-0.373362041405965,-0.725709099800646,0.992874209455269,0.106657607088804,0.160211425071084,121.48,0
457.0,-0.942972865599481,1.81257471109018,2.11275406531462,2.21179055445223,-0.0675649278157964,-0.614475548903287,0.77553339389929,-0.0782989472854936,-1.27669004783076,0.939465827463876,0.0833594784665856,0.227234265813188,0.785360667400993,-0.0400839413722761,0.634050629509085,0.157938998406611,-0.240901459560192,-0.522261219143937,-0.329442623821631,0.295910351081799,-0.181811665053326,-0.441114489788772,0.0044975036464019,0.881531874810196,-0.169524570513516,-0.213305191230233,0.313371275199643,0.246707316551278,2.72,0
458.0,1.21709239210288,-0.185347264717343,-0.343000889810164,0.0873593067726766,1.58435582769107,3.84989652572287,-1.11215356157036,1.03726762267609,0.356591772938208,0.0566614054051355,-0.222468703781316,0.0443517556893524,0.195018439726083,0.0740105273132897,1.58730764936381,1.00870285096143,-1.21490522258302,0.796282988332294,-0.344376814140859,0.0242281657723989,0.0706830088538904,0.0838224145305406,-0.0552555285861603,0.995397593799631,0.502062380350621,-0.33205474796892,0.065467667136058,0.0354057800752135,13.0,0
459.0,1.29415733715712,1.13208424900418,-2.14860513805657,1.23003107188966,1.44789413413858,-0.767675509421793,0.575634925970774,-0.0944752767224908,-0.454617145842735,-1.34921538770854,1.14580717923973,-0.796739007284486,-1.0501661540026,-3.05023520291217,0.584743490498994,1.67118605552816,2.03240780644421,2.39442907794794,-0.0389141976803955,-0.0461942438931861,-0.257463477397592,-0.726439532738819,-0.374827803622931,-1.35899447786806,0.968891686108333,-0.225583933426503,0.0270842763359263,0.0713223111705816,2.99,0
459.0,-0.528217504778877,0.981231846386665,1.6529880537617,-0.150715086881965,0.137047986925298,-0.203980367637953,0.583369653674636,0.16524639020934,-0.781696163028633,-0.211147388234523,1.82477182443679,1.17157436160694,0.607026344205782,0.237985709192966,0.306871732892064,0.0099623412464772,-0.332372932563785,-0.458194108838771,-0.137627144521662,0.127768328729222,-0.123569168149109,-0.272730915593521,0.0238866347332363,0.223935517009938,-0.29777697912304,0.0683001764849428,0.281018331265725,0.11155700970708,6.99,0
460.0,-2.26465630091757,-0.707191614991277,1.08024304948713,-4.65754503367186,-0.157183324012215,-0.345405705976455,0.595041997204093,-0.386703989467046,2.21114080271406,0.788945962883277,1.59641260104475,0.695610085657786,-0.87153880335107,-1.0108683249872,0.152614496482655,-2.73703583164511,-0.355965950982694,0.886086369564079,-1.67769525400763,-0.164657856990615,-0.632026823955315,0.222079406384788,-0.189411680151196,-0.332602694521347,0.0501967798904795,-1.16886991285236,-0.20879314745577,-0.486754121343397,50.78,0
460.0,-0.735722770216833,1.2802911543385,1.11386826083603,1.09077387958763,0.56582482550402,0.615339415752373,0.572713028624655,0.203275028348659,-0.613854114633905,-0.303758092134421,-1.15157019171048,0.730029658069477,1.55661361833943,-0.238002272116944,0.151024184600259,-1.01377739023739,0.321403185350556,-0.586643602916113,1.09632322055846,0.0765413754429294,-0.0438538405874872,0.188160609459197,-0.34530261706613,-0.708607127589473,0.270183143383561,-0.182807670749361,-0.260987369743382,-0.185368182201071,13.49,0
460.0,-2.40026070028794,-1.38375364369963,1.61015057040802,-2.45264877264277,-0.592391692020301,-0.041593491973483,-0.55424654817209,0.0904791252629639,-1.85285951952959,1.68914339301545,1.00671444054334,-0.585982253212308,0.456055351723837,-0.726728834378862,0.0239413965650411,0.0679920581210555,-0.0318578594210411,0.49625294145016,-0.80427287986453,-0.693537150227389,-0.223479925492905,0.484415963371938,0.318866130347148,-0.326228443122439,0.587977512030857,-0.126953961629468,0.123829711588786,0.485188935918708,79.0,0
460.0,1.31405429371976,0.433171282360524,-0.577559439602628,0.715882929983272,0.683582920687473,-0.194720002819233,0.442209993008958,-0.147778557785735,-0.495027382468301,0.2084178139545,0.333679067924124,0.647474311473742,0.356898009391458,0.642853586088641,0.0406788478217676,0.308790813585795,-1.0015063286421,0.47671184752284,0.474566499365432,-0.0883046338044927,-0.0185955845319682,-0.016908607249326,-0.306040156820571,-0.81019117402828,0.986071782115237,-0.242415945560905,-0.0119428110600544,-0.0103265370210442,2.85,0
462.0,-1.11378128928362,0.117378054081888,2.09035990196239,0.473339798586036,0.489379330739178,-0.993792815930117,0.03814021059915,0.145453364296393,-0.851287661860824,-0.192764693327515,1.40952851188996,0.245435624966635,-0.811979433535671,0.628821404523816,0.685018176597155,0.0879704109605373,-0.222939370429533,0.297347723766356,0.996707629198605,0.262599192840521,-0.0750026605301698,-0.588687267127568,0.0442660853613526,0.505592908587637,-0.0122136389240961,0.200640557504977,-0.0122970677677897,0.0797441227623801,13.99,0
463.0,-0.38672597471122,0.172564989565017,0.732582644906907,-1.43466221096093,0.0330652935859424,-1.04365748149461,0.720715054571817,-0.150763119709438,0.422941845270288,-1.22508510575136,-0.0902498737408674,-0.0965613600827899,-0.819230092899615,0.671445512829756,2.13186809185082,-1.48862852758468,0.658885092694313,-0.348634435470462,1.58260074968185,0.175250525602474,0.143196437018659,0.402445557962049,-0.0208788124258108,0.12154322489051,-0.194311335208557,0.114302134931304,0.11404772419198,0.135686593294805,55.0,0
463.0,1.29889789186799,-1.05067402203234,-0.301586977199615,-2.69813977953606,-1.08162463361411,-0.983307403650875,-0.365930903518429,-0.0991318758242479,0.618335314219801,-0.60532520044269,1.45908596222664,1.00645403756623,-0.967427948205099,0.627581673375305,0.558909648905067,-3.13926862108855,0.712542621132807,1.21632774570546,0.454500204798452,-0.551491345684986,-0.270855183820656,-0.123873742987717,-0.11316954904262,0.224145516232168,0.729243003380429,-0.658223898955921,0.0731296225308135,0.0068900691069675,37.57,0
463.0,-0.634596978234792,0.866354364512866,1.12383602672403,-0.304041137927492,1.17391035313758,0.257117549338604,0.754324791432483,0.171735203949123,-0.825980999659668,-0.531057504743642,0.549388754243097,0.598608608431725,0.313813741378367,0.354547923179433,-0.156778172062677,0.328550852471888,-0.983932653748373,0.235905879600094,-0.630727657686842,-0.105239309891609,0.160462972804027,0.422873291420765,-0.353720811280593,-0.847192434535747,0.206896351475649,-0.436112266135975,0.110134095480135,0.102260715941038,1.0,0
464.0,1.15723544645937,0.138019292155968,0.384987396697259,1.40360042876299,-0.222511763639568,-0.197942680657578,0.0182641604392692,0.029727004568811,0.412465804041534,-0.102708660407973,-0.673820287185281,0.101237715446071,-0.936231549123907,0.226935914173477,-0.0050994224955404,-0.684869023690088,0.309748287651287,-0.878609069792391,-0.363416969659162,-0.234542568459039,-0.108899722350195,-0.124280543340981,-0.0554541111118486,0.0729900886834601,0.634637765485099,-0.310493291827736,0.0339306028732123,0.0149368915094463,11.99,0
464.0,-0.839472782489739,1.34996846706258,0.478163335354872,0.507629155131338,0.53955123349831,0.430460612703463,0.237863643388797,0.589882930068471,-0.896514540416122,-0.0121426649106697,0.550147651456947,0.734396339742423,0.528698760136689,0.681578958170137,0.563012068535486,-0.0820558556213419,-0.344145646107101,0.417524178540854,0.66501404461185,0.0192762265250524,0.186384292797136,0.583830370600089,-0.137196815543814,-0.836186212633325,-0.138521526025949,-0.259281737393787,0.181760469839964,0.130868076845335,1.48,0
465.0,1.26376932818278,-0.197754840416928,0.326901206257954,0.274103867306805,-0.476462136813776,-0.117241343095333,-0.334771046809079,0.0040879471493243,-1.41438186338999,0.93160467175181,1.38789262735929,0.951115872394778,0.721499343548776,0.355295336725777,0.259614249696903,-1.57672420692432,-0.172808125076294,1.17285424490132,-1.20505488526102,-0.530571337243298,-0.247242552691138,-0.177196558215129,-0.0097288867498925,-0.0110259706553881,0.491120280953011,-0.315903630624467,0.0554193918870855,0.0130760886084277,7.69,0
466.0,-1.06455861219702,0.432451521143651,0.128326560692891,-2.01974114285931,0.0144335698098256,-0.487551862909984,0.293955891535359,0.087701988341236,-0.473573341718611,1.35046656497258,0.0143462431498094,-0.920272344453874,-1.21143967267124,-0.203150972137676,-1.44005941440985,1.13724513334136,-0.224755046441667,-0.695313433245224,0.713190794983308,0.398423022206336,0.112732492578551,0.667152578807569,-0.092997214584056,-0.533059739718205,0.0037260729868363,-0.271817242378042,0.689156176909199,0.48055398750625,20.0,0
471.0,1.37749710266975,-0.662564628819757,-0.130149040028687,-0.562680168526858,-0.832895167348286,-0.910753852762109,-0.327043249137713,-0.201708727333785,-0.523052865385862,0.606910643548556,-1.05468215095254,-1.36077131473087,-1.34249578100837,0.0688117398051655,-0.0457736481747206,0.700456889710217,0.573050557747897,-1.36516136407915,0.947649980829615,0.0426204032647921,0.133023466088503,0.287920728770655,-0.224324757547078,0.0528958719412263,0.775264861613763,-0.0424449419112452,-0.0261067990608007,0.0038013334295026,48.0,0
472.0,-1.10091965379217,1.02958757720055,1.34833301916397,-1.36208235210811,-0.343464987498957,-0.671658951020721,0.291221712639042,0.37999435232058,0.338839349085901,-0.438420634526655,-0.511769707940766,-0.547060718137173,-1.24594591157821,0.263623706254318,0.901413492117228,0.382382630623662,-0.267487897556997,-0.649733762760941,-1.06710915904496,0.0021472664404085,-0.110387981416818,-0.180427277105698,-0.0071968021446594,0.0688767023249156,-0.410540366822498,0.731643091704887,0.0840507900564247,-0.0572356291516184,0.92,0
472.0,1.01705496852431,-0.185048783070119,1.18166606650006,1.07349020426383,-0.550586426062338,0.971826768161323,-0.80645193091673,0.4847922444553,0.517268097462824,-0.06012395521202,1.44699044339251,1.19801345982087,-0.0708907835143611,0.0065773657330756,0.432215270517664,-0.14987287415034,-0.0908413936683139,-0.19527724457351,-0.870040663807092,-0.164292863021539,0.239286567271276,0.875847990785814,-0.0534575789685018,-0.269918491299512,0.328906924068146,-0.217332071615722,0.0962076194960413,0.0207962233490798,17.57,0
472.0,-3.0435406239976,-3.15730712090228,1.08846277997285,2.2886436183814,1.35980512966107,-1.06482252298131,0.325574266158614,-0.0677936531906277,-0.270952836226548,-0.838586564582682,-0.414575448285725,-0.503140859566824,0.676501544635863,-1.69202893305906,2.00063483909015,0.666779695901966,0.599717413841732,1.72532100745514,0.283344830149495,2.10233879259444,0.661695924845707,0.435477208966341,1.37596574254306,-0.293803152734021,0.279798031841214,-0.145361714815161,-0.252773122530705,0.0357642251788156,529.0,1
472.0,1.04078123560653,0.10956917224535,0.357987395876696,1.11899798107106,-0.105373135445754,-0.0568367508239653,0.0550262263645624,0.0451645836889402,-0.350572631241886,0.151601971705919,1.57659776517306,1.18184728515047,0.390601797794684,0.476672324534955,0.44594082523271,0.039946782580101,-0.469181622948506,-0.0664955164134212,-0.564015813658216,-0.0209107721878913,0.188378055443754,0.487630837101518,-0.147081022430264,0.0366905957410993,0.565456683247219,-0.275489186946464,0.0233855918178795,0.0190214156641983,59.88,0
476.0,-0.867554210779743,-0.418633339430195,2.29492668654691,0.219869661334528,-0.0858203228696113,-0.839204425847823,-0.724947469291827,0.221811953674263,0.42373813393856,-0.431875702661519,-0.867638465112668,-0.486136976299496,-0.799464938201214,-0.16908491079299,0.963012475970998,0.0132524792749653,0.0728621623379799,0.287711892207123,0.78858803260512,0.226694125853925,0.231306350183918,0.547469818349216,-0.0016081785145126,0.461130993390382,-0.504833531557196,1.14669171392115,0.0616510209699604,0.146243502211805,1.0,0
477.0,-0.347239992032347,1.14021797144301,1.2890664698612,0.0610696576212423,0.0325141696758185,-0.960933237115675,0.756414762630682,-0.0912728336983624,-0.439727010258532,-0.525814954145289,-0.168509870397196,0.0647808925255652,0.397228285442556,-0.484435750733533,0.863950740069523,0.37236817972924,-0.009786677414147,-0.168769864102142,-0.0926908912513395,0.144061441843223,-0.257643018354095,-0.667491772850754,-0.0050551866021651,0.335569217713829,-0.148200806043249,0.0710640307462579,0.245460319955345,0.0991864385992759,9.51,0
478.0,-0.394363940095324,0.962488927143593,1.16411130483157,-0.110028408950155,0.221215517544595,-0.526324364631051,0.505039916129875,0.147742879949019,-0.499457132729545,-0.31149873827367,1.04904093563352,0.0552689112713554,-0.754753358783594,-0.0817977138460812,0.312033558976671,0.712748003167192,-0.312042725602174,0.568455680423752,0.328515113555766,0.0912810551649795,-0.240068778839634,-0.709400243701796,-0.0513373283819809,-0.0712399596496812,-0.173978437748283,0.0776610305812201,0.234552586658105,0.0838748128793158,1.79,0
478.0,-0.597235764315286,0.897113634542816,0.765018455993999,-1.00893408522176,0.491638517158923,-0.0591364148544972,0.5957021459803,0.110416700863007,-0.0682743685398851,-0.0971136478710612,-0.0411490854413863,-0.216979729883013,-0.830567838438147,0.273399629989152,-0.236620328293625,1.04583653657115,-1.34975839834421,0.673211928581216,-0.209066947496592,-0.0782892239021417,-0.0393767445508999,-0.208064735331587,-0.222443365214767,-0.842566157822003,-0.003831883526808,0.250813666504217,-0.0451182698505293,0.0618926180820318,10.0,0
478.0,-0.98747676408682,1.11817740925387,0.666257803712843,-0.583883173188284,-0.649628271500306,0.815711082891905,-1.04573447537608,-3.79277612718982,0.336438172908236,-0.272903404841305,1.13229836924833,0.881784324407272,-1.26749875155154,0.596373236309377,-0.568107434586715,0.128521126835756,0.066178208561089,-0.52288128830546,-0.580882294667242,-1.10025311725917,3.61402913859851,-1.84056921196761,0.144464464868739,-0.0259636566004304,0.660622607329037,0.432566538425026,0.298827223238399,0.18982334330382,79.0,0
479.0,-2.44134792474947,1.68881618430467,0.6399215155297,-0.776735224580886,-0.305875480369799,0.491953936886829,-1.35483026945739,-3.21016380160303,0.0869855566649434,-0.34752777014723,0.856168729726932,0.887824560446573,-1.21289679475387,0.761376885082592,-0.739470201843407,0.112565348812694,0.276850842300603,-0.33360280295816,-0.359222014200551,-1.09725803506256,3.70029261669378,-1.5750397183306,0.365757927936508,-0.0414586956258355,-0.268093980435651,0.343263149238673,0.453533247407282,0.0328740888101767,1.0,0
480.0,1.03907905531269,1.15803404495519,-1.55517380004332,1.50027016316275,1.55614823617091,0.0360284336947324,0.499064735359238,0.148227152727975,-0.603040247150715,-1.76447559103359,2.20281985180831,0.4092720327831,0.497219180610713,-3.39121306982887,2.05226512941228,-0.361773652917822,3.98628883313929,-0.811839159039314,-2.51696288201669,-0.135221945591436,-0.0606715545203901,0.11374157420515,-0.0495547345218643,-0.94014794470518,0.525324406204761,-0.188411062479047,0.116878404822757,0.0871245160955,0.75,0
480.0,-1.448818005251,-1.2720895803379,0.0806469903887339,-0.122034223651626,-1.71196597866692,0.611857676704678,3.31078232874127,-0.372438303582235,-0.716214438833916,-1.40286871139933,-0.206043728950326,0.570597430698484,1.1966272479256,-0.0958695461994346,0.0996400007836919,-0.622804498514058,0.239793002175179,-0.904960308590517,-0.0387636512137158,1.61285706424507,0.45693104308011,0.223930818551236,1.50147419644366,0.121535753702529,0.375165930150689,1.08408312962733,-0.300846905323871,0.0507420884684904,732.0,0
481.0,-2.75212410779928,-3.23216783201557,0.873035707609555,0.108216564734541,-2.45127886197596,0.486158950744271,3.1529065945466,-1.01308687114355,1.12832579198531,-0.939778452006899,-0.490740713655321,0.0962163617197078,-0.0434648056700517,-1.14029423372113,-0.728959791001655,0.199869491139842,-0.399117013221164,-0.603039423821136,-0.274478648425316,-0.102129816729323,-0.299790655687645,-0.0037666756362886,0.545794482772155,0.853980676883817,-0.943650826948524,0.607825610305387,0.33513081407079,-0.561721153555408,1015.61,0
481.0,1.21546847819143,-0.0713420695619551,1.04869653907063,0.724718913116541,-0.694531818142867,0.0418792888045759,-0.528919450287794,0.0199394314684428,0.735111719405732,-0.285616350005368,-0.951484300046276,1.07894988990495,1.67225627495133,-0.743838631913306,0.0712550145282793,0.247985145241398,-0.457250971689693,-0.248081157683148,0.15088936563862,0.0204190203391152,-0.107923546340064,-0.0449967548637245,-0.0554590049075945,-0.0622539052124508,0.377129869369786,0.344304255373032,0.0257174710541104,0.0256280312827791,11.5,0
483.0,1.03967393198286,-0.329295605226631,1.07343125157488,1.54748027694667,-0.595509891082987,1.09096970021346,-0.703762627730775,0.511730094679137,1.1769915305254,-0.22026736008565,0.113149673057694,0.986915066285153,-1.37533330285086,-0.347843184971256,-2.26005157627068,-0.80228188703459,0.46646019392531,-0.616351615028392,0.591883086103402,-0.23605589427135,-0.391770226845908,-0.761527649413033,0.0356461867676626,-0.329861818468051,0.39921041602064,-0.50425953028889,0.0780704074214782,0.0146829729575015,20.74,0
483.0,-0.792724453343653,0.946688235639807,2.24514885111903,1.16739763459949,-0.625404978985842,-0.4499791524148,0.157625068519351,0.0153787969339651,0.269780809594991,-0.021303960719531,-0.375566786194153,0.478017712051145,0.287826285183404,-0.473543980843962,0.127463784159315,-0.680594037846823,0.223910776709106,0.014716509230838,0.365766882145731,0.114467314294225,0.223031587349502,0.926664762056636,-0.17029834587919,0.972432281514519,-0.115297628683516,-0.229900137056469,0.156609796392505,0.252310084103918,4.42,0
484.0,-1.12324258650538,-0.601732547413543,1.86623157617253,0.373544171958674,-0.16514934577634,1.6020985167722,-0.220908012769989,0.618352918559024,-1.17235325348872,0.315663742137533,0.31838955160589,0.479869057075902,0.786431380309503,-0.289769624166159,1.47587653475283,-3.2055970412175,1.47872791565205,-0.376979364662593,-2.02864737509638,0.084833025305828,0.0905816075882688,0.804918432732548,0.43242127468334,-0.658488820613231,-0.38566638189848,-0.0681567408482415,0.459110559438321,0.222762255407614,158.0,0
484.0,1.09337038677875,0.108994824719877,0.100226977517301,0.913193831501278,0.0849859723197063,0.0304694053232558,0.0878769644700251,0.0642768047426334,-0.256510926685248,0.120404216698793,1.22578115694319,0.830763645403153,-0.0885736906306184,0.614135004762202,0.505949984199978,0.0566958280756839,-0.513618830137037,0.0167638612742164,-0.330150373267514,-0.0643011251469427,0.112291911108248,0.265241774497447,-0.162023116436625,-0.294747634613389,0.610165217339993,-0.300512745238317,0.0170635616356961,0.0112747742611005,49.9,0
484.0,-0.928087752524131,0.398194069879865,1.74113124955186,0.182672744087029,0.966386863448983,-0.90100379724714,0.879016073446028,-0.156589870670581,-0.142117460654878,-0.574775270175127,-0.478181307083571,-0.426852483688402,-1.4934258427336,0.187920732439268,-0.282355215934645,-0.648149999095862,-0.0194490616447915,-0.782172208089617,-1.19499846910573,-0.118283444900673,0.066353415960026,0.281377527103784,-0.257966138795095,0.385383832928551,0.391117132772304,-0.453853317311458,-0.10444802434416,-0.125765409152694,1.0,0
484.0,1.06062341140128,0.077500258689074,-0.0493381055920148,0.546163026068853,0.0048309798402768,-0.732323324040511,0.547011999377874,-0.275000086280333,-0.374238867214839,-0.176166657768781,0.210357696419926,0.977909447500577,1.16301941473812,0.304780439142331,0.898922362580654,-0.307363095294222,-0.0327081823011954,-1.45161763435942,-0.287767943602299,0.127655243274148,-0.286497225435116,-0.98223856002896,0.0804815781681386,0.0974604789473274,0.217020500934443,0.154498541994472,-0.0575975953732283,0.0247265388123905,99.9,0
487.0,-0.517981178278665,0.723071633083266,1.40119558119979,0.772312602419264,0.671651330553811,0.847779587378471,0.352294215905043,0.224070623524816,-2.31424239131336,0.941668898347633,-2.19486716083514,-1.90623513961745,-0.940699257513365,0.306290359092461,0.646916345537413,-0.869121136594964,-0.422320847203414,1.41745647534849,-1.33505054496973,-0.517548459448383,-0.374926206899444,-0.737658505747838,-0.39140132082343,-1.42002437976159,0.435490847017847,0.192060901051701,0.0513266065455896,0.0524020220810867,7.48,0
487.0,1.16435868086194,-0.283474301782276,-0.247022338503708,0.192063834900487,-0.327522377855543,-0.822580780389604,0.241389405546338,-0.228467336400944,0.39538274235252,-0.201542012040821,-1.0856323892883,-0.309148743448877,-0.813103422017067,0.316679319967425,0.240161213334996,-0.100465240443221,-0.0758221157876721,-0.474612200862239,0.463447878703677,0.0450420619418695,-0.0771658998545796,-0.311767524774206,-0.214784094915606,-0.0411341483998374,0.552794763590982,1.11488680766212,-0.11651948289842,0.0012868748941999,91.76,0
487.0,0.174857319763123,2.03555032401225,-1.86666069419846,1.42085269209547,0.829644248215176,-1.68350494667023,1.01447615279285,-0.303887001314388,0.196619883671978,0.129235397742916,2.64374727680319,-0.317018823865283,-1.01528512239727,-3.60183573070957,0.517658044059546,0.862952773046532,2.55638189653248,1.9503608511659,-0.282786917956313,0.508856287119572,-0.233183524418839,-0.111162848591938,0.0935473009933206,0.159321441830385,-0.414131988670297,-0.443439253295024,0.409370788378957,-0.0420750512017777,8.99,0
488.0,0.986168049742973,-0.550922523338983,1.14093394212193,0.757901246338933,-1.03889035253105,0.476782189216492,-0.837096214777375,0.433227970498237,0.896974542294291,-0.0957543090781015,0.91986112033316,0.386846381507559,-1.6084310505069,0.140629064474267,-0.0703625946034291,0.148191954029789,-0.057058614775293,0.0143333579736303,-0.11560175320662,-0.106759546286576,0.0033999174104223,-0.0011837390867976,0.0176516598071437,0.0266664605505538,0.0786020372194076,0.328055505591607,0.0087622681914827,0.0201314886922704,64.99,0
489.0,-0.932348620660508,0.789122701375685,0.534111141327499,1.14072363859679,-0.44896748588263,-0.288526399630897,1.07254314633223,0.118514793720991,-0.152882825780895,-0.0334815629863424,-0.482042589231005,-0.315406019513273,-1.21882014031924,0.505762003448264,0.456441129972543,-1.0413830108112,0.600218146590883,-0.563253260685562,0.193949636739016,-0.0991079306845698,0.0925324900095012,0.662627195918375,0.319256249847827,0.397954953066374,-0.4540365740483,-0.338746473425629,0.134917436345752,-0.0943420217783454,139.75,0
490.0,-0.215043036434683,0.652190230236062,1.10788238426475,1.26593518300042,2.36630029964265,4.3937315869849,-0.412468839492491,0.960644140338094,-0.91400313679854,0.74597888152401,-0.388454969609551,-0.683481233154851,0.174721787944122,-0.197216821921531,1.42312562533036,0.906269733698826,-1.08662679997683,0.907023919552174,0.226867374168548,0.266120251552388,0.10383015580118,0.304199137915554,-0.127454561809783,0.994760540887134,-0.501053400971475,0.039003167854652,0.024135223680995,-0.0562409680507841,3.44,0
490.0,0.716661837239264,-1.09781176823394,0.629443204979559,1.93951039606069,-0.494739456942061,1.81996477312478,-0.62484025709903,0.482657354739516,0.783612238093151,0.207105450262133,-1.39228309701203,0.330364030982633,-0.574919949771743,-0.73741714201112,-2.64356412096064,0.604757884472386,-0.450969427197895,0.219756713296873,0.967779790497577,0.388817774194698,-0.263285966298785,-0.978692920808657,-0.359243985263418,-1.33202049997782,0.296656318478767,0.937425204444613,-0.0683570157277638,0.0328389288884088,254.41,0
491.0,-0.946412464324631,0.60949978178979,1.20170987712717,0.113073601327786,-0.210131917772195,-0.95400850263565,0.13032468415881,0.293270484764333,-0.579075668337642,-0.756168252904124,-0.627039606113875,0.495057319658087,0.646681097662813,0.227178565149665,0.319771674119491,-0.368820829141931,0.386365189592754,-0.537638433542072,1.12506790635289,0.144103915841442,-0.0364206321530399,-0.266529054984014,-0.0388688943253807,0.481942596832978,-0.277006005283533,0.949985189437086,-0.0796159704802992,-0.0166062327092156,18.45,0
491.0,1.19628756344344,0.217098786761695,0.402595913137426,0.921664107445182,-0.252045362745247,-0.392240184616052,-0.0471774610754706,0.041339365649203,-0.0693182354239148,0.169912750850507,0.947707801288906,0.417596456501214,-0.798840605806854,0.679509067155676,0.453896733940356,0.562061516803209,-0.805389903014585,0.36782810917174,0.128333769613406,-0.157752139901681,-0.205750655719254,-0.688869273198986,0.0543876589228451,-0.0564686113707682,0.352683602041711,-0.625998238336016,0.0136808175583067,0.0156834879701616,9.99,0
491.0,1.13002411772615,-0.0609436039682605,0.662073540897999,1.03398957301002,-0.44155962793896,0.310186606764753,-0.559948262929334,0.349135913865647,0.332922119171198,0.220885631409987,0.826772768603186,-0.257591051285098,-1.96118947898136,0.728867458132336,1.00410467882315,0.527213535220178,-0.583409650105363,0.631456970813275,-0.573334429644761,-0.258809676068089,0.195852287472024,0.511310152796071,-0.100457320398293,-0.344298119665549,0.420078745522453,-0.213097081298515,0.0406576456517514,0.0105985425003043,10.0,0
492.0,-0.789890213317183,-1.3793710208447,0.171334350642317,-1.63675575301066,-2.80726555399498,0.726235624411962,2.73760243023038,-0.933998532216666,-2.41372969133173,0.796624966067027,-0.878071029122048,-1.0450436679465,1.24992901996699,-0.960840483005207,-0.507105326966318,-0.831644015808839,0.490802992913282,-0.0773885221406349,0.298180158776785,-0.129410982010376,-0.256231383584556,0.167077258407335,0.540876376772958,0.0674958917082698,0.479636174534167,-0.0982303674114776,0.0535272543661344,-0.408049680409246,632.4,0
493.0,1.21972509323938,-0.481148940600525,-0.324350971307362,-1.55256245751906,-0.258356560233678,-0.519341604972222,-0.0354577683477223,-0.117824448172982,1.26712514803797,-1.06854248056136,-0.63844607103241,0.35248487718505,0.0604284189324486,0.332823110360523,1.99923566921616,-0.505570625467204,-0.160606031829897,-0.332377621392644,0.646091265324263,0.0357178410574851,-0.0404275152376523,-0.106937606420773,-0.171757700833971,-0.721597141879727,0.525567581833228,0.0842122619091611,-0.0016208711468132,0.0118659035739482,67.94,0
494.0,0.0585009759619835,1.05866127375328,1.07685720846866,1.5890434572389,-0.4000767108625,-0.677460758753174,0.778466139173693,-0.303556602825214,-0.6308443816748,0.230737262681183,0.0159124644956448,0.549292788128519,1.12366212108483,0.146945984472685,1.42801455544009,-0.697686071689168,0.108457148940843,-0.0155947036769261,1.17615330200363,0.104400603813106,0.192879019849911,0.702193680265679,0.217738038081976,0.736016657096713,-1.27679790128401,-0.461653958287602,0.205261257847181,0.250663836353195,54.99,0
495.0,-0.239505139493611,-3.94024054690668,-0.147575852132355,-0.671346651204376,-2.23925607349197,0.908178115295901,-0.377398447449256,0.157942958599458,-1.59592846055393,0.987880968781339,1.22502648658223,-0.139995562488775,-0.453947626273043,-0.111466565597127,-0.490357815771057,-0.973998499151191,1.24848755995882,-0.588332231805482,-0.509181607672957,1.21769047692787,0.0762960971555983,-1.13217819769825,-0.486819706677865,-0.302910939656602,-0.304121413009985,-0.469810755765209,-0.0775169999478961,0.151745463144336,834.84,0
496.0,-0.606284096155304,-0.0901118014829273,2.01202749508131,0.352728129458825,-0.210153545441773,0.513718707379846,-0.496402335310435,0.379687144308026,-1.66398982333644,0.767277794383091,0.743763823587082,-0.250209454816003,-0.40564022504802,0.312432885014911,1.09089764009756,-1.50916891500503,-0.009482922806202,2.10713945808594,-0.172340891005544,-0.250195883660352,-0.0654360165928811,0.1487147468099,-0.060198460205252,-0.356964714250308,-0.213995717683214,-0.143623640618086,0.167360121971831,0.122289517301579,29.0,0
496.0,-2.00989275115573,0.522693347409805,2.04350980901895,0.2235213743292,-0.597859305150884,0.0781628693853203,-0.450347372519174,0.772470912905917,0.532384903176185,-0.408489946055842,-0.862066349911993,-0.0354978571672186,-0.64888972505504,-0.191864178597354,0.423878261524159,-0.106994155285609,0.332678803838314,-0.405175748876961,-0.141551152566586,-0.150667764357241,-0.126642076391226,0.080104442931395,0.272597626273165,0.0885344857175818,0.317081908918174,0.419253357374861,0.281493572720807,0.0608722658562839,16.5,0
496.0,-0.652954959919241,0.493216286926375,1.24676988396719,-0.707569435836588,0.165763884632554,-1.14622354804356,0.932048671618127,-0.0949621917529304,-0.861258132689212,-0.503548639819715,1.44831845388138,0.352719170267587,-0.83258562824549,0.72180771885469,-0.0024423657227742,0.0606231980670019,-0.270581454775106,-0.285535060536288,0.757072310760918,0.117608435597497,-0.209224015556044,-0.894706424759598,0.167074559714021,0.528921951954691,-0.419800516063964,0.629628048334353,-0.0409303132145609,0.0976244427003848,50.99,0
497.0,-0.41783625191838,0.981102920881912,1.1358197591905,-0.172592935485917,0.396674889389087,-0.0028415796403559,0.519779575023171,0.248762703421927,-0.593496636506708,-0.382215398629333,1.3649647448675,0.429957938699689,-0.22019683506844,-0.165067375463814,0.501963869780149,0.396923212857805,-0.0668570299143914,0.0531232438356086,-0.0355957284899025,0.0988736385604237,-0.205579923084906,-0.547474244367242,-0.0204856239847852,-0.368186769891293,-0.227052862273485,0.105281463646751,0.25380047623115,0.0812760633620544,8.83,0
498.0,-0.753769334274668,1.09828709338221,1.8354528834209,0.614571393652971,-0.317858924324206,-0.101054793071567,0.0394541900552881,-0.656824210854732,-0.0487608140364578,-0.216190841982329,-0.31195854245622,-0.414790844021728,-1.02319529589163,0.270999444612903,1.24832459712808,-0.0467374930301422,-0.0977631197249522,-0.0151571656307564,-0.965600792901961,-0.369512140609049,1.10114200812021,0.686058821546617,0.005954268152855,0.361744198911695,-0.457851855228811,-0.352575715082301,0.0946020502150691,0.170479578320182,5.0,0
499.0,1.25543928787263,0.307728903801174,0.292700171373052,0.69987312813193,-0.428875629233923,-1.08845611931118,0.0438399019207915,-0.167738709317001,0.128854075434184,-0.264061677458776,-0.174507538822232,-0.103536650210894,-0.410712664857157,-0.160752586297616,1.16380769874979,0.508362126204611,0.0311825158764792,-0.221104856309154,-0.19424123794805,-0.121156186495369,-0.294795248970854,-0.882126483100386,0.136845910675095,0.327949456777065,0.194459479633999,0.0965155992345212,-0.0272711057993351,0.029491254668226,1.98,0
499.0,1.3557901906947,-1.12292133786697,1.19118651886482,-0.576548234293602,-1.70874993200339,0.27472130398081,-1.64078505481719,0.29583848196265,0.618648905477178,0.4759433901479,-1.77223150423123,-1.55824688021963,-1.27612800905177,-0.750821284462162,0.394212595428514,1.56319275247315,0.139540721031493,-0.36804374002546,0.765654082163175,0.0205480045334285,0.302035473083703,0.920012981653448,-0.210219139057237,-0.435499297977867,0.450803217600567,0.0684543229420127,0.0622143719882329,0.0221905768873151,22.83,0
499.0,-0.860625553801289,-0.109136995396895,2.11247400084939,-1.40056721421055,0.180269367540823,1.32965554877601,0.43100085912517,0.317760791330183,0.59376189974723,-0.987304417446276,-0.309226998460629,0.0678457434128361,-0.841814989732148,-0.609413345324724,-1.18973759657453,0.329120748551075,-0.627299224268353,0.0123162026871035,0.257628142851683,0.157200811105954,-0.197635169207975,-0.436535272627061,-0.194840239023024,-1.23687349884039,0.218667523915834,0.902383235488448,-0.210194685809577,-0.190458297797417,92.82,0
501.0,-1.37771827091782,1.3545304566996,0.543183298470348,-1.42717085928831,-0.124389369820083,-0.524309438535972,0.179123666509704,0.616511644904593,-0.151022978723892,-0.748487774807743,-0.915324611007182,0.0400021414145467,0.0276545770479607,0.428552417201093,0.646517837347784,0.442835996846081,-0.295907070691388,-0.666708574345266,-0.820429068876967,-0.180027504971389,0.0089819551735587,-0.0757965058570872,-0.0577562305188697,-0.388366065673923,-0.296798316167837,0.774677293679995,-0.418796888727046,-0.184978168149981,3.0,0
502.0,-2.69664072490359,-1.37130038612753,2.85819382004164,3.4218635807796,1.90408260680805,0.68373058350164,-1.40750594574469,0.444287003622272,-0.309161822526346,1.33847034547156,1.28277005940899,0.907171493984541,0.192458733721406,-0.614332498721317,-0.0941055247451691,-0.861579224882625,0.640078297987096,-0.611399017034829,0.901330060640164,-0.112607990528786,-0.246074590434084,0.0989772378230677,-0.400856554591843,-0.201216929732565,-0.14076130324607,0.217806466395604,0.113170806059088,0.209086743284787,45.56,0
503.0,0.860544592611558,-0.747804384649498,-0.955150630920697,-1.12405553844244,0.186536254870529,-0.385942163412046,0.703442955213491,-0.282689455343648,0.48259998650874,-0.93548633807605,0.65505917934807,1.6189510524096,1.38109369018222,0.509031303538506,0.72430892290448,-0.143893963137368,-0.912888944850616,0.29034516077961,1.5167360303301,0.54675711230106,-0.236278898305727,-1.1852026534702,-0.32984365559933,-1.02735511728648,0.613308446627709,-0.979856894279543,-0.0183983465647724,0.0466209727879032,268.93,0
503.0,0.0747375945306555,-3.03200885261474,-0.429919190176392,-0.442721155356848,-1.78471045794164,-0.06666829067283,0.0987355744282006,-0.222524967865393,-0.241857519389212,0.158663892689022,-1.53929167357654,-0.496466541128401,0.0664942763472529,-0.0942487144253526,0.595002323731677,-1.03290063485299,-0.0772876625511299,1.31801277999584,-0.39092719282297,0.967868661439969,-0.0789272086962145,-1.24724170729079,-0.620401752634592,-0.368544848692002,-0.0733586126708769,1.29683482397922,-0.192759681100482,0.121440264660193,712.82,0
504.0,-1.03107926237188,0.626546715939223,2.62243621705555,1.41131216109482,-0.296552602030695,1.12295167613951,0.286099517474646,0.0888015027433914,1.10356525480907,0.702030394514898,0.766595129689746,0.636497098257167,-1.45166224246317,-0.959335402011778,-1.84711592779213,-1.65990782597683,0.80722325363842,-0.596915387039435,1.51249544487925,0.244650734009657,-0.446252785834355,-0.374942125189661,-0.0755026460495526,0.20743677730006,-0.151028085629672,-0.471123967235832,-0.039908564762035,-0.191512528779502,24.9,0
508.0,1.3353694727997,0.535981910443705,-0.4481561584243,0.902997797380703,0.517134282498174,-0.694213211574308,0.590279128458354,-0.348319449856284,-0.34448987488565,0.0225296659407799,-0.973522801249206,0.371749183956883,0.956547304492973,0.351881277036934,0.654214081285388,-0.010372140563905,-0.66407077964876,-0.196216681302865,0.0575491195071679,-0.0745241955044675,-0.0424647359688105,-0.0216763114393547,-0.259350250086686,-0.412243318618305,0.991928158943826,-0.247183047536115,-0.0038411503420564,0.0043114924936453,2.27,0
509.0,-0.280814640130213,0.93460507768786,1.26145201699272,1.20891229763354,0.540420027261879,0.4183181670404,0.703040054550011,0.0358622705048432,-0.516920029897276,-0.330698039403032,-0.961569153005169,0.474058535775538,0.891206459299575,-0.165812985399491,0.138022682771456,-1.09742973839469,0.378257554040375,-0.60616523810965,0.943715533300521,0.103108702241348,0.0034855249705816,0.28282606423829,-0.187527472091169,-0.412473063657551,-0.0927097809798888,-0.22046817567771,0.192768067627342,0.146364616113754,22.77,0
509.0,-0.152397473632413,-0.748114460058672,1.65957060932561,-2.16060143578693,-1.44859382215158,0.558853953910808,-0.274352449849646,0.010158951192562,-1.96429483492271,1.41310779509233,0.792023337257122,-1.53367464832185,-1.15345382174677,-0.339869905972692,0.434199203742127,-0.216220454118273,0.259931471475061,0.80199561353929,-0.237417765744065,-0.321139396513742,0.0043815550495686,0.47403935512548,-0.0843189740370222,-0.353695123775413,-0.226043957153719,-0.143998767215993,-0.173635182069688,-0.241562954361034,114.0,0
509.0,1.16659175478988,0.124033374104431,0.381998940407615,1.40355582007109,-0.254472681581122,-0.209577143287591,-0.0164165828220339,0.0545095435513676,0.475646719885268,-0.0882385005052892,-0.744388317416688,-0.118819739376378,-1.35050321811112,0.308071727184987,0.0396264790150646,-0.666137669325304,0.333222414339401,-0.828916718401454,-0.359029044982679,-0.27121035464655,-0.116682246702234,-0.155496499786987,-0.0460853297673149,0.0614155336616856,0.622486698591024,-0.308574763898092,0.0321729701849665,0.0131784950869042,6.99,0
509.0,-0.404840789478089,1.00537176681107,1.37275624912858,0.0059942793578906,-0.118848739330074,-0.788473319367568,0.566918133849263,0.114720595725603,-0.521987079512563,-0.318949024792769,1.50146625247246,0.151464413088133,-0.986278269449792,-0.0242081692945038,0.286697120442724,0.56686453336794,-0.112456890792099,0.41295944993004,0.127054848773683,0.0652403301647764,-0.207334253296129,-0.619986971059285,0.0208476297820254,0.456775450510474,-0.249289191691285,0.0449368143501402,0.234036149970133,0.0883555740849623,8.28,0
510.0,-2.14951704002277,2.35116354665973,0.992990515150123,0.692643264716344,0.231641731851019,-0.020506516542017,1.08660631527349,-0.445825206368224,1.88011037019937,3.31752515809267,-0.163521122083793,-0.0819153925141274,-0.337022410146768,-1.2248843263494,0.454536332813067,-1.65497078660277,0.245135608895339,-0.899635212476244,0.467840857836927,1.4661819209442,-0.469893026245907,0.144642962828001,-0.182026647999042,0.0617344036065488,0.289829570671384,-0.267336869485086,0.875690581818585,0.12117495694558,1.99,0
510.0,1.16327109252414,0.141760431205637,0.124578920495841,0.95855077567579,-0.159554340454629,-0.461529317438168,0.0907585563108994,-0.0232571283957903,-0.125187456508316,0.195402758560942,0.858205409430227,0.302116658934431,-0.899842426789239,0.747405239053804,0.343658736127243,0.387744517597157,-0.746905691688251,0.566307007191666,0.040263418827626,-0.113971049377269,0.0663199569019347,0.0893215352206793,-0.16992052951636,-0.012282457254222,0.66075576674171,-0.325615696992862,-0.0022097167707778,0.0104190056176203,35.93,0
511.0,-0.259960889596589,0.998645786287549,1.43797463436389,0.0380313527087176,0.125405255699981,-0.957775359281508,0.899757796021793,-0.270158695994526,-0.186834244008922,-0.29150297375314,-0.191254238579168,-0.391187004319603,-0.323257608603277,-0.554284133753891,0.97013336709051,0.319800381426149,-0.0714697722461656,-0.113045967812414,-0.0858930581893921,0.171634954014792,-0.316534842512998,-0.697534020078324,-0.0352275759556477,0.32238742826657,-0.198796567717351,0.0446299226067903,0.0773177052078715,-0.125134868937082,8.93,0
511.0,-0.556245111037062,0.65757441472874,2.70619306680367,2.79265551941975,0.208495781610076,0.908663226508913,0.0742103511501098,0.0655299348075453,-0.75728109912529,0.651018104930345,-1.46756857787818,-0.654043357905849,0.492828166783857,-0.586533618885499,1.01224020002443,0.186334354394284,-0.324206382525294,0.690640645169296,1.10294572539958,0.416084527240749,0.105614209149759,0.489549452851122,-0.328685315275326,-0.427096680303457,0.207280245044817,0.41305522231269,-0.0583392577102615,-0.125351773273168,37.96,0
512.0,-0.65614726027589,0.501881135904557,1.53260084915713,-1.31988580520116,-0.186189497192578,-0.897731047139627,1.19164569620494,-0.19194348230778,-0.211755982528416,-0.371120673458209,1.34757760537414,0.117018290625323,-1.14873809966616,0.288870590739143,-0.278430410604633,0.520704166860207,-0.808279960885511,-0.0441136482619913,-0.347757005303847,0.200873583702536,-0.130362361019524,-0.374357984848436,0.112818598733297,0.526267096948632,-0.406442915447249,0.597938459472792,0.0464370383464042,-0.0551012340815221,80.0,0
513.0,1.29594876595801,0.136053810111899,0.383682347507913,-0.0793250691770955,-0.497415702820291,-1.12071707264489,0.0758874592084717,-0.316257309862819,0.0392286831120153,-0.232533424975853,0.0206469196168372,0.95473539360372,1.50162059282196,-0.042246039623233,0.982971497324681,0.190587257559004,-0.383501099334279,-0.669264401337281,0.0608634770783229,0.0247061233444684,-0.0926510104997682,-0.185626022940333,0.0275759210407352,0.496765406158782,0.287256763863519,0.955182235723821,-0.0750891213864039,0.0070819862413147,4.69,0
513.0,1.2552580368309,0.075190219223425,0.225733321304533,0.881766282196351,0.154508081944231,0.631959782761503,-0.385968299345479,0.18949281444908,0.447979747885666,0.0126205761134492,-1.58447011191314,-0.532828309464289,-0.246747951876443,0.180213786965038,1.62427142173903,0.57527900495267,-0.804792917331849,0.308130543218758,-0.467710922289359,-0.148843144378416,0.0884568331004637,0.321205578627798,-0.235167006385783,-1.32503341990911,0.643129200610079,-0.133690223754327,0.0530686095681698,0.0124836889403466,7.0,0
513.0,0.166862233883515,1.66770918409059,-2.0955586621444,1.83520604250147,0.876544697601151,-1.4817205506814,-0.323575309415954,-2.8663815242386,-0.573338456272621,-1.83830983545424,0.47370079694631,-0.860334858869804,-1.24798967472145,-2.92112789210689,1.10582327687422,1.06355780030683,3.00690856664793,1.6781750500953,-0.516481335537731,0.49117341901482,-1.38309778825186,0.207548689319015,0.550348381154836,-0.0066346955743939,-0.554034463552066,-0.421467746323654,0.0078274529160014,-0.0399036176105599,1.0,0
513.0,-0.63243792501966,-0.363984346936804,2.35470878382916,0.301992767347433,-0.21208777635094,0.982642078398979,-0.371441752592663,0.222823592193744,-1.10598264700966,0.813368793126863,-0.387012785426733,-0.690924505793633,-0.583113877377457,-0.267240460796121,0.371260357688303,-1.19477913027507,-0.45355705314718,2.68976185567707,0.760637140550634,-0.0474213264268724,-0.354383588061276,-0.531434426522951,-0.165897489687173,-0.904713904224198,0.159311924060736,-0.187616384308491,-0.0483685970965771,-0.136024050695488,64.0,0
514.0,-0.878340125644991,0.489030608788641,2.914340850299,0.0781537496737258,-0.423731802816629,0.0900211068920599,0.28996280859507,0.0854513451390304,0.0409021421699299,-0.271107127224025,1.24558275020337,1.16440653593883,0.609837812523789,-0.68882105723269,-0.704901363792108,0.0372076365571908,-0.436787480772274,0.258412725125069,0.385201942882155,0.363764762193288,-0.0373532173896637,0.236371854272964,-0.197062312279259,0.584249687785622,0.190462190014331,0.305561353097601,0.122975186850603,-0.0884351888523299,36.61,0
514.0,-1.04504206696021,0.957420516726056,1.3880229403348,0.195389152914734,-0.327384624789963,-0.643709663923618,0.521262101076668,0.174238412098745,0.063057537222077,-0.373987703695321,-0.957853647134982,-0.049541262374115,-0.576466834344364,-0.0139871885628486,-0.359348977668721,-0.359774745278645,0.143462772270685,-0.467880696986864,0.389909226475221,0.0225046723611424,-0.182403256759494,-0.311953306201477,-0.140267620387887,0.400592003175572,-0.050206934466391,0.201239891336269,-0.0922654554318864,-0.134806458232343,30.49,0
517.0,1.31471266913969,-0.328688367213731,0.0026449528028191,-0.805043825496348,-0.467259872032921,-0.522746840931309,-0.180850453039912,-0.0934717025290528,1.79535307289327,-1.10356246044188,-1.43809354889922,0.381108853256905,-0.44633712999018,-0.0484054100131621,0.3685425092749,-0.857831663184935,-0.0232013312168553,0.0732285627543666,1.2360331949744,-0.13199556093967,-0.122540105747065,-0.0295205090194047,-0.250848306719377,-0.427629415035351,0.917789851562549,-0.534370028237254,0.0623547209839958,0.0120932580552609,10.0,0
517.0,-0.639473905739308,-0.0483549749042712,2.45275522386725,0.310804363692069,-0.430963163956417,-0.290032311269791,0.166889072081114,0.0061957110379293,0.651674504533118,-0.466609049479664,-1.04827075061266,-0.628606286992405,-1.28347133466678,-0.433538271642945,0.13455661074429,0.0113674204660835,-0.189288840477829,0.107167925869704,0.147409679814635,0.144206029876298,0.0041894528576079,0.110846635186126,0.0570077876380361,0.389170965827073,-0.449642351604409,0.218185572770676,-0.0676637860750745,-0.0737604558311696,59.9,0
518.0,-0.743470571088049,0.943604280910048,1.48646357875686,-0.179574516299139,-0.190966050817422,-0.295558620193658,0.352438029801377,0.354957946081943,-0.110108412923689,0.192907493133037,1.30738755938382,-0.504472041525756,-2.56332599058013,0.797243884206761,0.669556102038105,0.137928676837355,-0.160212771209494,-0.0880969187235971,-0.14500241434589,0.0351096400238258,-0.195238680195304,-0.553502920346827,0.0559457038784009,0.134418523081441,-0.356894600793461,0.0838463548309257,0.372062064692128,0.162030628799789,4.45,0
518.0,-0.641320431095315,0.738097929491146,1.91643641091496,-0.162040293779077,0.371740226894166,-0.203710534353395,0.734552138291188,-0.106378121907914,-0.650379866582487,-0.0917150820369829,1.79740207337854,0.762495870392332,0.0287617552337495,0.15876483807511,0.395829884058935,-0.0760703360677829,-0.401123362705594,-0.401499944206944,-0.0553839998650893,0.0263219292349672,-0.0989130370153616,-0.232043103599348,-0.0118421810918523,0.2148941822598,-0.486273126612339,0.0042319016728532,-0.22693310966414,-0.0924555347382089,9.99,0
519.0,0.764614145085856,1.70619068358842,-1.75582326898206,1.55738605929459,1.10108282192437,-1.52945508856361,0.917701838227551,-0.190132334146002,-0.748935404668051,-1.04799294840309,2.57597962086527,0.538995397956777,0.662425314775265,-3.51562257682498,0.280192352094594,0.990653718015741,2.52031749375358,1.89491921011503,-0.128379516028413,0.165909180547093,-0.0853098059333543,0.0224523757486157,0.056011960329624,0.0084664264732977,-0.459203726965726,-0.421570494585479,0.260012320991944,0.0065711964771192,0.89,0
521.0,1.13271169825445,-0.931559147226701,0.913449576432248,-0.804351760086638,-1.06647788654245,0.577368964675909,-1.15321124616773,0.300888001492862,-0.793747379353685,0.63774525705055,1.96944933371689,0.656655768017847,0.999462168478305,-0.341088471391881,0.839802451435706,1.05462641409351,0.324138304500621,-1.35083038536009,-0.235573886701931,0.207244053984637,0.533603053226336,1.43606729707611,-0.114942763016832,-0.206096118282219,0.255424969170788,-0.0167371614006018,0.0611543413883885,0.0208066862323563,69.99,0
522.0,-0.608941396004246,0.961271047045624,0.978329578514127,-0.37541971231044,0.955269566549569,-0.11138633143279,1.1454622735558,-0.0700229034309536,-0.523789728002565,-0.775378533844265,-1.90752960241803,-0.605586853420366,0.0659474900205714,0.167036521723798,0.321341488168191,0.665199045348779,-1.22232402623623,0.403861745855916,-0.503846096394561,-0.0458645138654275,0.0343092084011896,-0.0103827013796902,-0.425614739263156,-1.02244762838058,0.613097883695956,-0.4011811022318,0.05135593254061,0.0836324932355802,39.05,0
523.0,1.11958886579381,1.13158607341127,-1.53301067790265,1.54522340321799,0.929387735470615,-1.15834960047811,0.589693926369516,-0.0934117631614227,-0.66077819303452,-1.41981156779534,2.85051333038297,0.132304786444557,-0.705828907695336,-3.05252175087868,0.656470677749428,0.902177741106774,2.8341948307536,1.36874564733143,-0.985134758435463,-0.062494978239096,-0.114062902718563,-0.283534483947395,-0.17351293600988,-0.111815908947854,0.707683833896674,-0.294680861258754,0.0474056083545953,0.0869887760995536,15.19,0
523.0,-0.421664541051671,0.348353106151759,1.75022290058636,0.54651190183493,0.461304497743059,1.43979277156999,0.452613433481581,0.319215712672555,-0.0461373331402382,-0.37657286065501,0.486982936946984,0.161995081332209,-0.794322268873517,-0.0376591229906986,1.26489556574015,-2.17600444738316,1.66438801893968,-2.4239625324246,-0.298391124045866,0.0381174326071027,-0.0154056958788108,0.378305200445656,0.138206346626428,-0.598533573895485,-0.776517366762376,0.526561880812638,0.0077114912268903,-0.094512787139071,42.64,0
524.0,-0.795322272590168,0.0812376254919425,2.21056814657417,0.268145340868342,-0.506874512892417,-0.30383969106686,-0.18082898171985,0.0855397280620887,0.248345984992886,-0.470247985769212,0.0166535118850042,0.540836447573768,0.373179221499117,-0.446604526935892,0.69298507497658,-0.971320379525869,0.801677485327358,-0.714838585000343,0.799956226874612,0.054227461314704,0.210198413264321,0.869921677284042,-0.118655866878478,0.744593666740578,-0.504293886619723,1.25984093304673,0.0146921821330101,0.128346046766554,37.89,0
524.0,-0.292211391567906,0.838604679648491,1.36084690097568,-0.0013458324523211,0.350835553760073,-0.894645099135934,1.38287202099002,-0.431655424772595,-0.400718629798324,-0.478108305998161,-0.455724229197532,0.167056029174733,0.459970254322377,-0.105811669147928,0.130068335275565,0.19125033074311,-0.897044279773921,-0.175738775856245,-1.13370664393194,-0.0003247595654959,0.0958443185484336,0.368186157451187,-0.150624073614326,0.391048375569056,0.186411167492397,-0.571951915137195,-0.135754819821943,-0.176199919937924,52.05,0
525.0,1.08984625831441,-0.60277958413935,0.924389347485624,-0.0770385001566904,-1.27590727060561,-0.420567141991022,-0.634844057495969,0.118674458555252,0.83848145392623,-0.230708525869418,1.12099984282109,0.824766091803306,-0.703517201104123,-0.0390873354391136,-0.446295786170546,0.174678978378191,-0.11827875275975,0.12126696789873,0.495021596158459,0.0128913706950957,0.112487795519799,0.36438609907397,-0.0878862517712516,0.644572120732499,0.192433295264419,1.42135159617307,-0.084481019468115,0.0033834134754484,59.9,0
525.0,-0.755011343838329,-0.51776100874979,1.76009130078386,-0.654205910029369,-0.0391429982129439,-0.492846592866577,-0.0473446735918453,0.118935990589032,0.734444258489714,-1.05351717589656,-1.2295685316331,0.736010638434445,0.860724521955537,-0.879886872372932,-1.06743211933145,0.141057448295725,-0.332026321196455,-0.509743395085076,-0.067227130580641,0.239908156599271,-0.0496077500188367,-0.200904060283001,0.268931258276671,0.108086907547233,-0.468659525345774,0.72954927512543,-0.017461817197246,0.0771633166076768,79.54,0
528.0,1.35853544886351,-0.443056971764325,0.700476395119831,-0.734665605644057,-1.13817556363471,-0.830189244134809,-0.637161664047863,-0.0744082549776553,-1.07898063905629,0.768789212301055,1.74007042036048,0.374510376624938,0.342880141538054,-0.0133380447936096,0.035602401789465,1.34600175763523,0.0357177315912876,-1.19407097668466,0.829605253866025,0.0795933000764789,-0.0317711605282391,-0.219788539152824,0.147940648451812,0.517099383269734,0.18610996765054,-0.5100754552142,0.0099965390741655,0.0142176949948973,3.71,0
528.0,-0.37841676509179,0.751515099663326,1.7722564477897,0.311020274197423,-0.32912997899302,-0.746205973697516,0.719033994237399,-0.08180485611005,-0.152417333726493,-0.661176739792268,-0.543594594430526,0.225280036908464,-0.227830180531477,-0.139890812049274,-0.442547867713845,-0.477507945507217,0.173167425108819,-0.632877742777442,0.255509464176522,-0.0346122545100534,-0.120891497962997,-0.240393523947233,-0.0578028581311606,0.733812447120795,-0.04944819348439,0.207356835467922,0.0233864117169532,0.0574693712998376,25.41,0
529.0,-2.00056742596757,-2.49548424091355,2.46714888066604,1.14005321575122,2.46201010503574,0.594262064257479,-2.11018252828269,0.788346961963623,0.95880939579941,-0.328630970257086,-0.0569944540245118,0.905932212987475,0.307605732897071,-0.845538686458292,0.690323418008909,-1.99102717089281,1.50289775083711,-1.91446569241258,-0.624299349828637,0.620898590987747,0.422452034243307,1.19539379837186,0.297836464741997,-0.857104695536118,-0.219321925940691,0.861018813763671,-0.124622009951715,-0.171060190144802,1.5,0
530.0,1.25593149521435,0.317615093545483,0.293256411409891,0.697224133168653,-0.413810488788801,-1.08198568639366,0.0531187074067231,-0.175252369834133,0.108261669463731,-0.268121739378776,-0.15584786059648,-0.0317020990170114,-0.271230586189929,-0.188650659568454,1.149016341505,0.503482632891275,0.0212508230401866,-0.236288629600525,-0.193085692008697,-0.112101990733659,-0.29356743102398,-0.871804345416368,0.134497657590252,0.326186065081103,0.199886363013751,0.0963954329749389,-0.0263728992096119,0.029732475867936,1.98,0
530.0,-0.690417296139236,1.32268070901172,0.910911327287702,0.112848556071586,-0.35628060241284,-1.04490179892294,0.330443673181682,0.387623396166134,-0.471598547678041,-0.721575336082995,-0.464031089648106,-0.248544199688769,-0.437749227780628,0.0102596067682734,0.92286485234519,0.534371509180888,0.212070548275543,-0.0226225853110526,-0.0933229985642568,-0.022150900388906,-0.224965163389598,-0.751207403786348,0.061962269660663,0.315721203201531,-0.154944220021963,0.0761852865245867,0.1142448733419,0.0344508328161476,9.72,0
530.0,1.21726110498281,-0.0806463327397788,-0.0592931991088805,-0.868862331128711,-0.236627992671563,-0.700158533893124,0.143747177593302,-0.111374358123736,0.790808661437134,-0.895455671326256,1.83753375154151,1.97777284709247,0.455351227745832,0.400478999537246,0.13555691970641,-1.3133513424571,0.207926999487607,-0.409951002158528,0.676098078253868,-0.126242860307691,0.0815817877481078,0.53469328567052,-0.159644364206418,0.296811561805622,0.855792891128452,-0.553063184227977,0.0542739832562945,0.0014104919093308,1.0,0
530.0,1.44572888653447,-0.992652912514891,0.702959270579312,-1.31131538778572,-1.61362534644119,-0.726591021076955,-1.04543113050879,-0.0792238895827906,-1.81243762188037,1.3813925423506,0.057466096637952,-0.790523465290067,0.120874466282795,-0.202414646881176,0.92080619271107,-0.643295278469705,0.887211038689551,-0.758273687293908,-0.633455104593075,-0.392319791970388,-0.409740163075475,-0.819421972381079,0.287769846180382,0.322667997764757,-0.0076349348001704,-0.46926858459878,0.050762554299745,0.0271976625148609,12.0,0
532.0,-0.681072116349521,0.926830781821228,1.87116142144247,0.923396723872737,-0.438214643325824,0.110162581921273,0.918258554397,-0.22289940320778,-0.0403601021614204,0.239503151043609,1.03984223348422,0.386524122485724,-0.983549025288702,-0.061619868697237,-0.602061726825642,-0.580104457068764,-0.0775078393777782,0.190753125904653,1.10921626033958,-0.087599046502025,-0.119717943179072,-0.131065010142087,-0.112667362073595,0.518058970569416,-0.330416688211359,-0.581855285428743,-0.363707080001308,-0.111442271274732,75.17,0
532.0,-2.08126385463261,1.68255832872131,0.651263799690254,-0.533548658211111,0.440529214940853,-0.113732360385407,0.875113876978528,-0.149852238454402,1.07760307421353,2.23030122216737,1.72446869975084,0.311639405681082,-0.252562578264232,-1.10190255228111,0.706008442069271,0.121038721102786,-0.356188624798387,-0.125557800536027,-0.203581004761089,0.937684098661375,-0.598398393258416,-0.625481590738651,0.10045458818979,-0.389908592400593,0.133481254796461,0.0905847151575284,0.657235699704814,0.23194141724043,17.99,0
533.0,-1.23353450286567,0.145320254671426,-0.0672272995321048,-1.75057723836744,-0.801068748255337,-0.381652221784224,1.56109520178224,0.32017243515598,0.231378945655183,-1.75110381281386,1.38649323161808,1.81367865095242,0.410059645362755,0.592935540300571,-0.659026858067073,-0.968179075271049,0.0373038867348284,-0.163562329278699,-0.0750873015775322,0.460897165330239,0.395250314303766,0.868590414210522,0.554971899439968,0.243594285596286,-0.0347023659326719,-0.829909170971278,0.234284579324559,0.190521391632094,291.36,0
534.0,-1.3932651854425,-1.09556933266949,2.60779451652572,-2.52906048910748,-0.135265292024516,-0.373238563953206,0.221445715974804,-0.962847269132928,-1.30449830335409,2.13930113608601,0.0383341927827879,-1.15631597571845,1.0186683458239,-1.79696244218759,0.673787429510721,-0.65484397014769,-0.074847474968022,-0.288132097552244,-1.23337006609307,-0.229819994740963,-0.281365327691849,0.563218498044708,-0.129765151016484,0.089264425551397,0.317551050329561,-0.288551447031094,-0.863521425475547,-0.519167900934715,25.0,0
535.0,-0.866655166687783,1.02962057697845,-0.410809874238675,0.159946080106424,2.372235649386,3.80111294816616,-0.0888005863131173,1.10307866578952,-0.293703189423838,0.21773437707106,-0.663311004344798,-0.0505139361476708,-0.176346212328843,0.172332101964878,0.17087432951978,-0.581112389275449,-0.095795706089546,0.212158246707124,1.46452690758713,0.199626127985402,-0.0982546484068005,-0.140316051091309,-0.181175868600202,1.01427341200683,0.119951993110184,-0.288596593588224,-0.144101988937104,-0.0771636302766444,8.5,0
535.0,1.08991295221448,-0.221547383952436,0.994240309643341,0.956010638317335,-0.812287224727591,-0.0387845166551627,-0.373130002925202,0.0751892706360513,0.853073567121458,-0.396362013664431,-0.352215456167609,1.14621492707057,0.477023664238987,-0.563335105408451,-0.736392447198308,-0.897693376580837,0.618807655021084,-1.27144071750681,-0.1325083171861,-0.0774499103680046,-0.0740970890478959,0.135950482079436,-0.0215828356523543,0.489919019746863,0.409944395712863,0.532836933885982,0.0119614418584112,0.0185942545424444,30.41,0
536.0,-0.736061880982539,0.104863639233211,2.35635504436885,-1.79691578429501,-0.727808948987819,-0.177561029743214,-0.264345921076437,0.179151819474262,-0.672160026649957,-0.0965916225687239,-1.19004828024553,-0.887365917266919,0.263957872415767,-0.914016413479143,-0.196125709191182,1.49288256989891,-0.0964004954361444,-0.9373964566709,0.219976771914533,0.271757424438946,0.132683339963924,0.432163430642367,-0.347869502010504,-0.126574455928356,0.487953164580625,-0.23576525650785,0.304175768271959,0.126340497752441,15.0,0
536.0,-0.696401906745576,1.18659731596808,0.761499236264684,0.783975083615848,0.825519373832699,1.12563841198047,0.422931347664673,0.336891906609552,-0.142015411905265,0.502031080469268,-0.175564414688282,0.198320970733199,-0.390952409106859,0.100615573022816,-0.319214766083525,-0.643692750391938,-0.108278418568927,0.279169550776512,1.50573827199648,0.246713503818856,-0.0984764288757524,0.0844906065458281,-0.302055811599764,-1.34499096749993,0.0910471062586905,-0.161472049242045,0.400489356538049,0.230986131088988,0.89,0
536.0,1.11427008772226,-1.08492581336148,0.873098705161862,-0.716837344346853,-1.40536235385103,0.0857654182950991,-1.12573988974636,0.231227282991345,-0.584219709962779,0.708034234655148,1.5015950061411,-0.165154352035716,-0.352209771710666,-0.088660242578735,0.740809342253637,1.42263403385729,0.118340913493538,-0.717181020031417,0.130222150565436,0.216548458619213,0.508500266425235,1.1885148228478,-0.15774935619433,0.0626357901216646,0.272105400831799,-0.0449682089716106,0.029386428026566,0.0267689636177289,102.0,0
537.0,-1.0972779818864,1.09434807676044,2.07433449071343,-0.0857760525770999,-0.200635483400869,-0.424142015398634,0.575308277533977,0.106945389894345,-0.278104503137866,-0.188979871167801,0.142235419637789,0.179205210998806,0.200475056565914,-0.032477631587508,1.24097840502846,-0.149016426773751,-0.0296136606761438,-0.688782364009883,-0.537782747926107,0.253305717020837,-0.0806922393988633,-0.0556300240282289,-0.132470995390762,0.410347987807037,0.1811980897646,0.295575571087765,0.395453509153931,0.197641504137651,27.34,0
538.0,-0.636010759624907,-0.303837535380687,1.21534265648203,0.308924178392643,0.561376575463901,0.296560090594398,0.862485174972663,-0.406400993649365,-0.0842629620056757,0.318734286083856,1.32271314201084,0.886438624545892,0.555259222801677,-0.324637690273342,0.160904167480934,-0.723296136500266,-0.109603458630699,-0.362909829662854,1.3786053503009,0.112950769790689,-0.155456098171834,0.14329153949324,-0.0136185441973968,-0.214472872901237,-1.09330724346898,0.396990556898882,-0.109661802202623,-0.345634287164116,158.0,0
539.0,-1.05458435060349,0.67151319809002,2.10671828023875,-0.591700619781302,0.228368409271412,-0.053747658881712,0.941606071507884,-0.191062245702184,0.267565409392081,-0.712422909799313,-0.693434270684524,0.113143219393172,-0.306906010115385,-0.6113373606873,-0.81992289666895,-0.49044269197854,-0.0549925768942994,-1.01780099114038,-0.888781279070268,-0.175150732683179,-0.0496883012434022,0.137517972387507,-0.420258772099212,0.130487916494424,0.482469027350391,0.394142559985239,-0.409756222004239,-0.179563891521218,35.64,0
539.0,-0.42004980312015,1.03464806946405,1.56584979052484,-0.0296434688544165,-0.0543358267364858,-0.907982628648045,0.688436382071916,-0.063127682085749,-0.389635387564413,-0.3085944035763,-0.40750143883786,-0.0626280782951625,0.0075949309289532,0.147237047583467,0.851449746995373,0.200169025507272,-0.392963058951555,-0.348189332324892,0.0161455911981186,0.0958689574053304,-0.2282818244928,-0.598231411800191,-0.023080755555517,0.360198737573089,-0.19431581598449,0.0716399808129816,0.265159253204323,0.121071416207367,1.29,0
539.0,-1.73858230920278,0.0527395171641715,1.18705699100722,-0.656652481541991,0.920623228812823,-0.291788032932617,0.269083075824774,0.140631449560352,0.023463959383195,-0.0664073212639508,1.06153934660562,1.11240900240709,0.431152469596598,-0.164533388205805,-0.677748783263642,-0.0646263269992824,-0.466099341672979,-0.537378439763629,-0.14059796536231,0.0029744746027127,-0.179545428882738,-0.192035835534195,-0.261879413230851,-0.237476584722065,-0.335040251584604,0.240322540351778,-0.345129311059799,-0.38356325114774,1.0,0
541.0,-0.62352482847941,0.176954714976126,2.56571518948709,1.54427997096419,0.109686401278515,0.0552180684738584,0.259801476089033,-0.192565686366367,-0.320105677349343,0.869785809046456,1.17067218960165,0.490575235050029,0.427361172069683,-0.66037355142766,-0.377799103776214,1.40578961787708,-1.66726035749495,0.887031804094538,-1.78633160877931,-0.0748068327526696,0.387799735501457,1.40829705436982,0.0194513250011242,0.545550510376581,-1.35758019517672,-0.332163772942973,-0.138539865751979,-0.200151400005968,67.1,0
543.0,-0.403086552214478,1.07843165266833,1.16532788649691,-0.187949504973358,0.499558707993067,0.016322819140058,0.573979654406964,0.191401720319954,-0.748148125052159,-0.407914316549289,1.54127133253439,0.980529390263838,0.811858512139957,-0.37157448986725,0.387964651284066,0.347367689640283,-0.125555558556736,-0.0761662102124867,-0.0411765981303515,0.150635329095758,-0.197658678605145,-0.462064710806177,-0.0478555322455466,-0.339166392017741,-0.194769343534108,0.102003098197331,0.26281812105708,0.0829441618614795,2.98,0
544.0,1.18372829311816,0.143446768035513,0.238718057208083,1.31687311843062,-0.0301960671147804,0.0121574344100624,0.0223822928940502,0.0424386100876872,0.409277431133452,-0.107348660594956,-0.96415750037743,0.0805100920829043,-0.689018583768591,0.168557606600159,0.0009185919916271,-0.588668872001326,0.168420016999922,-0.783958970891371,-0.228904367075151,-0.212156163311235,-0.130754637815821,-0.175157525879374,-0.1016695311662,-0.28229081288318,0.689078773645432,-0.288745648456441,0.0347640489622073,0.011592165850688,11.46,0
545.0,-1.03074650417539,0.89474695056802,2.37561984168292,0.218371812335504,-0.862126359522581,-0.180483154808767,-0.260299369575615,0.592380546261619,-0.0177650406969311,-1.03450538258321,-1.00159386695461,0.296203311095497,0.147483713170275,-0.212702731625129,0.0018638304932091,0.141085155472281,0.0527748662704537,-0.0298498939153496,0.207954928881047,-0.0978248145170213,0.0062028648073096,0.020326243083254,-0.216072481917339,0.435669714437759,0.192864440173892,0.35103042352909,-0.0662661279711875,0.0055825989846302,3.98,0
547.0,1.19270361118011,0.412559038848485,0.746328270106011,1.29355256313341,-0.513108357106205,-1.02428422182251,0.146295718603146,-0.199793940299196,-0.0989958298285903,0.0106920805102483,0.0471700991180876,0.596836889064037,0.390578617247692,0.272596762590544,0.929280077560651,0.184700512466845,-0.400393073784394,-0.586813382853846,-0.42245828704811,-0.119803844176549,-0.294073762144453,-0.865145786141687,0.20092525745009,0.667838301821095,0.242188413694781,-0.734883537204517,0.0268650700129539,0.0369286002613458,6.85,0
547.0,1.06685141226338,-0.464679210724868,1.98435268861983,1.52183426385001,-1.28732536423138,1.11301393101909,-1.3148758119469,0.528953408758432,0.249077729003616,0.53093384912203,0.938657016468655,1.39507331551936,0.59138442760767,-1.11970249889453,-2.24828882382938,0.515630475819744,0.28509621950348,-1.11581590251793,-0.269576999377897,-0.0292871863813965,-0.0801740149018566,0.115723691661485,0.149054598700362,0.419153115892178,-0.364680331407315,3.08744427401749,-0.137987340453007,-0.0161739906033409,1.48,0
548.0,-1.23342604202899,-0.212440503303147,1.83963155933599,-1.80298566693143,-0.493195104056738,0.350423887112834,-0.905316429005938,0.844863073493464,-1.52351682955213,-0.270389878543697,1.56064178808082,0.51074191364734,0.891203952075216,-0.144349281362684,0.170163447691925,1.32773444710404,0.253640453166713,-1.20546717165376,-0.765260691140291,0.108814667415529,0.668410378205187,1.57474998798699,-0.176482199522534,-0.221560659408433,-0.0585043357683988,-0.163971117289635,0.0146702701106021,-0.033209619904332,24.99,0
548.0,-2.56541747288904,1.28593559748015,1.44603646760607,0.685430493095134,0.496796960127548,0.970669195003632,-1.99476726945205,-5.91680763401729,0.893286676438144,0.911375184420423,-1.06129797871984,0.245055521830523,0.734203808034849,-0.549400245362962,1.54732151974985,0.401650146237598,-0.563612055871133,0.738738841331111,0.475193228253939,-1.66216291227695,5.20006182904603,-1.19148522265833,-0.0576477258199745,-0.457314002079552,-0.492138361287078,-0.330366176091795,0.404640069629007,-0.378188121760829,41.96,0
549.0,1.42246102324806,-0.547421898301898,-0.147437553764189,-0.615979101846922,-0.677018283805407,-0.825597404410465,-0.295487346158943,-0.237954141101849,-0.639154187961658,0.590816282170364,-1.03447593258908,-0.957039624778097,-0.47674472546007,-0.111483290944961,-0.131444284636711,0.698355601642011,0.474285433334895,-1.42797792672827,0.999716219526809,0.0640305861162637,0.122827205945725,0.342160690361545,-0.236404066507995,-0.0775281702157055,0.828617607805447,-0.0341261156909225,-0.017270501398495,0.0009456279026502,30.0,0
549.0,0.0338542253831943,-1.81831257557675,1.07733439211261,3.35053720545775,-1.29219479216701,1.54607987322394,-0.282520327999054,0.402054975396722,0.928263324227159,-0.0117061670918386,-1.80116439822006,0.0922647384737643,-0.871234303656779,-0.757440245827076,-1.72000125980786,-0.20420973852744,0.428463578556796,-0.689307478440026,-0.677380463896884,0.809244652406566,0.108767895991055,-0.45100751235298,-0.475113295877981,-0.261082090555713,0.181752575944425,0.0259185392672408,-0.0190350020995029,0.117563604780987,530.85,0
550.0,1.10184434022317,-0.174472898560733,0.446908390724061,0.899498557806187,-0.666439737661087,-0.697083995797693,0.0304182044835332,-0.121759540772403,0.539945357134368,-0.208769170365102,-0.760369818020987,0.182288668424924,-0.575758309114473,0.0552516810846238,-0.141388856493258,-0.246409638204073,0.0637330921236686,-0.630633422459987,0.202623888073385,-0.017777789559358,-0.197924946370959,-0.567183454205886,-0.0401944080568397,0.412944090310725,0.411435307568525,0.263744301752878,-0.0387034534996127,0.0234685442744507,74.22,0
550.0,-1.27419275865759,1.72226345235688,0.429337379732329,0.105931559077723,-0.732006018823744,-1.10786088663486,-0.0212785815819082,0.818795924791964,-0.447668787537702,-0.638641619345308,-0.587034043112428,-0.0782278435132245,-0.372871370074043,0.255231746117839,0.902354220989313,0.640600177115491,0.370465637496111,-0.0025962544547702,-0.127632128559322,-0.0196749113573117,-0.218749129900231,-0.786584415730547,0.106722098131575,0.313636660548981,-0.0836260028240843,0.0834942415379828,0.10963667908144,0.0182472118100058,16.83,0
550.0,-0.371258065551865,2.14882600353746,-2.56454600350555,1.80713620771122,0.475459860559715,-1.52183773508576,-0.66101076783504,-2.43862667930865,-0.551395025555603,-1.75293057019748,0.350951089032262,-0.694365694113687,-1.18678811486236,-2.68158442405002,1.08227092806624,1.16922001040385,3.16446445732192,1.69393337275898,-0.546015417949561,0.452169228016477,-1.38888460824671,0.180088551231754,0.571905544603922,-0.0075354626846976,-0.493312281050191,-0.413731618718286,0.0114355181348427,-0.05210685385895,2.99,0
550.0,-1.20335121324857,1.77464096941025,0.299299909519384,-0.418264753573692,0.484617042285845,0.071522617576607,0.0468992068106925,-1.49254302202968,0.308864546636991,0.271294633423322,-1.53280793963207,-0.702163217867801,-0.25811598494555,-0.485219687472878,1.05728019068849,0.787659982979083,-0.357700747003316,0.382133003715874,0.350549744063767,0.0355676778398812,1.10005872737751,-1.56111785243318,0.0540783239866291,-1.11910287536837,0.145057009360543,0.182842662146484,0.528715800532048,0.218047946878206,2.67,0
550.0,0.601635839119152,-1.63433494183935,1.04273785363475,1.06376782379264,-1.87293278103272,0.247780877419169,-0.699908889914933,0.211613084879485,-0.248832690341523,0.658580128984467,0.510156356994848,0.445604237180162,-0.968040601734873,-0.118080405943428,-1.16394583433538,-1.43576928370444,0.109774017519939,1.6557971524971,-0.670856256728255,0.0031284571842733,-0.302662243392807,-0.926638891190288,-0.144533818791346,0.4841265616282,0.113314801347072,-0.498559987660335,0.0282614737650415,0.0842195439894734,317.25,0
551.0,-0.4746609960096,0.316096499782676,2.44623957747745,0.961006558585439,0.311651837324127,1.85765393935035,-0.0672692625856462,0.482407010012942,0.274670258716546,-0.430779453922609,0.511684607968608,0.870151919810374,0.487530082111525,-0.582748932929347,1.29882127408999,-1.76789421700819,1.17293050844048,-1.94099191103103,-1.08859235425645,0.0136513937993645,0.181599728142721,1.04760897441549,0.118818206010113,-0.607101533069809,-0.918465135096183,-0.34438050169487,0.141437889497048,-0.0449582236862906,23.97,0
551.0,-0.444316305628711,0.874648030530876,2.39741443050453,0.834891986174652,0.396998044586317,-0.0231381839442874,1.19655052379657,-0.672690233944804,-0.133217375813623,0.525903474592574,1.46570711595905,0.991977549677303,0.429620086541993,-0.697477659510343,-0.740760329557277,-0.915457100213818,-0.302646437259453,-0.0339418606985377,1.13309141225954,0.229731864641251,-0.168400214670124,0.127108158647299,-0.339153525868264,0.567472461230696,0.0006139587566265,-0.521282592161094,-0.62683553810577,-0.563630606005026,8.84,0
552.0,1.23853282760964,-0.0110750446976514,0.332072692990882,0.0860291282421066,-0.449032311298407,-0.653982700364914,-0.11422978599871,-0.0565221871767004,0.304678671031906,-0.187623667280195,-0.1227675656119,-0.018008136331782,-0.520844093089559,0.398580130699153,1.43472739560561,-0.0217985184397715,-0.0197643972548478,-0.818619111778081,-0.35758684019961,-0.144288699668294,-0.0780967658715756,-0.206753924298861,0.0692824632351399,0.117772420194711,0.196515243368701,0.760194618101534,-0.0542578831702898,0.0031939788405679,5.95,0
553.0,-2.61838614082819,-2.30244892668703,-0.386399715490263,0.854628488979196,-0.861209325050501,2.03670684307306,3.88551141976841,-0.0165421450798534,-1.5699589032535,-0.966024954465989,-0.303215880067268,-0.223414556409735,-0.0384827803331236,0.274760866088902,-1.44105433835482,0.937529669806834,-1.03024114305533,0.190084751537807,-1.02340583280872,2.13516897261513,0.615238684638289,-0.14543816083186,2.00255120043137,-1.41961484563952,0.626972563086535,0.878217289508359,-0.377408876881988,0.143627541860746,986.31,0
553.0,1.18948240706799,0.23724716176087,0.244980428165645,1.08182351280645,-0.165736186225655,-0.515928741258702,0.0903892407775354,-0.0477966278556346,0.107288459731055,-0.0067362204142379,-0.316970891113767,-0.179416098236253,-0.873854482121835,0.588504893033013,1.26573184298171,-0.203006577582737,-0.0986054259647289,-0.495148484846176,-0.725331635222495,-0.218716337372972,0.0488031329706088,0.168334818071118,-0.0642078138081095,0.0634600770672346,0.583806412282815,-0.29647725648481,0.0235716092170169,0.0161210646791587,10.08,0
554.0,0.270554106180448,0.521380385442136,0.572349435253067,1.19170405013988,0.448293353075837,1.22661450375837,-0.158828984360382,-0.555250575531961,-0.260997249110611,0.0387123302007712,0.111648971179769,0.600396734872815,-0.246067447427469,0.378191107124706,-0.245332499492988,-0.535907685197732,-0.0036254259219896,0.0838691911881241,1.22235999990293,-0.0868653848604702,0.664678217588754,-0.40625552433691,-0.35415574654605,-1.12643171964123,1.00567520871356,-0.0697965586334854,0.200925059877588,0.200621687104756,35.95,0
555.0,-0.953029555248701,1.27454926349141,1.83550605538796,0.833733713494195,0.0193930276872731,-0.10338696739544,0.833451369456927,-0.242794657910207,-0.0759047245305335,0.636212189458903,1.32968212789207,1.1743792898807,0.497125516587743,-0.448920013075124,-0.789204849613107,-0.810985019681252,-0.155753765930449,-0.0111469648582393,1.08057679949664,0.237896924223264,-0.143524777110998,0.138945078838432,-0.237128921802409,0.562703047491315,-0.068518997184033,-0.54069275675498,-0.627312161516238,-0.550222645468576,11.22,0
556.0,-0.84808655235177,-0.573440512010498,1.49139860231401,-1.73999662635928,0.411572231381901,1.45371194865664,0.815612749217469,-0.175545821521839,0.573243112541372,-0.522165619024306,0.020680301834353,0.645930770856636,1.31604283438366,-1.1013469665814,-0.258419110151463,0.844939971540551,-1.41031591265618,0.307772601118173,-0.0334871848914498,0.13785261551144,-0.0168642189988213,0.439242005680101,-0.380274464718298,-1.55790699060878,0.0596064971143963,1.30659521754165,-0.392185658890733,-0.521429460017486,206.77,0
557.0,1.17358457603721,0.250650069928149,0.839630918934211,1.06630870942897,-0.365090385227448,-0.161886964357043,-0.230310151469367,-0.0123022113851368,0.123302037923311,-0.100170384739917,0.0115084526316702,0.963486762717361,1.3904336863731,-0.103179129577035,1.3506452785399,0.0381587641406598,-0.387089770387012,-0.404589222274949,-0.936492372905941,-0.0843315087249569,0.171834129979132,0.659724677332022,-0.0644827066682793,0.125329300409931,0.506080661373594,-0.270853949356153,0.0696037724086872,0.0300012005042963,1.0,0
557.0,1.13572095515975,0.185327689987062,0.532580535437773,1.4747058670844,-0.335261004135142,-0.372401882842573,0.0590398429744145,-0.0199131056701196,0.313130755880763,-0.11788550512582,-0.295769458550873,0.479426009030896,-0.484281365547396,0.145034376745761,-0.0848325437465735,-0.803784576781672,0.399018268400498,-1.04741558240403,-0.489409422526747,-0.213577243434785,-0.0819643344426672,-0.0223362781843383,-0.0208359725245909,0.413027563413466,0.608604010203696,-0.332334506259912,0.0377873906502867,0.0192384448651913,11.45,0
557.0,-0.332048620578845,0.31951083691668,1.23483403396317,-1.84305219945025,-0.349018053344861,-0.947157562617724,0.238728769756772,-0.0684518930682907,-1.05142432320022,0.217332547487083,-0.930288368371672,-1.2586413016837,-0.422576615020138,-0.231607487566394,0.0985322704101386,1.38085539435192,-0.126894602847754,-1.1122177471412,0.0443017623925542,0.131544411097264,0.184122336656303,0.506399596561148,-0.179404877734745,0.0140473942116856,-0.163897281965096,-0.388107568982296,0.362960838832446,0.200999415687503,3.95,0
558.0,-0.439880214777499,0.630450501419632,1.94259073063367,-0.798746627833954,0.261324546586628,-0.617938632033629,1.22428808511523,-0.84464065338638,0.211259338376488,0.263396920867638,0.504980366457617,0.0413310986127448,0.317095640963038,-0.641589570419094,1.21966819542934,-0.53774685385775,-0.245160887196896,-1.04038890753311,-0.226828062015421,0.129802568034949,-0.08505561348196,0.177107017595633,-0.142910324728933,0.466896509889655,-0.438533285372532,0.803908753608202,-0.907361842549233,-0.614642305464163,17.68,0
559.0,1.16977763108933,0.351227092065817,-0.257896565049697,1.00297505445597,0.431219557891663,-0.181795363166283,0.395080054567291,-0.0499694518342853,-0.585227927650806,0.217505814304077,1.25167663474446,0.858110141373667,-0.0491360280466013,0.771156955442326,0.220395667261209,-0.173254767972558,-0.417456171734094,-0.221115061425226,-0.259431904717606,-0.125418092290573,0.072416323987458,0.214930114195046,-0.184748437735714,-0.300331638136839,0.778690734994488,-0.249624010068391,-0.000996127790133,-0.0023646520804099,22.24,0
559.0,-0.988419770205218,1.04400956024473,1.41077410133836,0.142818951064331,-0.477671966137553,-0.477862871922047,0.168853048056731,0.590440683282572,-0.405238430143923,-0.514288872925457,0.791825073199529,0.712210754453026,-0.83741929536407,0.468441813390614,-1.10495277232091,-0.131899229734475,0.0879021063610824,0.0158702777698253,0.598720002019381,-0.0353117975865365,-0.0807825123678317,-0.192733673533574,-0.0732535438172741,0.555201104808232,-0.0706785181509164,0.212872403286038,0.186031066475773,0.0929959911740134,9.23,0
559.0,0.940965064702772,-1.86881102169174,0.426719309363635,-1.71711727721615,-1.86186939342381,-0.357676463842045,-0.767727544106603,-0.0398156101689622,1.20083809491301,-0.585487044900209,-1.38685566899611,0.293601235237845,-0.124621656997529,-0.480286664345246,0.259230856030849,-2.18702188318927,0.409553470719137,1.28711440920835,0.491033562584801,-0.0387662599728512,-0.446133803821031,-1.00323442847722,-0.181037410801828,-0.105474710492224,0.271430109418139,-0.0926947012867247,0.0287326201151466,0.063535426340392,242.15,0
559.0,-0.689943486143964,0.115395704104174,0.619567778933056,-2.25678862591499,0.985793003843296,-0.667985526263331,1.63114813794471,-0.939184050830284,1.89668995884662,0.237535560571943,0.408860570503401,-0.303664903883259,-1.9450990331349,-0.360861399676912,-0.367509950484475,-0.786716246292675,-1.07661844703646,0.606707637040172,0.7792079262853,0.0827883775641033,-0.200851366343123,0.485565476145849,-0.427692142410384,-0.510044262954164,-0.109329880070767,-0.906514444013466,-0.318317114883133,-0.599254814981976,50.2,0
559.0,-1.85901146818188,2.11913432276814,-0.0340726449395522,0.0994857322441757,-1.04683737600768,-1.21022622692315,-0.433630174745404,1.26111559218792,-0.419833445541828,-0.546292741765807,-0.712022291143379,0.0972660419709204,-0.309663884916577,0.502753656667742,0.880262275572814,0.741252782314394,0.531486834334447,0.0168754385700998,-0.161704917261058,-0.0076727620444287,-0.208053622791387,-0.824564872874745,0.142968147693545,0.310898687725182,-0.0146820514712495,0.0897313319186262,0.0933596732051208,0.0080704328550651,8.99,0
560.0,-0.604302881278666,0.919297541311138,1.750525999558,0.436348406641154,0.408253240859242,-0.35893866635958,0.682986642554749,0.0442927077628363,-0.631068692525182,-0.549595577458895,-0.249216500435243,0.107011772773364,0.10157178581687,0.256497263369572,1.06099793769062,-0.203830011006373,-0.179815697197443,-0.611510768046641,-0.444957112551932,-0.0401184063359193,-0.0933738492913118,-0.325678773524135,-0.0178405701866235,0.0241804861006513,-0.204440910184462,-0.64521913645518,0.130324462037811,0.126712880525862,9.99,0
561.0,-0.711796999469376,-0.983416038447803,2.04248995637108,-2.34850539277092,-1.67033277854196,-0.407697243098302,-0.243284569310369,0.0989522455169397,-2.32472516636832,0.787728509419946,0.953107031117266,-0.881548833416693,-0.379009545707546,-0.311722736696566,-0.443371685326245,0.207979298273333,-0.018227188724222,1.06217160363116,-0.825869137664941,-0.0393587805585758,0.230366969459228,0.659188216413418,0.153339401564224,0.486741376862191,-0.0213130171753794,-0.23252038525361,0.0609116951336795,0.115507314218959,149.9,0
561.0,1.21487241060553,0.307969625075775,0.278628885051056,0.64298127751791,-0.185160761562376,-0.603602499369191,0.0068812511899125,-0.064238913970223,0.030872046281597,-0.325988092857232,0.152765124678328,0.313114992639154,0.192869623565531,-0.256773923609088,1.34720879876393,0.18660663416342,0.2737765011319,-0.746653387998993,-0.556363655876373,-0.115172395569298,-0.260681520410401,-0.71614803185825,0.159803767026284,0.0335164612831878,0.14316968939337,0.124258956919504,-0.0065060525983786,0.027226191624611,0.89,0
562.0,-0.312911120833619,0.815135971004971,1.40526959520751,0.0705268769118777,0.0585584615444487,-1.03085529783663,0.760190986245628,-0.182237641129527,0.0373247555844166,-0.244486802039538,-0.443462503455587,-1.15689669312517,-1.76528097261785,-0.263621769046367,1.13191561757991,0.387982415959493,0.0102684412605335,0.0689870610124735,-0.0739731696397853,0.102080479329915,-0.326542090025208,-0.821321602678285,-0.0001879642837049,0.276734255217467,-0.243045576173255,0.0497747595343214,0.0646185418048494,-0.126739304183762,10.99,0
564.0,0.186117640976478,-0.159357904675258,-1.38922245783705,-2.4339964673702,1.75337782444328,3.59308208720753,-1.58216453752266,-1.9035143347476,-1.31480496653761,-0.327551053131979,-0.524536564293986,-0.459615719484607,-0.360896355773624,0.357503037908764,-0.745138858842763,1.3020880793029,-0.0840530633564436,-1.23242593650241,0.149428323056938,0.80366696621261,-1.08440075951105,0.656715992967065,-0.139814515267933,1.0361641083605,0.804412736754006,-0.242089622312675,0.103551543153727,0.276179538919827,48.0,0
564.0,-2.4227082266301,2.54433833757383,-0.509210482779809,0.084549536076382,-1.43167656272148,-1.26568442834521,-0.776953355508974,1.69706221086741,-0.399876797217258,-0.466412839080938,-0.836636145100123,0.264950125028763,-0.246808401548959,0.747364156273897,0.856407504154523,0.844407355251087,0.689970818814665,0.0397676821629278,-0.19673152497896,0.0098647060984065,-0.196937738779109,-0.85536102105331,0.22460732109656,0.305454612446767,0.0650007926771636,0.0968898697987141,0.072785640353434,0.0042350457614276,9.99,0
564.0,-0.203836963864141,0.53274662871545,-0.339856733043377,-0.730934260939196,2.72816257498976,3.53588181803117,0.263680184219404,0.919169087962696,-0.194501262283352,-0.585054305801306,-0.80237530407171,-0.0141470223072166,-0.375816522717456,0.0382381406054484,-0.852739530462111,0.107166834230561,-0.806489193874321,0.0040041150052986,-0.292566027552283,-0.0891627846525723,-0.0820873178567963,-0.271636332717409,-0.157777907403622,0.989457903954312,0.228821131934427,-0.54515555264859,0.0581200661999662,0.0355730062353298,12.9,0
566.0,1.16635993693675,0.0050606289516111,0.497768218904926,0.798919611191457,-0.365524459185628,-0.233421182041687,-0.0742096786031661,-0.0083246146049667,0.437687331598746,-0.24728945602695,-0.417290467860866,0.634783847221055,0.0853029177314477,-0.0663599100477113,0.0272612750637118,-0.580178535449089,0.302829747099975,-1.17753727294245,-0.144620437226569,-0.118735089094404,-0.195728246702071,-0.365798297564182,0.0307287802549816,0.123133360937817,0.381748871851574,0.29673520776357,-0.0071745880922273,0.0119045590635798,18.56,0
569.0,-0.461787766445311,0.443205089848672,1.80563019580973,-1.15408998800866,0.159950498308469,-0.472073859592823,0.649424847876124,-0.100823370250888,-0.220588142242948,-0.413928076092805,0.879423322009604,0.0551645427190297,-0.690801568646387,0.0991613076578398,-0.0028866607449365,0.815666832695668,-1.05848499118031,0.350706505197117,-0.111046333993057,0.0057150485545776,-0.0487651208354249,-0.136351297000073,-0.120306251239837,0.0135753062153111,-0.455417874133774,0.675957851535802,-0.155641476019776,-0.120385775463086,15.25,0
571.0,-2.99062235532712,2.96263827853026,-0.98084419848421,0.0719036722180677,-1.79523764280229,-1.3357326871775,-1.14368101558442,2.13459940218658,-0.377239636768461,-0.382308095813787,-0.96132511065181,0.435644304340117,-0.184131267609878,0.993494382786659,0.832997905078339,0.946421076440104,0.849673036066219,0.0611737342864934,-0.23254493550676,0.0286664256865446,-0.184759157023359,-0.890627975168963,0.278109118247878,0.301391093000642,0.137763770306988,0.103233296331225,0.0520973352734043,0.0019376956786534,9.99,0
571.0,-2.3553362404209,2.3161815282492,0.701735382207059,0.174500915945318,0.677346314338164,1.02970477483439,0.792867744725404,-0.0605806532453886,1.29652489956393,2.80364198296581,1.13019186119821,0.311371726271091,-0.0276678040496386,-0.629411765719337,2.2619399861392,-2.06781152206287,0.828435504390344,-2.16351104230698,-1.46681787953666,0.972465687172799,0.0088724060757974,0.955805671469016,0.0472915610964018,-0.650139624482622,-0.282281939622705,-0.286390827326717,0.335493474187202,0.223060640464303,2.89,0
572.0,-0.772941380101676,0.815403709114015,1.36553639929453,-0.519297931670518,1.0348671126681,1.65880611515483,0.436414653428165,0.505823566029962,-0.26947984880858,0.19345129730035,2.02722063996076,0.676563439095261,-0.3691617448776,0.215080454719714,1.33903780775185,-0.862921077753621,0.341512323305933,-1.70200513943177,-1.14623557720723,0.163925224305782,-0.164131623251301,-0.0671830418211644,0.0302429076660355,-1.38011261052988,-0.477699138702485,0.180325110746214,0.275730305686649,-0.0688303019095222,8.98,0
572.0,1.0631954163549,-1.15624696298981,-0.814093597711277,-0.462131622042555,1.13783481544772,3.90905681574905,-1.11674495633126,0.920513652982518,-0.600150451573897,0.686100387907973,-0.688734222878903,-0.122089522679922,0.308789738732527,-0.099845868464577,0.511127665731359,-1.10705212622017,-0.560792995506383,1.88992029227789,-0.789775239379321,-0.112383597942103,-0.205082975474286,-0.434831765779884,-0.22005519172246,0.991995908426575,0.631623600797259,-0.223178533522253,0.052541608703601,0.0535253479115527,158.0,0
574.0,-0.402057030445791,0.584299900966221,2.47422694612055,0.929684062877304,0.0143137097884111,0.297490246372708,0.715194582634109,-0.257152873202103,0.593868326827021,-0.179321634379115,-0.509708400135098,0.345462616516336,-0.257994860995501,-0.958306062102147,-0.888987963974506,-1.20354641419234,0.354845755694896,-0.90239344683519,-0.202308508026038,-0.0266002197352661,-0.0728123302739568,0.445732604720208,-0.24510336762558,0.421234407620337,0.0492798709093023,-0.388322968469408,-0.329332987721696,-0.386747159020337,12.0,0
574.0,-1.06212907947623,-0.618573509182783,0.615387802001358,-3.33583361087208,0.746649118933988,-0.540530649909822,0.705931946141352,0.0325252747401007,1.33418076691104,-2.32638861473898,-1.27785836295482,0.0682338130702978,-0.194686301428142,0.309083012537048,1.90263844567413,-0.513264466418886,-0.567202424814753,0.0683163212587509,0.762924820768938,0.311058828765511,-0.114268576617898,-0.66112196122255,0.136249609369582,-1.37724504058484,0.263819893298918,-1.11551558537892,0.0792127425254097,0.116637851454133,131.37,0
574.0,1.17836386174598,0.444452843800443,-0.39872330075993,0.724485932429829,0.123438519580628,-0.753883381818192,0.161412249551307,0.004017368610729,-0.306010658913081,-0.447325442680384,2.06754173873,0.305623800596035,-1.0523882393311,-0.60665660270314,0.567806315307093,0.34305874080989,0.965955483010594,0.223977904395706,-0.463516775469632,-0.159718205107131,-0.0552671736150505,-0.147936551888051,-0.0265513379903036,0.113746625981617,0.412081377015899,0.371214481534139,-0.026678720024391,0.023271787775316,0.76,0
574.0,1.25771919362,0.364739119434284,0.306922619677791,0.690638246879564,-0.357791752392347,-1.06748130244581,0.0942718489375525,-0.210300432050399,0.0144549642648907,-0.28601237260551,-0.0501131545762812,0.298046747596868,0.348716749873122,-0.312208562449989,1.08089719169549,0.474305385070544,-0.0142031767086022,-0.312505183412392,-0.197051772970859,-0.0737789210901354,-0.286856218087276,-0.820657826496295,0.12766314749037,0.343127648423764,0.221120130509198,0.0943911233127048,-0.0221889746545145,0.0309440462460191,1.29,0
575.0,-0.572263018619647,0.73174824277354,1.54125421158446,0.150506094202403,1.10897408964332,0.372151600635512,1.08487947576849,-0.146328951186142,-0.274446612404528,-0.663670138260794,-1.1848126789841,0.489481657833689,1.0512764657842,-0.592285866590834,-0.664236059689141,-0.451183849119144,-0.418160459541467,-0.78599852616278,-0.54711924428627,0.0565439217042411,-0.143508127774855,-0.10758177384538,-0.418263291600821,-0.731029406539506,0.877524964623133,-0.364150377608967,-0.177508745796918,-0.256544940446096,26.72,0
579.0,-1.29684450383076,-0.511604912942157,2.4047256192033,-0.310761701095025,-0.319551484745996,-0.542842314941055,-0.173310293961448,0.260423309430085,-1.20268816236017,0.0505836641209405,-0.680376156072118,-1.17010466488124,-1.52231888233538,0.242212354735897,0.931738661922155,-1.2054083186794,-0.0698904438333435,1.33734793472314,-2.36086235595239,-0.349667884885691,-0.0712696896575107,-0.161175253244123,0.0884955044701239,0.285389767048137,0.281068982022029,-0.3701302508268,0.0434103271805991,0.0923184817086266,80.0,0
579.0,1.21417039374976,0.210481142437712,0.484651269734864,0.479767782283227,-0.26195501683953,-0.527039085188394,0.0217823510340125,-0.106887849018357,-0.0376306784392546,-0.144072840595856,0.122568407487246,0.781490321027799,0.916075543651476,0.13899148983483,1.22536595012052,-0.0120373494178425,-0.166323337504466,-1.0912774692843,-0.449704671966526,-0.0715404402567792,-0.224291781129631,-0.594608892340851,0.159877263601898,0.0918727694767772,0.140963981366482,0.227406270847326,-0.0173885636563921,0.0160298675107399,5.98,0
580.0,1.26703028847134,-0.0711135415913203,0.0376804890402859,0.512683226467184,0.242391583494431,0.70521247710208,-0.226581594274715,0.109482807445785,0.657564536603361,-0.276917772106358,-1.73161502874299,0.353942245666819,0.640629838486909,-0.35472637792995,-0.0752359373015062,-0.241936025761641,-0.178459085604682,-0.616666830880112,0.352149890363865,-0.0669899399860147,-0.16446813639396,-0.177225222821724,-0.222918292658277,-1.24550475514943,0.678360338435383,0.525059337692514,0.0029204671086309,-0.003333233448253,12.36,0
581.0,1.15375804845906,0.132273105603992,0.38296903981079,1.40506258246122,-0.224287007482232,-0.197294920218639,0.0206527260131429,0.0292598075891255,0.412253788971917,-0.103547035490894,-0.673794498322223,0.101311855142728,-0.935910633207915,0.227343427000789,-0.0048729834749694,-0.684631613520076,0.30980165242417,-0.878240272709872,-0.363991872088297,-0.230876939967227,-0.107809046835611,-0.125230561857698,-0.0570406302144682,0.073082451142801,0.633976849627004,-0.31068526594471,0.0335904983627225,0.0152503034337825,13.79,0
581.0,1.15345453322987,-0.414609366098938,-0.356475585124658,0.330125385209091,-0.221110032449083,-0.545366478429344,0.296183533097347,-0.339412268522691,-1.35571602372374,0.723105359656906,-1.13677559090994,0.121000677208272,1.15875259281373,0.228422344256889,0.581521076652162,-1.33867400233337,-0.419359938968317,0.878138130738541,-0.58993848983063,-0.196084661664483,-0.675877691488362,-1.77619279968001,-0.0454919147665051,-0.529825675671245,0.442843058458441,-0.656074880463393,0.0029816366872212,0.0438791132459578,145.56,0
582.0,-0.185773992034697,0.0684934833400868,0.985169028466344,-1.60889094001108,-0.182242080404157,-1.22006910806993,0.616142160142493,-0.357734743215719,-0.73803841148279,0.453282670315116,-0.874330093669388,-1.35496965398576,-1.16223492620744,-0.35949405166598,-0.853049053866628,0.642377949815409,0.265605173297798,-1.46674875464169,0.172791588588779,0.159475854365151,0.199537460432319,0.800293922280278,-0.149952711181356,0.385025177171703,-0.293320415273648,-0.35596260173614,0.220665583060094,0.010169095760917,18.0,0
583.0,-1.71853685640724,0.448160285180491,0.951223158588876,-0.32466093734756,1.01745575533974,-0.0946684851642017,0.840508347552813,-0.315052833821829,0.847882510833758,1.20539658504529,-0.952685897010909,-0.976895827823975,-0.793281877179898,-0.418873941655994,1.4830346702447,0.0912469143215203,-0.711044183488932,-0.479930215904331,0.0787687415934487,-0.00432713110198,-0.659559547211222,-0.654976966220281,0.440165345917497,-0.981448442466425,0.105763350486688,0.159317164552584,0.398802486964592,-0.289986875138724,10.77,0
586.0,-0.572162905594779,1.08326567674951,1.65922238813432,0.0357030008455127,-0.245593107694275,-1.09152277225224,0.691824805056501,-0.116613719032287,-0.327957677014201,-0.197942623634745,-0.122240862522787,-0.014437216051673,-0.158958610969124,0.153372652319729,0.847858880305982,0.0975925046043572,-0.273631474070478,-0.449289655523861,-0.104654904566053,0.0643808186148637,-0.190155724423718,-0.546421713185366,0.0382089992954309,0.687816406517327,-0.250915108103969,0.0388252991596662,0.128088582483027,0.124900279934122,4.49,0
586.0,1.22287415624452,-0.070298585581596,-1.48857192166973,-0.0798984918351174,2.11150707097247,3.46564624356777,-0.637465918448862,0.898122173092801,0.45924659971725,-0.721673745296095,-0.159468715197294,0.0106831986736061,-0.24660679578554,-1.41360235954487,-0.0412513591003173,0.434197331025005,0.637372342798248,0.487801367597796,0.349996999710288,0.0835937925078516,-0.223689802752649,-0.594068698948276,-0.145532988310099,0.942843749476552,0.699800402746969,0.424816242064,0.00026823187622,0.0392272183136226,29.56,0
588.0,1.68531381539456,-0.782434172834144,-0.742996681317234,-1.67382073909035,-0.440120445524535,-0.558665788282573,-0.499750302197541,-0.323985971664054,-2.08598361759199,1.50804186201867,-1.73470063295164,-1.45176798460013,0.511670065490128,-0.0971414259559966,0.387009382134111,-0.364737263310012,0.16254713417453,0.213913142197501,0.407241067477861,-0.332877054473542,-0.273902114306973,-0.352040196196557,-0.240869344377675,-1.00953470115138,0.869889688668569,0.0050567630846087,-0.0030363840077724,-0.0101377673905887,0.01,0
588.0,0.485684922315229,-1.36745789853534,0.867545893148895,0.321954206428702,-0.760654478944322,1.57342149936576,-0.588741777315947,0.531745549117997,1.04939329564874,-0.784748641980355,0.555210003825023,1.3658279500822,0.449403331844814,-0.466201952415976,0.735057756761317,-1.47242323377282,1.44309482853939,-2.70366940949023,-1.2973068421308,0.355380317856205,0.0755874263709208,0.047856619452659,0.0059349090907838,-0.52036124295587,-0.301105832317883,1.02014124008956,-0.0087442128931366,0.0507236168105016,275.89,0
589.0,1.24565836480361,0.465419870562264,0.219100261441902,1.35127650763869,-0.0476535370469684,-0.828625791859024,0.400433919748928,-0.309240236198602,-0.143430661065008,-0.0416504147789673,-0.418247937788157,1.00582380091463,1.1746676604878,-0.0107947280386476,-0.153772179860858,-0.437974688534853,-0.186802051256577,-0.599193719035308,-0.137634678368262,-0.0885123658013018,-0.0216222056350525,0.168910323087871,-0.160163438261918,0.449776775670578,0.884478992434452,-0.265334814586983,0.0181611328467762,0.0162443578664794,1.0,0
589.0,-0.123154738586794,0.317703572723429,2.74779826873803,1.62020118299651,-0.987645105450444,1.35346239961513,-1.07229841505469,-0.288371716591388,0.356136119960815,-0.273141399176767,1.18183279625382,1.63585286611569,0.464793470151735,-0.516843015854005,-0.583119360383835,-0.674652835792971,0.4771014343347,0.009636312493307,0.661392810996894,-0.0650846570903379,0.819643428215018,0.238082803754479,-0.351018915035358,0.277905832132626,1.20682011815992,0.0269692305960818,0.204274899381111,0.164096038286115,15.0,0
590.0,1.38639222295391,-0.638327440704081,-0.143733889404019,-1.03812742015013,-0.382844202683097,0.0135714957608853,-0.562578108347929,-0.0266318717495788,-1.00302886652699,0.77892426843408,0.329102175405697,-0.19832286863744,0.584156695378239,-0.0730209702582049,0.0936472766498082,1.67242314229495,-0.482069176258555,-0.487017790784137,1.28212478098734,0.220033948453447,0.138849823077439,0.222939053218846,-0.254892898307805,-0.927047008307956,0.635448072155579,-0.150071620630834,-0.0070319190724644,-0.0001449587594789,50.0,0
592.0,-0.937904055589607,0.115392682794467,-0.31486359575083,1.70809273139586,-1.43912668638414,0.0111459706914521,2.05275172534962,0.0710515975333347,-0.81580815291184,-0.475701372335623,-0.651825083549632,0.792566788181548,1.3666571338934,0.265740973468571,0.0674618570671788,-0.650434433251155,0.243979901109632,-0.11361258632838,0.681311774287969,1.08431247228164,0.378692353429642,0.524255917984634,1.07632470614752,0.390586999646016,-0.0469071333162749,-0.274319059090249,0.0860775087229002,0.102004785885024,470.88,0
593.0,1.28578408457805,-0.204800181788683,-0.912386535091836,-0.342584213540659,1.88154749297588,3.60881453066361,-0.704128946901396,0.908009029296099,0.409535791001752,-0.144919284896399,-0.434718241799483,0.282398098497617,-0.14103390278099,0.0371511864041974,0.0559597695641921,0.142997743094697,-0.498530318902751,-0.272597674071618,0.595132928271787,-0.0064306315724357,-0.35517365046003,-1.00088978337378,0.0457474262309161,1.01816465134931,0.495726721911363,0.196642783157174,-0.0126369837079024,0.0095010508115189,2.69,0
597.0,-0.579711960472138,0.863978981323137,1.5485678885124,1.09411644662122,0.383149871573759,-0.0058841015554682,0.802097223517882,-0.125621881419378,0.0297465078979738,0.151421429131404,-0.629093880171035,-0.153313662511226,-0.640298059556435,-0.162919727582289,0.134772964556203,-1.17414410591134,0.428248445048101,-0.695283525481904,0.441604731534043,0.100045957123411,-0.0853246840634063,0.248800333327495,-0.10415441940934,0.0816588669390609,-0.0891687061857052,-0.308128861959774,0.133323628071726,-0.0272733582702259,11.46,0
598.0,-0.795188115818995,-1.10826685688292,0.590149255683361,-1.86998626782724,-3.42535108122433,1.16482054232391,2.03588857455072,-0.283824904000128,-2.6596147582446,0.81783594916849,1.31424358536201,-1.31378676311681,-1.02516396057429,0.0634679801120265,0.161884240972059,-0.380727193311643,0.606071250228222,0.347917316721149,-0.270608084376731,-0.311874510103985,-0.0831838621122049,0.14609035046763,0.48781298469157,0.1670539263354,-0.123568255930348,-0.235404824513073,0.199593529846766,-0.113899589051602,605.5,0
599.0,1.33695648356487,0.290431830675023,-0.387642217690981,0.166746193501,0.566886657304878,0.25064042921157,-0.0257731003536354,0.0304239436882423,-0.172015401917762,-0.12320545982374,0.157908887000264,0.575772460960416,0.862445581464981,-0.278093490075462,0.473860256494313,1.15931576498592,-0.908354313280351,0.708619150418272,0.740028762699755,0.0115371819990055,-0.345223763987928,-1.00107695799831,-0.10108938205804,-1.427888285517,0.431127813084969,0.182826351046726,-0.0262697279206988,0.0038759896846258,0.99,0
599.0,0.142623031085026,0.615164602555194,1.4215469925973,1.29121735809183,-0.61799716922571,-0.428987746432248,0.678547976171663,-0.367664403623437,0.162606581131061,0.270924218440451,-0.367729528391386,0.131576417215044,-0.0929870346182179,-0.286104225916766,0.421350576291474,-1.08750136370836,0.541915715656718,-0.464147857798045,1.78234107407874,0.118753324343239,-0.118523734103548,0.0739006450306557,0.295626882781679,0.74064572022135,-1.54420934515933,0.133509983769342,-0.0014658887679067,0.0148129316682875,55.61,0
600.0,-0.861028332465561,2.02018640741438,-1.25448543616574,0.157925282648979,2.43295862334372,-0.672431963034317,1.43482551597318,-0.314030164175411,-0.197235869795237,-1.23625790844752,-0.279043473101557,-1.17410969086228,-0.0433384842322051,-3.9858770726334,0.895502810915015,1.19584613178003,2.10374131919765,1.34168821274701,-1.26218234536494,0.195540092656862,-0.322146388220879,-0.563991728684466,-0.576134540125469,-1.66966569888844,0.681097387612951,-0.356300566535576,-0.0148039631401698,-0.0245493122825228,0.89,0
600.0,-3.55890898823261,3.3808361602821,-1.45600257556929,0.0593229159468732,-2.17004449384791,-1.39858564835339,-1.49903603673447,2.5703199833909,-0.355382769533694,-0.300053650087346,-1.08567908949829,0.605352161288983,-0.12107516155814,1.23916122515855,0.809901602187245,1.04951388826121,1.00886622374494,0.0827727954866637,-0.268371636467829,0.0459230791435498,-0.173392188481205,-0.925282434888163,0.334652865844306,0.297349577965105,0.211369527286376,0.109737174560337,0.032829595998214,-0.0012713271329819,11.98,0
600.0,-1.58249207672452,1.33884828243387,1.90826543335439,0.198895281153605,-1.23534740073349,-0.241873995092125,-0.619284431776561,1.02886524147474,0.0040767200312188,-0.950057783619616,-1.12609843911285,0.464873038421959,0.208989347072711,0.0311446638618746,-0.0225531095956461,0.243044610624873,0.211662380854474,-0.0092605415001265,0.174218533783916,-0.0930452430678316,0.0139925775862986,-0.0101106889008001,-0.15071127791416,0.431127289151393,0.268903682958708,0.358500411698672,-0.0824019699648828,0.00094761885543,2.72,0
602.0,-1.10829234908383,-0.770161780096341,2.7593091732643,0.0898095159736813,-0.171879460439457,0.0933655156770756,0.569611680285188,-0.756861411897707,1.55909604219505,0.47951782035239,-0.207980336771197,-0.700451701805273,-1.59608259408292,-1.23394563734972,0.473356573343257,-1.10199963285835,0.429684941988507,-0.918792507261749,0.907992721225833,-0.143261461775236,-0.387886297212301,-0.0101349294786458,-0.292322127667429,0.491111406634944,-0.771184499760706,0.873654789482962,-0.839738335615688,-0.665924165605842,120.02,0
604.0,-0.931571904607774,0.614814101066143,1.87448693616375,0.53646499526855,0.832747706092403,0.411702373645817,0.718649987469117,0.0434728213809222,-0.362946374744199,-0.161027325585543,0.702836541740742,0.275486367670287,-0.976817522408663,0.0477869382002479,-0.785014979533616,-0.627477485176267,-0.111024573575343,-0.134116436372973,0.318339762655262,-0.0340881073459192,-0.0568812748892137,0.0471527729469729,-0.370432128050043,-0.309263417077883,0.545066951291393,-0.314430186806298,-0.242901332582321,-0.134454275822346,10.8,0
604.0,1.05277816738228,-0.128503479533595,0.545900391489858,0.533815449732759,-0.71261397689325,-0.789848261848089,-0.0098288458692072,-0.0328159977083645,-0.0796867642947162,0.0681493452192793,1.53962600081259,0.663896692082213,-0.71184637103064,0.640009063244362,0.432372679396839,0.524882850466556,-0.530292365009629,-0.0970178268728332,0.154877742496435,0.0166251494152036,-0.250542267783924,-1.00179038144123,0.158736401315804,0.499039144160762,-0.0117617436345128,0.0670412893059522,-0.0600459900734109,0.0231331803918385,79.95,0
604.0,-1.40269017872124,1.73544149459288,1.27109785439825,-0.198567584382338,-0.214255506877126,-0.502423356353962,0.342362096766829,-0.709484661662195,0.185325449043281,0.632250461473686,0.209084909867733,0.344762709642021,0.142253556108559,-0.0366736236264407,1.08072063213396,-0.256432880277911,0.0284057525781495,-0.967688982361396,-0.573972815055303,0.284168370449377,0.495521372952873,-0.726775535015666,0.210790323225495,0.359648119826348,-0.125185464701739,0.100667921369025,0.634989750212493,0.313495063436483,1.79,0
604.0,-0.197642794447037,0.621120457348622,2.24108643895856,3.24302734134221,-0.0866453763532072,1.37965633029928,-0.219907009557445,0.334867041581018,-0.0884103190075665,0.303872702432806,-2.143585933098,0.547358162400052,1.18169302162684,-1.19843936687246,-1.6876584459825,-0.765342192773356,0.483278692074932,-0.226158460462352,1.85355243595889,0.230443304108176,-0.174403415969585,-0.0302651471045835,-0.0028588885734164,-0.403611612603869,-0.692031555502892,0.0979262768229675,0.270209799787306,0.206080730830959,26.57,0
605.0,-1.80779353321176,1.2098684540726,0.397865185575986,-2.63354944528467,0.620654034749043,-0.45481500704928,0.257063335902961,-5.65862929763372,1.8261128609124,0.185834126190542,-0.429391228057491,-0.121346918733452,-0.757456546895696,-0.429837689720209,1.19905749990523,-0.85716836604463,-0.646459003273945,-0.087644082264711,0.658229665938147,0.588037622440791,-0.0192800399083812,0.209818563430774,0.202698516319094,-0.158566269383993,-0.126323482344862,-0.282856325744614,-0.865983584119489,-0.676771927057938,10.0,0
605.0,0.888447712914739,-0.629868071746263,1.34422045703668,0.715794866552455,-1.44911497287849,-0.188217672749961,-0.76677052354933,0.206371836218656,0.540483523261486,0.0265299860383261,1.36609402175665,0.614721655713016,-0.404278922670434,0.134691333056163,0.961736386764781,1.02638489197937,-0.834198726418533,0.949283432018024,-0.442986263200782,0.155565811105816,0.359281716399722,0.736915105437378,-0.127126236102692,0.573479232058033,0.0859660427444229,0.429653561914443,-0.0098149305419589,0.0453542532233599,134.7,0
605.0,-1.40683785330273,0.996384106864053,1.88624364830818,-0.126791590793546,-0.049196710707108,0.0567948701514007,0.629037213385173,-0.524578088977196,1.19905336541714,0.902969770910576,-1.07523755723521,-0.146148642724157,0.234693654535218,-1.24069900440076,0.005206508373568,-0.266294957706492,-0.548294494702131,0.0101711388912776,0.298446217309943,0.240192545210958,0.0176600119093704,0.575681403231975,-0.345084086416843,-0.0503383210987609,0.0409072692028934,0.382419637540382,-0.723943082399068,-0.0957627250803487,17.5,0
607.0,1.03826115397494,-0.3014148540157,0.910166866391778,0.86387191254094,-0.741702147357194,0.0901250849892798,-0.409753476588576,0.0767225223243765,0.684989858653557,-0.30622553751677,-0.402137315767588,0.924803646578995,0.836034970850575,-0.450041762574791,0.242099718003608,-0.337570274140416,0.119844839829695,-0.716553826785727,-0.447644612653237,0.0400559285181011,0.134996237347928,0.554309191852417,-0.138944369793223,0.168499662960642,0.423858806377557,0.530611285392211,0.0149796563582453,0.0280409233918118,69.99,0
608.0,-0.290389366910533,-0.315749892398908,1.36542539557344,-1.00831100058556,-0.581262528563107,-0.297351145637755,-0.293730466834317,0.0124409461470276,-2.98062444526111,1.34765301625046,0.106843861426067,-1.69446847116299,-0.809825952239199,0.291556491663433,1.6801895096436,-2.16510489990272,2.08362229430512,-0.741565435230734,0.891132113694979,-0.126469418207474,-0.0271304937252348,0.301991568449767,-0.159177366075913,0.0783670270318544,0.1649791404168,0.244876071805546,0.10168257885139,0.0672894570216085,15.0,0
608.0,-4.13021888038491,3.79424887744338,-1.9288314633357,0.0480610784686459,-2.53234550507731,-1.46996050362473,-1.86692233272145,3.00783528956927,-0.332470711061892,-0.215928987431595,-1.21031223760254,0.776462416626867,-0.0580935872667607,1.48566082736953,0.786827563094834,1.15175417122201,1.16868295593723,0.104136542992758,-0.304503339498002,0.0660230784258833,-0.160842313046079,-0.961562705954026,0.383983612011858,0.293527927212715,0.283096132047464,0.115835646816276,0.011618450781766,-0.0033227307526143,11.97,0
609.0,-1.5087128091014,0.731305239252013,2.11371736096056,0.0670233817026012,-0.413713117681184,-0.475388999567003,0.922241697758886,-0.573582939681751,1.54723448527659,1.41195974407125,-0.264252357660255,-0.0493273541378491,-0.1672519573546,-1.35374899014054,0.0093179744719079,-0.531424083993356,-0.348115036225665,-0.259588108433339,-0.124294387982811,0.675191497363573,-0.19695750623275,0.703238101044725,-0.268617457510968,0.783737200351969,-0.0108202589691596,0.371412427138071,0.277462056645289,-0.0226272535410696,69.99,0
610.0,1.16224084823649,-0.294348089558047,0.568069671696178,-0.0439519967865361,-0.742352175350061,-0.360376363848585,-0.43191584496998,0.0555011124644731,0.255826742382334,0.0135950850991026,1.04415608206194,0.561699781137798,-0.166839480654958,0.283112999865657,0.678204711770553,0.828457834014677,-0.792266861561705,0.529374739276824,0.207060795341387,0.0304098032388832,0.129634928837094,0.264744941786478,-0.105011442618687,0.0818548147874185,0.222889027832938,1.0701073258533,-0.0749676309896449,0.0036973120436161,47.85,0
610.0,1.12591045117615,-0.287397809842971,0.779265402970773,0.82638422308192,-0.807976883655944,-0.188230452345429,-0.407288517940471,0.0101400034226331,0.833075256809119,-0.233991622606907,-1.07998880001185,0.302506554878712,0.133611812035246,-0.346543644048996,0.102102938430156,0.0959803748176541,-0.245539983265428,-0.0552150354726185,0.0553501219663079,0.0132876627351698,0.0684313862059482,0.313583985818915,-0.194061205570079,0.110387342710647,0.522329799308708,0.526338935324682,-0.0052871966232556,0.0244863073381368,59.9,0
610.0,0.965433630436707,-0.559999480993484,-0.0240121441478142,0.793299315633852,-0.416332275236067,-0.205634669662099,0.107858851239954,-0.0633046175434355,0.673375079571634,-0.237234017470883,-1.60281978524111,-0.396668476591519,-0.993154158580134,0.143938689632577,-0.0048968645199446,0.0365744785092582,-0.202511761328921,-0.267600170349873,0.488180849794205,0.17642361107532,-0.198279808563506,-0.82025381734753,-0.225598553186,-0.446018045103815,0.465659381029339,0.307254872924805,-0.0625196238978765,0.0311679402004316,174.88,0
611.0,-0.968413694567017,0.210690439390815,2.68716550025953,1.19865410868397,-0.105465722839156,-0.47964749666651,-0.334048932499172,0.208852613408458,-0.183811279490353,-0.298863813988564,-0.596618154212584,-0.449946622072923,-0.365863811711992,0.053788251094213,1.88605118301105,0.131709122522055,-0.218232404226352,0.717672722726927,0.564070472739341,0.25994316634561,0.212307024345755,0.419830204380409,-0.128308264872461,0.378839529788504,0.149001812536257,-0.192992364852474,0.101799326563349,0.109335203952273,19.98,0
611.0,0.953324387282208,-1.52900310202754,1.03539284733185,-0.972054128185417,-1.94016283097588,1.26411853699242,-1.50063596858473,0.385778285807297,-0.442539909041784,1.08567889717346,-1.93181542468972,-0.458827111002465,1.01372629434676,-1.79341077483514,-1.26869143863895,-1.19246779731681,1.19953035484484,-0.0441427548669822,0.616169584400534,-0.144503530273203,-0.0762198910314678,0.556252524043446,0.423730493325639,-0.753401853193379,-0.911975978342174,-0.0914102494070256,0.0725926675958879,-0.115984896590318,99.0,0
611.0,1.17611548682003,0.703280803275356,0.0878185414574001,2.43700402797468,0.405932643621284,-0.363040835446236,0.509225164814827,-0.156575900320882,-1.09017389676049,0.684492433847043,-0.276837704483791,0.0727585208615264,0.147654522910515,0.508524136546512,0.436634679998934,0.0278358433012339,-0.210105704051046,-0.973961262278854,-1.24836558109763,-0.173479618095313,0.0180659727227802,0.0648385181274499,-0.0816708578665021,0.0913971967910182,0.662272754410331,0.0966268069779424,-0.0229647161742098,0.0081085066142028,8.38,0
614.0,1.21774239133753,0.156004986167052,0.406422798987269,1.45405274491106,-0.474415742305753,-0.691456480507697,0.0273992906319398,-0.0593310456536247,0.54296880169931,-0.0298676299720205,-1.03649015025608,-0.425768045706089,-1.74835813633816,0.361736629470834,-0.16713138745577,-0.35478982132378,0.0786571536811587,-0.329832971824806,0.0034225934908283,-0.274948288637373,-0.151691566734006,-0.301697447093862,-0.0667645207292741,0.361230438094898,0.682752708544776,-0.336434832478956,0.0137794142352827,0.0149472262294256,2.68,0
614.0,1.39541975016219,-0.269139369583944,-0.0718220081684524,-0.247354072432732,-0.554783753916564,-0.902045592367081,-0.0711491264916966,-0.257163272716617,-1.0828102702902,0.7560107088464,-0.973256560436932,-0.475021352251163,-0.162096990604677,0.39136919233656,0.749378487478208,-1.25063544032071,-0.159661386455161,0.692069772376498,-0.464384597650791,-0.499285439109667,-0.813066988289241,-1.97556844310397,0.196534349726715,-0.194206756582816,0.152455140835228,0.122878289851917,-0.0412376194426515,0.0127941282281989,21.5,0
617.0,-4.70107431737014,4.2087074761228,-2.40393985976979,0.03647289779027,-2.9034808931619,-1.53553238455927,-2.2255786440294,3.44422815107236,-0.310355628369636,-0.133365298847844,-1.33476787545887,0.946615905772838,0.0051078294114493,1.73168640099125,0.763843772274793,1.25471371443885,1.32805382613768,0.125821413628918,-0.340501956588985,0.0850644998321307,-0.14889477925456,-0.996818798245225,0.439301755499721,0.289497373802974,0.356355039083702,0.122140615401039,-0.0089105226961444,-0.0060724023206603,12.99,0
619.0,1.12102817333862,-0.626310530655786,0.10512334158736,0.634477409568754,1.21979861881114,4.70036842150952,-1.48865094927387,1.2876114987625,1.49894763349169,-0.332049499677375,-1.21983133867362,0.615878054325225,-0.279173284327583,-0.886350128821213,-1.46734295408056,-0.248314214636431,-0.151748389787887,0.112798692392346,0.605004220835932,-0.0161854848833742,-0.176766744782095,-0.198571172684067,-0.119171471470621,1.03752903959076,0.700224723823779,-0.264955336975609,0.102377955237642,0.0335092866826804,24.9,0
619.0,-1.10929718137564,1.32354679790188,1.01741127639379,-1.20205075616133,0.405516369225402,-0.194042281922411,0.131130797728281,-2.95392159818729,-0.999904897650096,-0.842674962190606,1.09751377291338,0.918464988045343,0.04327359051229,0.542162916130069,-0.518789989342744,0.597220061502372,-0.793405139942784,-0.351771675707109,0.0634857851539314,0.61336768242886,-1.62637933239295,-0.656838272179657,0.0819103948826566,0.0089512467589895,-0.369323645161509,0.423323546337301,-0.341387887079442,-0.123115825969545,25.99,0
623.0,-1.45382376333459,0.220072367966537,2.07725875577084,-1.14868991573967,-0.59335331665044,1.08537104014045,0.22849393740566,0.357886621775387,0.735440081108622,-0.708473403315432,1.03334461458,0.722245780843984,-0.989803173356852,-0.471885808363713,-1.06091851933979,-0.271162171740795,0.159262036808825,-0.921879836862516,-0.59610052037956,-0.434543571764229,-0.0554183733646947,0.0063001445155344,-0.10925142751557,-0.232052984636379,-0.399459590074135,0.779924927075237,-0.42884139909901,0.11416956464705,105.16,0
623.0,1.32613193935532,0.260298290814523,-0.134932292779781,0.466123210435221,0.0365768893160805,-0.518936607158674,0.0031240865185599,-0.0871551263515499,0.240739161544304,-0.254270476972163,-1.12329861528782,-0.586431875212518,-0.517601843591369,-0.164783061086587,1.26850225690797,0.815268124924278,-0.318642084839939,0.142120748726154,0.187132810946339,-0.106677232858265,-0.36424739393182,-1.09073353311751,0.0157884834502258,-0.688156291024513,0.319240857194422,0.159898918070689,-0.0304422043184994,0.0186727893448257,1.98,0
623.0,-1.08475367170315,0.495541947031431,1.17066771622353,0.537479054868058,1.36647938570602,4.88599592815603,-1.36609794306256,1.87525426793724,0.600988419955933,-0.636978046847482,-1.4015741617524,0.374262095389592,-0.23038430676023,-0.635259118625113,-1.09004776260998,-0.635091611036932,0.435677896896944,0.438674400422429,1.76708562405177,0.228938663608852,-0.126041447778941,-0.0754542606586985,-0.329595876523154,1.04436698440995,0.577033413991306,-0.063467833046098,0.296040993597097,0.0635246391266044,1.0,0
624.0,1.25651995980944,0.338218590292981,0.299210675417167,0.694383718740805,-0.38901847224772,-1.07550090772416,0.0715505371581362,-0.19085697212164,0.0665572366304913,-0.276122813410386,-0.108853129691914,0.114857337385996,0.0043205804108931,-0.243541134163073,1.11875458242051,0.490529035943988,0.0054966521754142,-0.270140798874983,-0.194882462950643,-0.0948522929073932,-0.290520037095692,-0.849128856623252,0.131366081599038,0.333721131008765,0.209284427627544,0.0954932524366438,-0.0245335315264865,0.0302895241500077,1.78,0
624.0,1.22194204736868,0.284236103955153,0.655659572847237,0.697635989368564,-0.584814363906884,-1.16038980327625,0.127886491773851,-0.268962610498605,-0.0856345493947036,-0.0908220611278628,0.197564860213678,0.854420984915365,0.967915640491332,0.119746564100939,0.931220285822936,0.175280250960929,-0.344396708195115,-0.734275387983668,-0.249552532548674,-0.04176453840385,-0.22283014927568,-0.630495049695511,0.1611606257762,0.726238726831818,0.194791100902022,0.0710758456020737,-0.0255445872220236,0.0252837869988304,9.99,0
626.0,-1.38909785334835,1.10898710935422,1.1379445605022,0.0648405343049458,-0.382322813641902,-0.737958298266431,0.192687225020231,0.403109059345182,-0.239926880932662,-0.214002743553717,-0.141844709057648,-0.132434120125022,-0.779238093423161,0.55184826581069,1.17123064030201,-0.0477884917191776,0.188949332044506,-0.790086214895857,-0.438188744719459,-0.216576473640991,-0.122043617984127,-0.48683385208272,0.278254210250737,0.355389192003833,-0.305294414704756,0.0538195736920912,-0.251578981135806,0.0998622294628248,10.99,0
626.0,1.16265029471525,-0.0591011544689201,0.625173422122357,0.946211407203062,-0.825452292985109,-0.913222940251347,-0.051475630401598,-0.10570891487022,0.591472691081471,-0.175491585995735,-0.542590102784177,0.0471608594292422,-1.09774909223106,0.156008023167311,-0.121052843424145,-0.327359250053307,0.208899328438591,-0.691669618552813,0.0948491067298037,-0.146771984537566,-0.207887210433206,-0.520481231633788,0.0447543817626165,0.729893298692627,0.367855417436778,0.249399032329127,-0.0329908778787248,0.0182348571134698,30.5,0
628.0,1.14024720457692,0.0200353004847291,-0.271886656315165,0.727193656606345,0.430336344116014,0.497869075479957,0.0339862399692206,0.153374647718783,-0.101362427510299,0.137861945744275,0.3640458677313,0.208550917641192,-0.589707915498423,0.694359541497966,0.639362792943074,0.332864576925317,-0.781619752166266,0.371655814241363,-0.0112084410901023,-0.0662672953413854,0.0533092928901275,0.0541954388978895,-0.26341476980058,-1.15327054166916,0.698028377721519,-0.246911538158076,0.0105656797014844,0.0024261546567276,56.0,0
629.0,-0.667663852049861,1.34377718816193,1.3134595160542,0.520481692019338,-0.225132194972815,-0.816066394760028,0.433279082533435,0.318095342599995,-0.761123796868515,-0.702284564038174,-0.583082175508643,0.266180028776412,0.320697694787644,0.492822929605231,0.753646696582676,0.233523519003994,-0.311217433543082,-0.160257550532418,-0.12906565669742,-0.172292920228891,-0.105447592542731,-0.468959023030814,-0.0110366514448363,0.331321513808,-0.0642524430054867,-0.670134917358052,-0.0464427813396137,0.0085038939564624,4.0,0
630.0,-1.15712322834598,-0.563688465891064,1.05527147600282,-1.86211609034346,-0.284728464838043,0.608972250732418,1.0676305352515,-0.113502581825989,-0.935289033193763,0.279951409594048,0.495434336611148,-0.50618845599213,-0.573473240868521,-0.573415323796813,-1.52074535222262,0.785404863990893,0.0869376777815435,-1.34867621273321,0.446477674498715,0.232081594401563,0.0603459882053572,0.467020708521148,-0.0666623474597879,-0.653241182552738,0.481579211840789,-0.263750464768902,0.0956872838406483,-0.110416540926285,223.25,0
630.0,1.31581836095203,0.407945335713479,-0.0238684571195363,0.486155277115729,0.13154636811031,-0.567519244870034,0.14078101445975,-0.210137948723208,-0.0699668454143386,-0.312563716368176,-0.636850654788345,0.519824601083103,1.42955356525405,-0.548093226082878,1.03944203766891,0.673844965031165,-0.370859305725917,-0.154857846154393,0.110833458271814,0.014539649631244,-0.33054111450084,-0.898108896473152,0.0127140191922272,-0.466751164794187,0.363821761330335,0.142917541802969,-0.0173029958457838,0.0246114274241961,1.98,0
630.0,-0.986718937688705,1.19304627766033,0.687745311704098,-0.59392549658512,-0.557397894405695,0.840298903085417,-0.975619878152499,-3.85148805117617,0.179958210171246,-0.303256755411062,1.30853935550006,1.43141310245883,-0.234048161833462,0.390703753590935,-0.681494681561638,0.0800440591876015,0.0071223031402274,-0.649673257633629,-0.587859728378347,-1.03403940520575,3.62591131396067,-1.75593197004206,0.132060005275596,0.0023313249863609,0.695589968023222,0.429103372191013,0.305583141837416,0.192042862663396,79.0,0
631.0,-1.05893094169224,0.114078302542468,1.48533698377662,0.534704045929216,0.75427455152201,-0.496412435505556,0.580911663228727,0.143710654860835,-0.079361501789558,-0.741373461511385,-0.968240369462218,-0.250369967167046,-1.21169999742708,0.161282582916981,-0.606521163489,-0.551640144120261,0.0880743078374781,-0.716170076682077,-0.862826912424911,-0.014561023576841,0.0677368691829181,0.0565913356192037,0.0322871024120411,0.0351782161637324,0.0981919988210513,-0.489206918420679,0.0901006673455336,0.137385826383076,57.64,0
631.0,-5.27395223265643,4.62114919038975,-2.8844864094412,0.0257410243676089,-3.28832846026092,-1.59267544513514,-2.57136303095368,3.8776615802817,-0.288603622610017,-0.052580189037425,-1.45854629867364,1.11602710189015,0.0689835197123693,1.97729643182366,0.741702255227119,1.35943435060984,1.48686726645619,0.147129120996766,-0.376695595389418,0.100176439656007,-0.138578112240799,-1.03251224884432,0.488916534186125,0.28611063718292,0.428525132257515,0.128457804032316,-0.0265206429864283,-0.0101663159099035,16.98,0
631.0,-2.44059009835136,1.76368505271113,0.661409023520955,-0.786777547977721,-0.213645103275189,0.516541757080341,-1.28471567223381,-3.26887572558938,-0.0694944060720463,-0.377881120716987,1.03240971597866,1.43745333849813,-0.179446205035788,0.55570740236415,-0.852857448818329,0.0640882811645395,0.217794936879741,-0.460394772286328,-0.366199447911656,-1.03104432300914,3.71217479205594,-1.49040247640505,0.353353468343365,-0.0131637140390441,-0.233126619741466,0.33979998300466,0.460289166006298,0.0350936081697524,1.0,0
633.0,-0.282988727369893,0.738037094929483,1.2977358294878,-0.0616513753106633,0.377362215857969,0.161383023311711,0.681202786702433,-0.0579173744128668,-0.13819608166286,-0.740962017796236,-1.59129332190028,0.642689755462476,1.6201792373113,-0.675399953526958,-0.703252424630124,-0.235164017026376,-0.343045476166572,-0.265578012439471,0.758359259267786,0.115312831175429,-0.0522229916943476,0.109600501082063,-0.34308510274343,-0.545763468138639,0.295950274367092,0.560819687382868,0.030818841485266,0.0435467806422443,24.99,0
633.0,-0.741691344063167,0.310544256786708,1.95779192553876,-1.8119590747416,-0.657035725375417,-0.986991699823711,0.29523837793478,-0.0026082650146172,-1.1924301931687,0.0262605619707636,-0.555066589591288,-1.35320681333387,-0.874785586354713,-0.163161141385028,0.312425498408805,1.41246951730551,0.0597422854648337,-1.37711204205554,0.0963891882239303,0.216057001561993,-0.091491012787958,-0.454065569157269,-0.0976218922465733,0.324647533496085,0.287723951715249,-0.543973204932718,0.255475167443959,0.125235111628391,29.35,0
634.0,1.09204609934923,-0.257598647488514,0.32782794927378,0.70977720881208,-0.499339363148762,-0.208212465398,-0.124637568481937,0.0784938491506233,0.390249013228599,-0.0199091926160024,0.548086683588752,0.459032117678879,-1.17682359925898,0.345133262334014,-0.756621787804625,0.0711080997403939,-0.273051176733154,0.0399870736794176,0.620957151554813,-0.0445692947824396,-0.177569654532975,-0.55791794165195,-0.0820424939056519,0.0019695045524065,0.407333138546739,0.26972885403733,-0.0455569797973522,0.0076491563380831,68.7,0
634.0,1.14185580013693,0.300579701962096,0.384829545454779,1.20533101448824,-0.0803547761060352,-0.379531668591854,0.159984323752623,-0.129278181173299,-0.180629538300217,-0.02135281301457,-0.0150886947226117,0.819836022055201,1.08413665576667,0.151132865433504,1.07496954585191,-0.190103977051563,-0.253400171651121,-0.644374241075076,-0.849199494890205,-0.053753299730764,0.125769106899962,0.441860704776537,-0.115235864993074,0.108155337693655,0.626989308167098,-0.25706892700197,0.036890693036092,0.0253285504734566,29.9,0
636.0,-1.5382750272919,0.651405426881806,1.2627891122228,-0.0903701940141936,1.03641090005073,-0.960835688709551,-0.944210885010938,-2.70430240914168,0.642587205445993,0.0359646640080949,-0.845001602197039,0.526265162063221,-0.124231073635311,-0.32994388128098,-0.894248944831304,-0.225775169269517,-0.141310524157017,-0.719471436610631,-0.375360808433673,-0.904795681075211,2.10020142687857,-1.04971070418311,-1.19110988546306,0.47266775203555,-0.959937219867123,-0.0502455990433935,0.0998613595139966,0.077028821622771,32.51,0
636.0,0.958429755945791,-0.29704050383181,0.395138327117925,0.532289082425122,0.237415085473595,1.64474771468609,-0.473592395297999,0.641024679926677,0.280227263620382,-0.207948778332656,1.88422331958506,1.20001229511571,-0.82631034584066,0.378758074970218,0.250851575643996,-1.31885743933645,1.02124102254552,-2.07931661181686,-1.0449011445454,-0.23992470286257,-0.0544903491856948,0.0584346863528552,0.115606395534352,-0.990119406744682,0.0798848626039633,0.379765689350667,0.0368154994248761,-0.0094068164821571,29.48,0
636.0,0.962157484411841,0.660078704813587,-0.179635438502127,0.733511506095889,0.630848774957378,0.223538799535427,0.277339140018326,0.0081845298690973,-0.381772026254779,0.282264823683575,0.27645475291628,1.15007603119976,1.7692336470172,0.0094953071316025,0.245292848154547,0.499733970853371,-1.19325013502594,0.761217484910872,0.877023915957037,0.0055483003860558,0.0371530981704604,0.229551926110728,0.0670537867823574,-1.02348714633281,-0.6327459253305,-0.501299902167522,0.0021164010616415,-0.139291032613586,2.5,0
636.0,-0.220314141180173,1.37150340112533,0.0398428436563433,0.607252478745561,0.524369305230556,-0.520814756556703,1.27483126728034,-0.355195430829889,-0.321177768294476,1.1633303710096,1.0943538332209,0.727017217081463,0.43324015160961,0.215503934347001,0.001193575631134,-0.394923685298255,-0.675731712983205,0.362340752562937,0.737418250279183,0.40410517362118,0.0455573402640487,0.688990464076264,-0.0417870797839675,0.0222178364555158,-0.59717829943535,-0.431218347041351,0.514280447098078,0.100228782595253,37.99,0
637.0,-3.08851051760036,-3.18237397911695,1.41186487305015,1.92772721142417,2.84395386600712,-1.53337254152471,-0.254110201078089,-0.230478336132665,0.255048648767849,0.656885920856522,0.507933087419944,-0.080033611396799,-1.30703254129325,-0.0609854639773045,-0.495289015308019,-0.52229624899606,-0.351044595849282,0.537197419042229,1.47534973048409,-0.210669075997436,-0.226161160578102,0.383600667672752,2.15544797571048,-0.0508642677815162,0.322103632513063,-0.311078072405318,-0.0289708919693872,-0.383078282728732,4.88,0
638.0,-0.931199754215451,1.22763762032098,2.08412267545577,1.37963658399049,0.188802705044044,-0.857076761571677,1.25334722130579,-1.08696947324878,-0.0521616930015744,1.36239472773325,0.590961408705493,-0.249400976156842,-0.206303547590995,-0.371027482243529,1.84784733395736,-1.0535130681188,0.0741185665755065,-0.638912951552348,1.55008876808747,0.107636268598088,-0.466862233589293,-1.08893090405947,0.0173855319330883,0.857610463102983,-0.199970454136651,-0.769819806723485,-1.39377551174667,-0.594882610393718,5.26,0
638.0,1.16198050978969,-0.677454449872187,1.24093929359058,1.05326326491704,-1.18449427027933,0.661772583148572,-0.905789438891911,0.247129611484417,0.148524844473695,0.375712868917123,-1.28140979627355,0.857101455478398,0.349097886891409,-0.956116653088184,-1.88936506651439,-2.66439484153124,1.01270461642371,-0.0465757084111234,-0.593698583193141,-0.563654113287433,-0.764802297598217,-1.27495359709463,0.149592634649076,0.047670433121975,0.320746742131157,-0.510747746933123,0.116556802227715,0.0368365024981833,25.98,0
639.0,1.13488032526362,-0.214241013658126,0.528744319834015,1.32883665101411,-0.426470578644782,0.269760349868882,-0.294895816795048,0.095270682668756,1.05780840713742,-0.27467664329144,-1.88586849931763,0.0930554327442965,-0.486427238464519,-0.367802553604885,-0.800325448485872,-0.297493304929315,-0.102662683641005,-0.093875983902361,0.461430865408046,-0.0730225962952951,-0.143991871164354,-0.19334640409289,-0.242245389975594,-0.42811877910737,0.773457874126782,-0.255113560495915,0.0452784069242092,0.0245965848491491,54.8,0
640.0,-2.22652113753774,1.36169250988957,2.02526041765197,0.823238297052229,0.244459304919439,0.599505682426419,2.65007304062728,-2.44679807769478,2.26975541387118,3.62181576021616,0.419648824526114,-1.13920009594482,-1.47708678268746,-2.14699022508363,0.805906924589785,-2.07425789503855,-0.165043140197245,-1.04756999877884,0.751404155110144,-0.0052239647375014,-0.272070838080959,0.362397058920865,-0.471913835154341,0.406797419012281,-0.311860513651848,-0.656951849300676,-3.52528081576643,-1.31489002143249,125.86,0
642.0,-3.05552900421732,-0.557339751544096,2.14468893744325,3.28965569641116,0.273454490844435,1.47316891851853,-0.423035347883053,0.765013476974276,-0.421319729259414,1.19638011734314,1.1737245969479,0.913011814440391,0.274182062787093,-0.461023682288803,-0.125363671780304,-0.670081443825343,0.726381571894176,-0.53067889805635,0.917470818237547,-0.325894133236549,-0.348268551964486,0.30261487376941,1.00722744579542,-0.265049225314583,0.277046568779302,0.267187501709247,0.141052045060938,0.0971553089640145,75.93,0
643.0,-2.8295224813551,-3.02737937316447,1.26068126024755,-0.46705790226302,0.192918085993478,-1.29153858865701,1.6462010718899,-0.475090576633097,-1.90981651197466,-0.218001737907161,-0.365326604201402,0.151756255421768,1.41284204046451,-0.164930530553858,0.228741256176788,-1.19302831683591,-0.461535100142289,0.674942576252998,-1.28498832122518,1.43408938198448,-0.349000982544777,-2.0925099906826,1.72999453622476,0.254756639045494,0.305875217400051,-0.156662166070373,-0.439597795645729,-0.0762018353334638,589.21,0
643.0,-1.74094257417712,0.328032781619751,1.35131141951723,-1.84399086722678,-0.993855889306543,0.377588754454146,-1.15317157344109,1.25923083374369,-1.50440992094104,-0.192534875109311,1.44248466709561,0.666774968690833,0.954288581353003,0.0850757106685516,0.149902377694937,1.44527186651371,0.404312174064974,-1.19450297025441,-0.787397903474068,-0.0065346497520734,0.634698621671241,1.56440947577482,-0.110072546520045,-0.222538488086489,0.0237038367207166,-0.152348369368731,0.0340245568119255,-0.0603393498228757,13.99,0
646.0,-0.916847929316958,1.47181175683389,0.742994996265629,-0.131084364868734,0.518565998984859,0.772581815552652,-0.342257742836388,-2.24870194073135,-0.574625604274562,0.0787034820566218,0.112327391423766,0.469908295367733,0.412140744424469,0.393192581510449,0.486869357805729,0.53617357630622,-0.730338358217673,0.697269295711188,1.44799096728169,-0.402461143649728,2.11471815366444,-1.31198730012701,0.15595254696344,-1.07076862324566,-0.454872325354034,0.186907847209248,0.227995757679672,0.152385423894807,1.79,0
646.0,1.04200443152728,-0.905563591690736,0.271573188653168,-0.226902386968342,-0.299176809991598,1.41421563210123,-0.793352524556319,0.476655113785949,1.19042011474557,-0.346435627530756,-0.578813675856649,0.283769629831597,-0.7481249086664,-0.22324578764355,-0.508546821866149,0.34583124580774,-0.39925999736874,0.10809621773687,1.02084653720408,0.112995900765183,-0.214918566691846,-0.636974123873049,-0.19808551363194,-1.64405551756562,0.193480938480443,1.0534450288316,-0.0494667553104354,-0.0002929866974711,114.34,0
646.0,-0.748599131198015,-0.242763272947212,2.44513002041256,0.730348290749695,-1.73523512696907,0.437159231885402,0.243511453744396,0.146389595768148,-1.11718279576542,0.284189763181912,-1.17341314417997,-1.01346437911502,-0.667902458978085,-0.214272756362647,0.966159586078203,-1.62564069525293,0.29921465160507,2.05396234280655,-0.0944508066340538,0.0465912305436686,-0.0754610002904801,0.0140873274047902,0.19643916440835,0.327551866692101,0.225984138702337,-0.0632748221495759,0.0854960274032402,0.109684796772646,204.0,0
646.0,-0.69137531044454,0.348838490311394,1.79288269621384,-0.178102436865768,1.05795741939103,1.78006505502268,0.520891317595834,0.208005846399019,0.111159935666159,0.0031816663176068,1.93992203788745,0.760465304079334,-0.83573066858569,-0.245875227133786,0.102825382582476,-1.6204172354338,0.81059608959951,-1.99528354420293,-0.848035634545124,-0.145018488893332,-0.0697945682321425,0.333184002800853,0.0002046134631894,-1.00883059299307,-0.425738148270805,0.262963990070558,-0.492098356113061,-0.423527498153836,1.18,0
647.0,1.20409116812636,0.212923818524779,0.0817164280851215,0.536408725456064,-0.169459801386827,-0.839826943823964,0.266365269559023,-0.186164762118305,-0.414995848699588,0.132272421367679,1.44076709369356,1.05927020789108,0.28113143804348,0.550849527436883,0.0572835485887742,0.18421563667625,-0.55686299918224,-0.0268262886998773,0.169876618579717,-0.0405436330859905,0.0090994483298668,-0.0029034714992239,-0.0931711999954773,0.375070577165226,0.543603373608858,0.347177188548208,-0.0570874749014635,-0.0002511794263091,23.43,0
647.0,1.18956272107068,0.229975209704875,0.625193322940677,0.552512011320657,-0.470362028905313,-0.766846568028003,0.0177065573924579,-0.111003018804903,-0.329523808977622,0.080094212251291,1.77837611319315,1.47701647874257,0.856471957792443,0.318321284432511,0.244876403221589,0.409575154009637,-0.63699480821661,-0.193210114387604,0.0868169271179588,-0.0318270242391289,-0.18034832339654,-0.544011675945033,0.135022215324828,0.548808798037365,0.179781959253113,0.0614840298445165,-0.0296486860227674,0.0135855036585885,8.99,0
647.0,-0.246746120510218,0.578951308452788,1.7000439925404,0.040057446691563,0.307163631706093,-0.247811683835375,0.996283948250485,-0.456699615522257,0.405608668908543,-0.0867774356713266,-1.23809586503255,-0.684243959207042,-0.999766743961503,-0.472371870383237,-0.216953572268009,-0.373781216178759,-0.291299040424255,-0.327980530570232,0.58818282150041,0.0149132718032791,-0.285536300723438,-0.411835794068034,-0.27147172455965,-0.112448816726364,-0.0419687013618547,0.192733828806845,-0.429192537217363,-0.407049916202456,18.56,0
648.0,-0.869610992513175,0.337734233537653,2.04788910515271,1.12033466831663,0.93180417987502,0.265476790841253,0.832819365787489,-0.565353083186754,-0.0767058871131692,0.907365978392692,1.56706082948472,0.609841689398474,-0.0641969016819116,-0.451106708211131,0.193140373855797,-0.969868980207129,-0.153259286409733,-0.260132674975719,0.987744044199442,0.056354524756244,-0.177989093643689,0.125180856380352,-0.263570816083351,0.022189737328266,-0.414829450498073,-0.517494181483598,-0.709331867127273,-0.406951480645524,28.14,0
648.0,1.25877773894767,-0.0593127600677721,0.314051844892437,-0.111066733043089,-0.503006121388045,-0.704088584588608,-0.156473113141336,-0.0515437181463908,0.369291886911099,-0.210175903547716,-0.133846325127583,-0.131048187632445,-0.720066615119355,0.423255175106096,1.47594172661015,0.0009624888776946,0.0204284594563534,-0.848828047832086,-0.281283414331617,-0.156057414582044,-0.0927300122104742,-0.249495726071198,0.086933660868967,0.124847580016601,0.141428627657902,0.992693407087903,-0.0722555258201548,-0.0017425162439578,0.77,0
649.0,1.2958412913201,-0.165525755657903,-0.867118203130414,-0.524866675338844,1.81571287719259,3.4505547386172,-0.794597890988502,0.880087219524329,0.169386326776217,-0.0053557894925989,-0.125748167096541,0.0292567155411342,0.102450318842268,0.250416721977867,1.34557363114851,0.739336604633591,-0.975516779758231,0.322807405459444,0.0586618878740689,0.0294225921298505,-0.0448365889252324,-0.2425322204295,-0.03772334164267,1.03354078569195,0.497012260167182,0.362128699779599,-0.0134524005549288,0.0131303470412389,4.52,0
649.0,1.2091474336684,-0.182076057118812,0.314686491117548,1.24041913757536,0.0127235127458373,1.05480648294917,-0.499371262375798,0.337472719186075,1.16854933844395,-0.215739262062184,-2.33259708522901,-0.505674498574627,-1.30372432010181,-0.209353949430234,-0.454264536341547,-0.34825344046,0.0065798506446948,-0.267327128265802,0.28002926936242,-0.232193977011263,-0.190332261037293,-0.240711582650277,-0.230944091933047,-1.32879492773551,0.754417083758319,-0.167260619158317,0.061823513974826,0.0062625148227534,12.0,0
650.0,-0.440731935143551,1.03281492874335,1.36783176186282,-0.0551922552056508,0.156300647298876,-0.301037923891206,0.539670955837322,0.203222126149912,-0.660624962914114,-0.386647315575588,1.87577166634075,0.715427629377435,-0.107632179462013,-0.175219740044274,0.43972345246428,0.231663439311545,0.114660969641231,-0.14754233934927,-0.23646508116862,0.0833958865917443,-0.171482657745056,-0.431693049831183,0.0314012539360725,0.170349356718292,-0.293094669043506,0.0717461861735503,0.25761284312124,0.0865981691807493,4.95,0
651.0,-1.77083129029365,0.0344377409325723,2.29896868263854,1.34636977667202,-0.148114474864263,0.0700588816622364,-0.646818826692026,0.515477454309514,0.252557766883138,-0.18680744803684,-0.701294942926191,-0.390290139494605,-0.930702869572679,0.0290978603140765,1.46921118984138,-0.424320679832104,0.407543166366226,0.0509732748568581,0.492943333646858,-0.0221722164161117,0.0980074495871045,0.253604661532075,-0.317748214168333,0.0783800578581437,0.0276069153137402,-0.246427575935995,-0.447484376052739,-0.114312088758932,1.0,0
651.0,-0.618515262846149,0.713332592536522,2.16278560347555,4.86112928317014,0.802696571396345,0.161066393899702,-0.120170539712477,0.114415193268801,-1.74600518762496,1.29616219769814,-0.923738839430487,0.260684770950439,1.2832633985405,-0.354878122232848,-0.311243890318104,-0.610100956964114,0.498638438964236,-0.226090973130029,1.28669464758087,0.421456752631717,0.12402211614901,0.432931697877658,0.0089149059083197,0.429124252220104,-0.413621549110559,0.330706189634261,0.187836557474024,0.191494218326522,4.2,0
651.0,-1.0192639897003,1.09949537597424,1.44409336737995,-0.63152169375038,0.132875415588845,-0.395445119590016,0.588347244308074,0.196129975657535,-0.250792289860981,0.0701983915539454,1.53619993938619,0.548463218152855,-0.702406974757152,0.358309804916099,0.0226743895695178,0.273421749172978,-0.543933450080574,-0.3973059797154,-0.824628263812894,0.0497001151064905,-0.123260460544677,-0.32689163373709,0.0699187285172596,0.180392278583889,-0.521849815657468,-0.0921698156328869,0.299793854334912,0.260921218645921,4.99,0
654.0,-0.833568321319693,0.606174187718198,-0.0513290997439712,-2.09144689103848,0.968764271043943,-0.0302203181640576,0.887288295521672,0.0990090211989518,0.834622091495584,-1.03121929295681,0.765432355506169,0.71915376440059,-0.598017425216081,0.56664945932943,1.62726475642706,-2.12452861459867,0.896534637115577,-2.17792542597293,-1.72012285122104,-0.375234904811245,0.320782264753999,1.23955917728314,0.192074002286453,-0.621024947999078,-0.843584365382797,-0.835689790172385,0.164383984556828,0.274361005101437,9.9,0
654.0,-0.878153023841696,-0.225124663527461,1.92806244834201,-2.62167116146723,0.051866281395096,-0.127212058154326,-0.278676298677759,0.464785358083446,0.956588130530671,-1.62976975529339,1.60940637677028,0.687277574403206,-1.08475367441439,0.366927299110994,1.33932487152361,-0.30248707388488,-0.205604990863279,0.0082201527949661,-0.440710198468082,-0.12224037968989,0.237520555181081,0.618994344901284,-0.076143714162255,-0.275214767138876,-0.323063743591569,-0.18081398577158,0.121569835061216,0.106821369777546,0.05,0
654.0,-1.50301117044896,-1.38618909232631,2.33916826667517,1.71497905538828,1.66607340376107,0.241150774910577,-1.01750494865404,0.439213680157785,0.635639604642962,-0.120391799258762,0.256974388508218,1.35044246436264,-0.120526755736797,-0.766089337050036,-2.20746862799003,-1.35908860020374,0.563584601288042,-0.478318633266966,1.40762294962695,0.491067051715347,-0.161416512840111,-0.349421075642245,0.281749445549973,-0.300050648578574,-0.446739095420852,-0.541484528434847,0.0203772820470379,-0.0294969438487686,15.79,0
654.0,1.23999385117508,0.687839921054753,-0.231326198561047,1.30950922187893,0.0509554070907684,-1.19185367312561,0.31496693205299,-0.259431898005562,-0.121488228977369,-0.573501240790466,0.0867538239689235,0.0856838397856636,0.232810567602463,-1.10501343180854,1.02994867956102,0.491603814459002,0.658255446016103,0.433462191391141,-0.584881614111541,-0.0887031910114852,-0.0489186189175741,-0.0570100233376308,-0.122337156259705,0.284168518255978,0.70027686883202,-0.32846881805538,0.033619021649812,0.0518240665742163,1.0,0
655.0,-1.49411004259225,0.392310026195364,1.66133790233816,-2.4575063197224,-0.671277423015435,0.135034959440038,-0.374128354382739,0.87705064710696,0.800169997960289,-1.55725448438038,1.57181871351703,0.76901234661616,-0.988762037425008,0.605410796876273,1.63290514346797,-0.336224236563034,0.127688231641372,0.0759942275950524,-0.0039825038931017,-0.137372678442552,0.166434598253821,0.515324580158839,0.0152126542501168,-0.27574045179856,0.178701044846293,-0.0210095128154017,0.10491723502718,0.0229427519782383,24.9,0
656.0,-1.78983472305473,-5.83576783768725,-1.47279098839784,-0.851159581840409,-2.4338754009378,0.401415065968374,1.35454343679579,-0.288282934982225,2.42688930759723,-2.39530118035246,-0.929763623858849,0.543359195716029,-0.135978392730475,0.293957319899185,2.2372629919259,-0.67801590073683,0.0461625113782868,0.632892484073242,0.460679473495337,3.11655891532601,1.08140369252485,-0.178233278482661,-1.63591411441878,-0.645650791671711,0.11292999394318,-0.726724366446724,-0.184806056781537,0.296761970254656,1602.99,0
656.0,1.18432052513528,0.203604410747404,0.380184857537774,0.642172653642393,-0.521686628268884,-0.889243856343578,-0.0796589541915631,-0.0068406177951385,-0.0693293386689985,-0.0839747365762386,1.61998545272289,0.384612441245479,-1.03323569711545,0.149814466406517,0.50463437742172,0.670114437607569,-0.11677327566514,0.271244862190193,0.0199172537763043,-0.13464107655348,-0.231287356827928,-0.777206191278187,0.149367168693804,0.464587074913482,0.117641029063161,0.0674029804742402,-0.0354394372735793,0.0215116799220558,8.99,0
656.0,-0.338896419525446,0.817547479719433,1.92194190400153,1.08557343520185,-0.0581204296684592,0.0246996447264411,0.383635421616958,0.0372775715833899,0.0078012440819732,0.274352991908262,-0.493169901433575,-1.05700424227196,-1.54943207998377,0.240776269385032,1.91000166892913,-0.430373373667871,0.0574824238717779,0.18429935073567,0.144357623492602,0.138661537252968,0.168002279248011,0.8001464170027,-0.19451282889465,0.0548685144124571,-0.307575260660862,-0.154460408989328,0.267116613335332,-0.0141245468781427,7.04,0
656.0,-2.25941424816571,0.593684812125683,0.414722893699918,-0.699410999321661,-0.530185018858281,0.346836534296898,0.999587935151819,0.413364168360988,-0.0331878303936095,-0.154846464462596,0.967208168284477,1.17872826232068,0.523261101471937,0.0257258502368142,-0.678778932870209,0.13617199073843,-0.358916837768234,-0.498214069465431,-0.164467924416703,-0.186506079434205,-0.264197230943395,-0.135715410230564,0.217770894373596,-0.247125441985358,-0.144454580078576,0.268274213879012,-0.22877859175125,-0.480951223510911,158.0,0
657.0,-3.01585764746315,0.721315813119919,0.126189889027236,-0.627188238673102,0.0378206457368422,-0.354354124049387,-0.322215567204464,0.976949034079317,0.0762787141033666,0.0825280608098251,0.825290220247592,1.45616333612174,0.578312977637492,0.328960765638427,-0.698247511990363,0.177993253878125,-0.153572170372305,-0.506663456143751,-0.217595250855469,-0.0335249327184094,-0.187606260921427,-0.292258289744946,-0.357114185869736,-0.228333045865851,-0.228307481329279,0.245560443998405,-0.368090160027555,-0.40609212475948,1.0,0
658.0,-0.173458638177447,0.916956698346682,0.843566608132239,0.0808536154266219,0.658335098139688,0.0763022547365961,0.478398210527091,0.114737824932741,-0.708739970508279,-0.32481547181812,0.363679902844248,-0.055923759495122,-0.155019653369492,-0.0986103642370345,0.628790710272115,0.663207133439908,-0.411225707213117,0.903872088412366,1.33821028822841,0.0771047043401899,-0.18668612754304,-0.595003611570309,-0.0977853926830642,-0.886536616492812,-0.623113674986275,0.144281754897628,0.128398433869293,0.152209031827662,1.78,0
659.0,-0.907287251838834,1.38563371782326,0.39807664288361,-0.699605425268768,1.11569726714206,0.779935031526697,0.671191842123933,0.135121962730317,0.187291006409018,0.753076018112135,0.314589074630848,0.0372768216220027,0.245186661811744,-0.719345221897964,0.654669415322237,0.649585007939947,-0.72105992609672,0.401465153388137,0.40558586315993,0.597435095065625,-0.442865335757767,-0.82500857931565,-0.213707932233566,-1.77432808357589,0.0958975447916618,0.176816251825284,0.403773134234091,0.0457086518169496,8.9,0
659.0,0.935576953244806,-0.709151791104999,1.13682667101511,0.360606961592448,-1.23798072043172,-0.0525467856380938,-0.548779075885541,0.11861046994535,1.09956532598139,-0.560288029811892,-0.204160424114279,1.00872509118839,0.360218729745512,-0.57115906295673,-0.109675454569768,-0.514200054939854,0.519382943687514,-1.22660247505062,-0.0532357409323405,0.129937572541785,-0.113865835296044,-0.259404057838908,0.0491182416892958,0.504764766489211,-0.0048630105598174,0.938562921421914,-0.0344707752666782,0.0342004876084138,117.28,0
660.0,1.2963540145627,-0.283765748116374,-0.321344251674611,-1.82501690489863,0.0715938771668208,-0.065549908863514,-0.125635103416098,-0.0164718425177813,0.874949268491075,-0.946679299391908,1.08890564141408,1.66200171618041,1.27505772471656,0.25633983295681,1.19343025519097,-0.345359237807986,-0.559333808190497,0.0830685268326711,1.05020520087809,0.0268439214696629,-0.0180261254203288,0.10838332927032,-0.182787443308234,-0.94639170219854,0.60149716636531,0.0250605024622927,0.0169583237897942,-0.0062522832948706,15.0,0
661.0,0.944905087562947,-0.279692152749975,0.685834275349,1.60416451777643,-0.720879553548539,-0.161474036311111,-0.131890549802715,0.104026076106835,0.702421432492276,-0.171454670595127,-0.569448684437176,-0.0254436381221435,-1.4796833659297,0.175092343107087,-0.0510842195547444,-0.69122708825409,0.467247704731034,-0.77292437580696,-0.538597660117549,-0.0991971497565847,0.0087001403789435,0.0344416628792004,-0.0967868676500827,0.398055974575216,0.508488756489485,-0.294852587586459,0.03108533925225,0.0363916444636592,99.0,0
663.0,-0.115946207818814,0.757044192583538,1.73374582991429,0.270059390976035,-0.517368911345004,-0.605832982612297,0.351480393431206,-0.135416407592921,-0.513306616534607,-0.244928779452359,-0.132756428182127,0.176756314443275,0.8701325394846,0.0198956671703659,1.87417110624539,-0.368379368856101,0.217917196834573,-0.116078011395902,1.81018616135796,0.281711558435932,-0.0031592178011592,0.0583676255935778,0.0066389625105072,0.469377791569671,-0.70594065225757,1.08721463276728,0.088764009007401,0.138780012474361,19.54,0
664.0,-2.80143468201033,-0.191527945410476,2.40673621632812,1.22199424976666,0.615015284525925,0.605586817250876,0.217909224884699,-2.55186176221818,1.62451615593196,1.43809819430668,-1.01249188161163,-0.228698654111194,-0.0489170591758863,-1.69889223898092,0.136143480811726,-0.6122627735654,-0.346162750551262,-0.0992796034620345,1.21875671990346,-1.06175462199477,0.804908973492887,-0.556607968854712,0.0571937214320159,-0.117750812706404,0.422296120359125,-0.373816070111696,-0.706426332411211,-0.506180024289704,60.0,0
665.0,1.2708346751146,-0.839492902074566,0.407856971783426,-0.388278583455331,-1.27981253424152,-0.829868454985979,-0.549669933983363,-0.116525006559737,-0.264823980412943,0.497761234437339,-0.804244951495721,-0.98287298256938,-1.17021194824842,-0.209359330183139,-0.347252736676125,0.642939164404168,0.750741709621759,-1.60551110862566,0.928637529073286,0.0954607785407097,0.0025504049223774,-0.102115441576183,-0.0747147727850296,0.376595336000423,0.493223796597154,-0.246440722741202,-0.0059946661936012,0.0215172895823063,73.0,0
666.0,1.3947016226159,-0.412555181479424,0.154000598574183,-1.73275846308374,-0.539420695103655,-0.354963101930814,-0.554094984266228,-0.036177111058237,1.70619064712524,-1.07238025031346,-1.35703157341097,0.187802955637629,0.451019512238272,-0.0561882135279665,2.1673880332182,0.306601584875961,-0.840867581695197,0.642053145909424,1.05562086283446,-0.0260881934462764,-0.0697434413239448,-0.0562366444169668,-0.164967722899413,-0.964376060251025,0.500864355540187,0.0258126753223792,0.0335120431817175,0.0120552938535926,0.05,0
666.0,1.15441765942069,0.261619037065338,0.423472644287704,1.39016694492049,-0.0699826376445415,-0.163030548702314,0.143558036526498,-0.0744302188969765,0.141120964494355,-0.156121992866651,-0.366965228695447,1.05527954777415,0.855110932966402,-0.128814775951234,-0.202316039507249,-0.769472811387068,0.20827613986962,-1.09903026244285,-0.376782365399688,-0.116287872943016,-0.0869097715056882,0.0226467343686546,-0.079252689483345,0.10942362415259,0.694027943800394,-0.316142546517165,0.045358525901228,0.0190130536372125,13.99,0
666.0,-0.794271369075471,0.97130492783698,0.94331931123713,-0.0437219997192946,-0.258737472389271,-0.333042695637442,0.56487335426657,0.543874429263735,-0.980242866054355,-0.605548693596648,1.40190407512794,0.532701193401995,-0.964356256349601,1.05640731296186,0.1923227709357,0.0861822089238991,-0.0124351762276331,-0.540152275318147,0.0799651211498998,-0.128215564623432,-0.214068118035199,-0.974296879544298,0.426294561663102,0.142413655130496,-0.911745045169392,-0.237000842778124,-0.0352765305564107,0.088816633899178,64.63,0
666.0,-0.402285992460897,0.517240291933327,-0.16176177675405,-0.961985783055812,2.29241146284293,3.73291916912393,0.228197345303844,0.865325046566916,-0.155189537532859,-0.458851709846236,-0.649994875162191,-0.0729085602141413,-0.246074942956975,-0.0257045314827819,-0.282514241522045,-0.0747468687306741,-0.477922704424132,-0.070883376365234,0.751102329929409,0.0219207829481202,-0.147834510051511,-0.450682051944848,-0.0755705700383382,1.03069038759426,-0.295725580685461,0.159551866898415,0.0136238424173952,0.131145689683204,47.76,0
666.0,0.216343575258568,0.663182371945179,1.3035204929848,0.169218968089031,-0.404266108775601,-0.517287982713878,-0.0369380862682669,-0.838220932301891,-0.528674579279277,-0.174777481783324,1.64846623628807,1.11494709795295,0.20215014985674,0.479423825598821,0.226420310696871,0.456002712938967,-0.558257912601226,-0.101938542322443,0.0007581984734141,-0.184928818262446,0.552788328649449,-0.96120563560837,-0.0146422612183742,0.525962357437243,0.750876878027172,0.141542961308495,0.0451070269321751,0.127320759061877,3.58,0
667.0,-0.995087876930812,0.700493567711302,1.18187664716757,-2.61302069707605,-0.412335304198676,-0.249470608133339,-0.0406402583043447,0.526486030018071,0.929157834881624,-1.78647190782493,-1.67327303908142,-0.0261836361452857,0.364380864350807,0.113707308008728,1.79768732143337,0.419465905776678,-0.736138750474421,0.82748090088438,0.927559079566813,0.112348069216955,-0.0112948136245773,-0.0241905999905977,-0.370093234041102,-0.977191254477269,0.548306951999884,0.0245918103325099,0.172594344714407,0.05954069288971,24.9,0
668.0,-1.87414236290575,2.30886052896075,0.135440175311553,0.456605878192993,0.163187096031537,0.922956507131214,-0.896194724942581,-3.61415203936783,0.0280651346495624,0.415208464708831,-1.28260265543163,-0.391149369532353,-0.794374748585444,0.668009450986021,1.33664920273244,-0.29051471006233,0.21001663574047,0.105745510127611,0.284927210853641,-0.790837902017803,3.90100118632027,-0.910663293707555,0.36269077085723,-0.850869231083286,-0.104456511692857,-0.240938399035433,0.170569644010641,-0.0346540858728794,3.1,0
668.0,-0.274618751726335,0.70539758335038,1.87576070230689,0.301979464704114,0.0428335881050858,-0.620503779461695,0.632179676383434,-0.161393815454418,-0.621576320765511,0.0864743131676725,1.48000941674893,0.229828521688669,-0.7138252544379,0.376154125215413,0.567901630396808,0.0189464138251681,-0.397455999970298,0.23248262396671,0.925974978707461,0.0925326255537161,-0.13256891737814,-0.315482950546003,0.0105990985948479,0.511854990002007,-0.681613266666831,0.0611909498442299,-0.0649469039876544,-0.0869522139368169,1.98,0
670.0,-1.16018675107605,0.759387396480204,1.43124952576888,-0.311891061279991,0.877678630181665,-0.259953908310972,1.90030377980764,-1.35609333766513,0.868256229561369,1.76391887277046,1.18734087941432,-0.401495923308754,-1.09848898893945,-0.80974475178271,-0.0376686833457356,0.0788769318566683,-1.59842491397653,0.415379738867633,-0.476775737717301,-0.0352052357892535,-0.113169528585295,0.383213730908035,-0.436441720335637,-0.0178844192814279,0.0210832091696767,-0.722678432144813,-1.66803036688852,-0.794192414515717,57.7,0
670.0,-0.998793422836606,0.63756618483475,1.68131083989945,-1.32067661077376,-0.357612762264139,-0.935813917860143,0.369691427381954,0.090111312584876,0.106581413024132,-0.280776646479366,1.14091340497434,-0.144590656932381,-1.7328749714046,0.407368275006243,-0.0026760328058337,0.797637932578767,-0.773930827616477,0.257889385036297,-0.449419471244193,-0.150942498954041,-0.0195106401365946,-0.177675872198361,-0.0757270611472298,0.531208811142016,-0.486699744846001,0.670786959005695,0.0085667352527912,0.147412599864017,17.68,0
671.0,-0.257283498950894,0.567975687019833,1.88710875679774,-0.256653524459155,0.0626954232962963,-0.388148248129369,1.14551703864072,-0.636528230796826,-1.67770135577055,0.746722973158085,0.329804620414533,0.579989449491695,1.70124364061494,-0.525667955724129,0.623532970536088,-2.12655534803814,-0.034384019383843,0.0064288115174292,-1.17241753963449,-0.292399976966625,-0.77395800582781,-1.4352828382086,0.150953544648993,0.310805415806199,-0.439772284761485,-0.957142261199682,-0.333397081502666,-0.371387377113693,42.56,0
672.0,-1.613770172724,1.02251737278211,2.16859317554192,1.40501998935689,-0.577408214395707,0.997331019836513,-0.164181503262455,0.538850588104794,1.13325007613354,0.799310572415199,0.640067883129779,0.815979248229008,-1.38983353556826,-0.708586079635098,-1.87065708456061,-1.56356056499877,0.970751168453576,-0.577528830946822,1.47579441352969,0.275348939892136,-0.428487236417652,-0.418786532231293,-0.0632813300101958,0.204512194534865,-0.0885405483183875,-0.467087006840309,-0.0732610812634834,-0.186951730987474,7.95,0
672.0,1.23804465576309,0.240100681227247,0.171455719029456,0.506074759156489,-0.221120051586911,-0.576536703327548,-0.07846926017659,0.0100654641489855,-0.0838071253119722,-0.0895499924122802,1.19832767857659,0.390521917483918,-0.595590796022016,0.0470983727463282,0.505034423756758,0.809498105121511,-0.331982478049116,0.402486545666664,0.22260442055808,-0.111626327809065,-0.267541603995759,-0.843585303977904,0.0859718321322924,-0.0643021537430055,0.203967798749732,0.100417133274049,-0.0323574402275846,0.0153955415637769,0.89,0
672.0,-0.347674406356079,0.532592345834833,-0.0819803843694139,0.176924677501958,2.40705334142128,4.03019350423897,0.619624150185441,0.721851884413399,-0.306586989338799,0.135312950574203,-0.533855929252643,-0.237182669122089,-0.232785682881897,-0.0637529902999884,0.192412551849272,-0.66471652529951,-0.256359653214766,0.22451374708351,1.43734686944736,0.541055727330856,-0.118952960719522,-0.130521183646059,-0.0585634089696906,1.00438063385436,0.148452276997946,-0.26873423542398,0.222646748576833,-0.0163164015401714,94.86,0
672.0,1.23269177541969,-0.532368425212161,0.581276233829574,-1.64031750687235,-0.877592422736301,-0.189291627758867,-0.758219519087873,0.219633275079815,1.47251196577268,-0.929199114708913,1.40495540392368,0.952897023284511,-0.522386841925735,0.368589106243087,1.71526381375908,-0.0699349044867666,-0.384821075889519,0.422534111221673,0.587554648411281,-0.125132078391289,0.0721927037492152,0.312139421787366,-0.0072706354587061,-0.274399098121628,0.231887730131691,-0.0261088741661274,0.0431278102878106,0.0078684554092774,0.05,0
674.0,-0.719064773736543,0.638953749687724,0.686334858819506,-0.02323958926927,2.31789038851367,3.871978287714,-0.312796992393582,1.08977963466096,-0.596925094356398,-0.0061418718633758,-0.242883073733917,-0.384491308595419,0.109079265216535,0.187565453471673,1.82347187139004,0.274345779033311,-0.69772984993587,0.936084138676375,0.906550266380139,0.450317057445781,0.0994224018455848,0.204100609175257,-0.294958327907856,1.00727377504073,0.525176551103748,-0.0877128614687943,0.344846063625195,0.149432523469065,22.0,0
674.0,1.31718053262761,-0.0411915291129267,0.0318460300945489,-0.374863011521692,-0.181220215246425,-0.37004002806636,-0.157920246455904,-0.0255068520531607,0.0806911979154766,-0.0132774699854735,0.705438980390326,0.514791087661859,-0.0494377565405602,0.424602192037072,0.518341972120359,0.702673475187108,-0.84249783672833,0.291986903857839,0.673885612059372,-0.0488281443887363,-0.116005286064092,-0.354253858308381,-0.0650980404527692,-0.442749745218651,0.314052871738691,0.995429810326067,-0.0897121433059919,-0.0157265236853099,0.92,0
674.0,-1.15709772412703,0.580680323978565,1.60915228242296,-2.52057974086466,-0.750507031831322,-0.0837991339613925,-0.24476479312599,0.782296416156124,0.695479153529065,-1.64329077222038,1.08871393825323,0.738910431501596,-0.609025489813199,0.538484627779782,1.34556310197425,0.0429294164139508,-0.280092244668743,0.607961866196629,0.459492865143634,0.0133041842719428,0.130641331448583,0.344185466213735,-0.212396146600395,-0.287214292347872,0.279330326591389,-0.0273297391559967,0.1822101118205,0.0553538544453948,24.9,0
676.0,-0.883675575304952,1.10810484117811,0.616161203805343,-0.0426575320577816,-0.0113608892342126,-0.844864086859569,0.614614773866631,0.354251290787055,-1.02266238933565,-0.319390156743834,1.09410451900099,0.913941284000065,0.261729981221331,0.763568531485535,-0.252119145554405,0.175754389046748,-0.393066414232752,0.207546048283341,0.287488644990334,0.108941396691971,0.150457985072311,0.307372455214051,-0.016331727132128,0.363016496084483,-0.248441055011293,0.253435131227512,0.201437412859496,0.118363918876654,39.05,0
677.0,-0.371028152944355,0.163147573346284,2.73139235697063,0.731216526944114,-0.3213036163997,0.840123750647623,0.275887489691302,-0.392286837043315,1.67033283849212,0.315747264621591,-1.44247445460756,0.466373924808338,0.595013185740787,-2.02991045161241,-1.41595354541055,-1.07861717250311,0.15496149010109,-0.401243472017875,1.46385674764564,0.348638120754799,-0.343091832672689,0.115926724178963,-0.320989532190195,-0.0242461189571682,-0.105632849817573,0.381021849132048,-0.400358229451397,-0.559607343610276,32.14,0
677.0,1.42833236307767,-0.570801851065935,0.317914889262589,-0.76892771857887,-0.987847692617655,-0.756997952469554,-0.645092205525858,-0.0827826732506971,-0.523083352580456,0.642936816070158,-0.900471823406836,-1.42710672888724,-1.07180122673531,0.0729227202853445,0.971753011428185,1.44462676486754,0.109988858336039,-1.24397608680061,0.826863629484605,0.0142208354277031,-0.143476977186381,-0.610213767122696,0.0778387306854191,-0.202735329253365,0.255718609136122,-0.443126248987741,-0.0002988648696956,0.0156930350543394,16.31,0
677.0,-0.548000856606609,0.147456038028675,1.55605549239868,0.323553072128159,1.01277814204995,-0.20644585180392,0.512493219912809,-0.328607757181074,-0.325114439456757,0.540843488996913,0.691440593694738,-0.187476771220359,-0.508285561629094,0.0945507049609479,0.885461152396576,0.11243266940718,-0.770389598591751,0.578409615690657,1.6408834669932,0.249176547375749,-0.231046666756263,-0.470219680749292,0.0105065622977503,-0.519030927504734,-0.569548916239188,0.136801581417078,-0.382167960578891,-0.243069705399469,0.89,0
678.0,-0.443820817670056,0.0707816716091211,2.03854571991569,-1.51541734642373,-0.133100690645335,-0.330719684176629,0.482787273538458,-0.90414830161983,-0.558080426878247,1.22054384398319,-0.377342524462138,-0.726235640931888,1.45567191714663,-1.49981630415395,0.816792943205876,1.0539263372039,-0.459131334518144,-0.967739830769506,0.706362237166622,0.293020367425757,0.240493350338551,1.10459253491805,-0.324978487768738,-0.0516637077826838,-0.0046353533574146,-0.249175836650721,-0.922112830808442,-0.59947883643954,15.8,0
679.0,-0.722725685249494,-0.151058535284702,1.92347905493893,-1.32169729822945,-0.409026720734985,-0.94916732060452,-0.477108714433282,0.0783134086712511,1.0996148356709,-1.09127833907005,0.217931173402814,0.183654870556264,-0.472249907663985,0.153086539667981,2.70368469077415,-0.957342517264207,0.465748366795793,-0.0112544536266998,1.20260647835312,-0.0633602484533822,0.171732714736088,0.643666336602015,-0.11279375933927,0.45976792276384,-0.673286017692013,0.0136262635394626,0.132681022854834,0.123159288787234,0.05,0
679.0,1.19481237472078,-0.0881612197826074,0.487398533888274,0.872865025709538,-0.712495127127175,-0.749223476311999,-0.0986408090593488,-0.0564731060237337,0.691595899151719,-0.15755250531324,-0.919379851766411,-0.329990577494323,-1.55103504187157,0.236920710999539,-0.0429608102657153,-0.210029560624452,0.12029396901912,-0.525078939356845,0.222013717613269,-0.179831969361923,-0.238063789060947,-0.618165193055702,0.0145814342847766,0.376852184229113,0.395478151560461,0.272409703541302,-0.035684557363163,0.0128302983171307,25.39,0
680.0,-1.66552053193378,0.458385639425039,1.75327378887884,-2.20043844693394,-1.0010959398736,-0.867448195138483,-0.17279277754304,0.496169477141516,1.07205572806277,-1.56803861006409,0.0118601873325423,0.29234554789427,-0.560696270880855,0.277295489711256,2.03855547164112,-0.341631876770555,0.175392394900639,-0.12762014006506,-0.0266640983315858,-0.243538606167234,0.0843346525053948,0.396368360295693,0.130226702887333,0.424356445872991,0.271523523750291,-0.057731215729177,0.0205525853706543,0.0032108722884722,24.9,0
680.0,-0.66825713772702,1.13996896142026,0.835532994948187,0.969317031725346,-0.397593456230065,-0.67718646424322,0.763937579157541,0.214022631214066,-0.905713139101582,-0.525102129096211,-0.628344609973001,0.153082011515532,0.369521340645124,0.614759817151237,0.946439853540564,-0.200225846566577,-0.041347806627372,0.147664568152242,0.404617168946097,0.0802624054377847,0.251068270244083,0.517069404426584,0.0767309820518101,0.399763483581562,-0.191103034343786,-0.336236913789694,0.021890867549737,0.108543433661407,89.95,0
681.0,1.12087185113553,0.14242523821791,0.782353644570514,1.51749536242262,-0.451664556090407,-0.179162686523633,-0.0995527773049885,0.0115717126472606,0.422084873452839,-0.177543355303227,-0.268722220675777,0.916820724962109,0.287166222528024,-0.185884291437352,-0.281333413927924,-0.81722966354938,0.373960135477137,-1.00796049833837,-0.52360938578976,-0.167306844942486,-0.004125512144732,0.292506286451633,-0.0598989211458952,0.434357388520165,0.636963126659334,-0.263691726611428,0.0575305839030574,0.0233089304886608,9.99,0
683.0,0.658816030856571,-1.25582332873654,0.746189540718035,0.194524119848031,-1.25706461278356,0.15326402332861,-0.4070286413766,0.118008063737778,0.770705757672373,-0.359188189501645,0.817686752176935,1.22899596215524,0.432688192049282,-0.277062780462495,-0.383261651919885,0.475414984415053,-0.456995778695048,0.227973788710565,0.555315368614121,0.547437023245772,0.084679280755318,-0.213926415901968,-0.243388092089697,0.0972771981489686,0.0353302203199014,0.962774664769905,-0.0887498240966316,0.0520758087825347,287.57,0
684.0,1.14369713907476,0.0966290049564852,0.631883160394261,1.44360268316665,-0.333018374631584,0.0035286777308813,-0.142152975329905,0.0632227627809984,0.521360857971318,-0.16224566779265,-0.648122813996985,0.53734061653696,-0.164551789162262,-0.104395295748071,-0.200737903216141,-0.69754467399083,0.28384201787366,-0.838206404500389,-0.396812065362308,-0.188783199257923,-0.031570421240531,0.189568725681639,-0.0935063879285622,0.107005929288489,0.663680719299352,-0.242359791301436,0.0536802694555313,0.0190325937892645,9.99,0
685.0,1.11009760128006,0.0479320203866978,1.09608596660986,1.61931671898857,-0.639999374471075,0.103390900455158,-0.336889248964425,0.111412600134295,0.741214009870825,-0.273233974945598,-0.438118782945354,1.15523213667251,0.442193562486927,-0.516095277203915,-0.807750028144887,-0.950050036458414,0.517321807790385,-1.08528083890481,-0.381403399938503,-0.179734351494225,-0.0597675650538033,0.252132661754438,-0.0330523901701412,0.442572697405345,0.597023416043275,-0.279415961506074,0.0796640033609542,0.0261339530888109,1.0,0
685.0,0.874197580120544,-1.15305336529803,0.591410048169024,0.571892105370063,-1.24491355371981,0.182415718970732,-0.582384978796855,0.0866374996342207,-0.67955649896779,0.773846856003448,0.449374555554062,0.518905085283996,0.125832632087083,-0.0084900386172293,-0.321640658479206,-1.12182672014098,-0.41913286848072,2.08752861431797,-0.764330175338267,-0.107887667415596,-0.0887850803804789,-0.127773401065058,-0.287287255508399,-0.0040261200479303,0.457801852918203,-0.241181074020868,0.0333693198535296,0.0566330543859684,217.0,0
685.0,-1.16983031134796,1.56749531197338,0.629341771048687,-0.418430958528758,0.531247713816883,-0.0896763358725453,0.743059250599241,-0.0257743974209484,0.670016849351474,0.91043412622385,-0.6675576746326,-0.669070622193906,-0.426593979876769,-0.815002982843399,1.37334009526158,0.203210582629964,-0.122781198644834,-0.326743891459134,-0.242541581742339,0.633814153108582,-0.478187368648061,-0.84235015441182,-0.0580315488062406,-0.850647940721006,0.0433045486576694,0.146652802759864,0.511367516162895,0.131950934617052,8.91,0
687.0,1.12433698967815,-0.548114894641292,1.07429605182819,0.291982806900708,-1.30170765188909,-0.383273646444159,-0.639410654924866,0.0820324178307942,1.30485367296751,-0.452750729778201,-0.915259601733771,0.209743362223563,-0.705279671897978,-0.408511171304474,-0.221240001411413,-0.0805668401082634,0.183523374900838,-0.543919088843574,0.457843540182487,-0.0299092506482479,-0.214881122970062,-0.493788096344963,0.048465007021892,0.450269934697153,0.0972273644959067,0.939974227422166,-0.0467437366622333,0.0207272061959051,53.54,0
688.0,1.11137397455072,-0.31696844833799,0.967230192269808,0.77821157057906,-0.83951652476199,0.0365407496548614,-0.528053840541093,0.0647678185418109,0.885291300990583,-0.280176712316418,-1.12695892725081,0.531524296505745,0.648342236536809,-0.526059226343238,0.191371274397837,0.303517251775076,-0.396609243101326,-0.110329768386126,0.140782615497264,0.0631355683007,-0.0873944809938484,-0.157865380377722,-0.0902006046472968,-0.0878041823824961,0.322522292425866,0.342062590764299,0.0088547800850392,0.0327220696080626,64.99,0
691.0,1.35005863903574,-0.610453153251428,0.0828395642492304,-1.76265485757095,-0.536579816649486,0.0663544404405134,-0.771905178625345,0.219690772926474,2.01492813418556,-1.05589563691965,-1.48796985757561,-0.824535328741163,-1.63217540019025,0.38277787588505,2.64573309677404,0.111030233767368,-0.444695927010846,0.446387061595015,0.711291637195146,-0.190040312161276,-0.0658629040879368,-0.110890311171943,-0.110718997062639,-1.33232007727018,0.358259206225053,0.062444014222738,0.0365057558494353,0.0042092688070401,0.05,0
692.0,1.14902481988994,-0.586115804951528,0.937066233734572,0.560352524157105,-1.36351097344991,-0.366371406319636,-0.770752234581476,0.105757229109529,-0.886404154178123,1.01793674457077,1.01710480901613,0.0283795578163931,-0.831813543569058,0.406266814041242,0.482587933751031,-0.850838254943614,-0.46847387006378,2.11682909384889,-1.18242556077137,-0.490929132204242,-0.161201845518111,-0.16381930808188,-0.0044678201790725,0.475058462115644,0.27398756795561,-0.331433988289531,0.0487442557634336,0.036177004656279,60.0,0
692.0,-0.766197356212119,1.19536337875381,1.05604225623861,1.34719258829917,-0.230789356861229,-0.0259742932186376,0.174597112295789,0.602925828491294,-0.283461355173025,-0.293922768241691,-0.97359971476065,-0.315369944441511,-1.28286881323459,0.570512443888599,0.309588661596932,-1.04245216163416,0.867066395899231,-0.495199338428205,0.726072260695032,-0.0431067871058341,-0.0037842608221056,0.15966596882414,-0.08222826867482,0.0654034979397672,-0.106743783457074,-0.217582823180755,0.297200309500971,0.133917605496529,10.99,0
692.0,1.23664620272336,0.306498656550135,0.190288499262265,0.497587339281147,-0.136113375069999,-0.553195816214468,-0.0115825602815148,-0.0450152452981987,-0.229983477436431,-0.118387468966489,1.36283488233416,0.903553672703899,0.369157420130654,-0.144613039467679,0.399343447987064,0.76439660703063,-0.387069007773896,0.284370701415899,0.215744013734517,-0.0476071215280537,-0.255791109040581,-0.765165833838068,0.0734336110554394,-0.0378375736616216,0.23620378079468,0.097068593795914,-0.0262578683776328,0.0176568812980066,1.98,0
693.0,-1.03973086051098,0.502595595939298,1.11071561284262,-2.64291709156326,-0.409494425744507,0.171846934237988,-0.258450452663462,0.782353914002782,1.23789532194194,-1.76998729443112,-1.80421132324606,-1.03852192052408,-1.71881404807772,0.552673397421745,2.2760323849892,0.223894554668085,-0.339967095790069,0.631814816569971,0.583229853927498,-0.0516040494980448,-0.0074142763885693,-0.0788442667455737,-0.315844508204328,-1.34513527149643,0.40570180268475,0.0612231492328688,0.175588057382125,0.0516946678431575,24.9,0
693.0,1.25862318792543,-0.0595681461367488,0.313962140141927,-0.111001748434279,-0.503085021114385,-0.704059795235767,-0.156366954671387,-0.0515644824565991,0.369282464019116,-0.210213164662512,-0.133845178955892,-0.131044892534816,-0.720052352189755,0.42327328678731,1.47595179056662,0.0009730404408062,0.0204308312240371,-0.848811656850641,-0.28130896555069,-0.155894497760186,-0.0926815377431593,-0.249537949116385,0.0868631489088506,0.124851685014794,0.141399253619764,0.992684874904926,-0.0722706415761766,-0.0017285868250984,0.85,0
694.0,1.09726294465656,-0.140569128817223,0.74326396269118,0.0606784438911007,-0.787409534171078,-0.731799472183664,-0.145498285281576,-0.0937126598711824,-0.132504985381167,-0.0537079549683484,1.86604804044296,1.58698785513162,1.14986146193645,0.134441858037746,0.410663515680704,0.587965648073282,-0.635604160080114,-0.216518582844945,0.191964088745736,0.133388619126042,-0.132272828015919,-0.521833040275631,0.124375542151809,0.594090798858649,-0.0412897130436549,0.704013219250076,-0.0747080411924716,0.0183294175474195,64.0,0
694.0,1.33087573065664,-0.241449686424563,-0.139077971666209,-0.562308918483071,0.0088558430842117,0.272338599931329,-0.392701267936525,0.143239891400369,0.398763377573697,-0.0202757680502042,-0.238279314894703,-0.172800278485123,-0.617786245262916,0.418994221863255,0.785925431524909,1.15402407639859,-1.18708694897767,0.762341428047432,0.97081676891159,-0.0280851893504464,-0.197487998417229,-0.666568990442189,-0.131124169621767,-1.36218699494075,0.279585545970324,0.995649231010605,-0.0861414150815201,-0.0175770118041754,18.0,0
694.0,-1.10347715032214,0.884662139102542,1.26371512592205,0.0138296479927551,0.0022557150293481,0.567397131166659,0.0237664411541668,0.874276605889678,-0.415306689944426,-0.611284273402158,1.07982270100847,0.874628524526517,-0.739479570743435,0.497193872688838,-0.593233699838346,-0.667072393643344,0.572112208105542,-0.832721716299611,-0.0524867581632022,-0.0577639145103122,-0.0284209736404479,0.0065772872962252,-0.0213117922246871,-0.277893095391552,-0.185343231800307,0.284356451061041,0.217632552669476,0.0785742497373357,17.24,0
696.0,1.14738017450537,-0.382257478983073,1.13552198366418,0.119208924816804,-1.00361459575882,0.0261608767731693,-0.711777380154491,0.145658887955223,0.999926859476884,-0.456159693835547,-0.327009143058888,0.846270752736943,0.623064587614193,-0.531520862105331,0.486984418812784,-0.155728167971816,0.171572261386321,-0.906772471509091,-0.134673375441277,-0.0304148790146053,-0.0755275501330605,0.0069354183497976,0.071129882566712,0.179123126550029,0.0536552288394702,1.01615522906814,-0.0165337671330683,0.0167077201562805,22.61,0
696.0,1.20903257188182,0.0082995428668181,0.513061732452617,0.854926046510439,-0.608164318085784,-0.718667056916148,-0.038697437025355,-0.111541496225157,0.535797747654601,-0.184855357939391,-0.744578747950722,0.218087308665808,-0.518473703107036,0.0294146556072212,-0.156276946357327,-0.258566808455294,0.0602034465098634,-0.652212068374807,0.217850116061619,-0.126938621718294,-0.230502439879688,-0.53120145981564,0.0087316493603784,0.417510425831315,0.433438883361827,0.269108101071644,-0.0277336891173872,0.0139798337752357,18.56,0
699.0,-1.47821010244069,1.50900357485393,0.144307095577193,-0.0454946811727108,-0.326043844562469,-0.948289138177505,0.18961630252799,0.786155085367323,-0.984962105957726,-0.216185983185439,0.97387341771748,1.09327936562634,0.327722629102837,1.00759472246129,-0.26718937671724,0.285097243637803,-0.233670748813287,0.215460606428753,0.258796910953114,0.0441628187209021,0.136136738817244,0.265461180881466,-0.0737626582423085,0.368258545039152,-0.196450296033057,0.260225640511928,0.216157359209945,0.0870358647604172,23.43,0
699.0,-0.312138149054465,0.505150760377493,1.14214183993314,-1.04456656205918,-0.614836670396563,0.0997664790825901,-1.14545326455983,-2.42141723709278,-0.291526997075598,-1.16756237156207,1.4938433924401,0.738857799347255,-1.27392270236935,0.939399003897312,0.20750180545909,0.783363755674275,-0.416118944297355,-0.364541402214271,-1.20204022860969,0.457137699716117,-1.29930207309105,0.116915467879628,0.0758557592528985,0.228515196478673,0.394114388461097,0.798886367208781,-0.0261688221958884,0.205293515587663,15.38,0
701.0,-1.13478622190812,0.21201376151888,0.145122439298362,-1.94592308778496,1.34002582482723,4.55572156119012,-1.28657056322358,-1.5498562852284,0.335743208199092,-1.63755068197527,-0.878621613273532,0.343477116921062,-0.460765741678033,-0.165975052521961,-0.858981249115497,0.670382829684457,-0.526852104002759,-0.0951689397552424,-0.0679451071380541,0.612900642562869,-1.49745043892421,-0.312587826565455,-0.311940147343608,1.07019561819836,-0.0897525146063963,0.775456034593382,0.022206549578621,0.0039369646317912,171.32,0
702.0,-0.648437676021913,0.68748795261096,0.816516718539552,-0.0756621821782644,0.318651013641962,0.731318810302604,1.21083958366489,0.0959167654527762,-0.635234741516372,-0.41325765289029,0.514315510296292,0.295632213273212,-0.101799015205832,0.307406245724732,-0.0150154289810349,0.534861288795974,-1.03023336923303,0.36400250977619,-0.773372230529409,-0.175161240068209,0.161745826878095,0.433919522944586,-0.170272269112999,-0.848165441169036,0.366474708200934,-0.370503801536041,-0.0471270800639031,-0.0561811470380403,143.9,0
704.0,-0.180274985909642,0.34606093753978,1.08007682215586,0.31403416093969,0.699600227932797,0.194100065062768,0.582837651121141,-0.120209667757033,0.258827828195441,-0.174292104562613,-2.17265652646543,-1.0481456884349,-1.03074993645689,-0.148406063879161,0.157324345586532,-0.275791288208121,-0.268842829139865,0.142700222448553,1.55905873322361,0.13896112730877,-0.235143760542701,-0.446640348015128,-0.173729702453007,-1.00385298290688,-0.35702546432022,0.324307049921096,-0.0480322537796126,-0.0785328201124178,24.38,0
704.0,-1.24685277185499,0.577701703273181,1.7903940568199,0.62152785854178,0.847138497859079,-0.630922906377782,0.271990730200055,-0.278618927116224,-0.305082733712234,0.0530685916281784,0.156989839362428,-0.40010296592846,-0.290249954536185,-0.514261207291929,1.91588164318197,-0.383399675114114,0.593951543220728,-0.4774674576512,0.700583362854728,-0.15889600963945,-0.293417462803136,-0.60796230913025,-0.370918085964875,0.061990458468746,-0.187872936673114,0.249142929056162,-0.38131623729929,-0.148348546367824,1.29,0
705.0,-0.590525678546258,0.756029651730531,1.62053738756828,-0.10964488435275,0.0624811351635902,-0.310830913441953,0.38656776774311,0.279558902361087,-0.4918294220914,-0.146351234758579,1.50671563748617,0.190270924433198,-1.25001471989251,0.611937455619264,0.514226374838296,0.0945624820159938,-0.224224304359382,-0.228153244662254,-0.123816631963792,0.0283911595545638,-0.138552915066246,-0.430450218223869,0.0592783416737099,0.172907341460871,-0.357477749317966,0.0746246634101376,0.266241560313889,0.109265829813002,4.99,0
705.0,1.20584555346698,0.172719816786574,-0.643274255712371,1.51471175947139,2.16204397306917,4.06759872632002,-0.620643007937079,0.997023433661194,-0.410812185823845,0.583208117594869,-0.658349205867196,0.0035014896192198,-0.15353692932768,0.0343058933602711,-0.444354027639549,0.60308613299475,-0.738470645816155,-0.23350251939199,-0.210492188240085,-0.0443684583183091,-0.342351073669281,-1.03251355910627,0.0489862840127519,0.97153322310581,0.534092708477288,-0.164691049351638,0.0109429590342157,0.0201086747956498,6.55,0
705.0,1.22967592614748,-0.191670102282462,0.317611242019563,1.23985774272717,-0.0371303689495394,1.02766876461612,-0.554928864510453,0.373684185430619,1.26385563189698,-0.192273178703667,-2.43715724755974,-0.834635268398254,-1.92608427341363,-0.0881523280758347,-0.388546303338115,-0.321458699316928,0.0425194032631054,-0.194563926968725,0.287096625380449,-0.294911926505191,-0.20394448697648,-0.284409957923971,-0.214340737734958,-1.35905007817525,0.736990034984538,-0.163442672901348,0.0599439372920082,0.0028962678801924,1.0,0
707.0,0.105486746498028,0.958258273899267,0.32645556254533,0.853405333011128,1.14956117043362,0.422857169719916,0.79989354602445,-0.0222327171492427,-0.760845830026512,-0.0491907062292074,-1.27154169429936,0.225188325956416,1.36405392169104,0.201881436299608,1.25389397840193,-0.242475537217647,-0.429542917954439,-0.50796168159687,1.01831082258397,0.120701811443139,-0.306490321038358,-0.84124885225768,0.270273264040994,-1.36956019317725,-1.31239965352606,-0.819075345246057,0.289587818061373,0.248563767365251,25.0,0
708.0,-0.560555867925103,0.971553788032207,1.77774828792826,-0.317295691101412,0.486242237423767,-0.0425792537887471,0.970412484119595,-0.253215726180264,-0.283527879274858,0.522972334446924,1.84893608940632,0.943519751597667,0.610563104556381,-0.266546779288133,0.397193614842943,-0.115771312658048,-0.625044885751167,-0.46617952126409,-0.0810808534534344,0.392181372243911,-0.275082735348259,-0.27889337756075,-0.0797452411790444,0.0160825967930356,-0.272718040882554,0.029181626638178,0.0662399350338205,-0.276698170764761,9.87,0
710.0,1.40802734147442,-0.33186682634897,-0.313791073511985,-0.849112282912863,-0.36162104365351,-0.863771639715641,-0.0764569968609891,-0.283322650404137,-1.49448098464752,0.83041264504761,1.28818212447088,0.326140263457325,0.779445230505596,0.157625553728125,-0.32664495277952,0.989968167193084,-0.0032792747390988,-1.07842103609149,1.04245317633145,0.154035868332896,0.234797250065429,0.584993733250603,-0.235835623591705,0.0723920917617811,0.826614784994524,-0.0856428893615558,-0.0308215234592614,-0.0080923562618012,25.0,0
711.0,-0.431349344181742,1.0276943686964,2.67081622589653,2.08478703855765,-0.274567345715511,0.286856036075343,0.152109749305425,0.20087166142106,-0.596505290536088,0.0222241406011005,-0.993674334154862,0.244681424095308,0.711845591884474,-0.666973041865272,-0.600266716128698,0.480204121812359,-0.438581795947928,-0.119474666881166,-0.6815386138625,-0.0578863785979058,0.0012413375474905,0.154170368665755,-0.141532539765732,0.384610194681868,-0.147132473946542,-0.0871001428735367,0.101116884267388,0.0779438704778934,0.0,0
711.0,1.27718464888561,-0.208930040213463,-1.06671575069956,-0.332638818498292,1.96014137138572,3.54740705166711,-0.600762710912872,0.866635337110612,0.344059846202743,-0.133210132540071,-0.450336232362661,0.256571871589774,-0.166340771959065,0.0895062286588459,-0.0133247313401871,0.0482648406809488,-0.462715520132594,-0.257494629665338,0.589780031291902,0.0094837312595605,-0.283059597309436,-0.799837894753566,-0.0263587104989879,1.03346695810213,0.608714757664365,0.2841326920878,-0.0215384341198333,0.0068628940375464,12.15,0
711.0,1.34153371928366,-0.066799009110888,-0.118841192855094,-0.455025178098701,-0.0305007053513142,-0.17239147510075,-0.182207156344244,0.0113598506782839,0.138976185534256,-0.006038439864261,0.360217040078118,0.278033926091812,-0.221123119150156,0.449952698034465,0.569547946556859,0.813607119034937,-0.953818286322421,0.432459457010971,0.80439478586779,-0.0523551912782755,-0.141316649417555,-0.437092446017857,-0.103720128585792,-0.7772262575196,0.352175191053174,1.01675895876408,-0.0917393775251389,-0.0195820224923621,0.77,0
713.0,-0.359578573430336,1.02787648098221,1.25804485308151,0.0792724204227818,-0.0948232554834543,-0.991399603731772,0.679539375337191,-0.0182144261252992,-0.243153630688167,-0.490872266639207,-0.386963267501091,-0.630651836639275,-0.912415247072041,-0.222787380921057,1.00773088013565,0.433002078382091,0.0668097484565877,-0.0079681594247343,-0.0870023097118435,0.0711194230623468,-0.269275772334304,-0.774351634590719,0.0228685413198206,0.304709130370775,-0.191187891360159,0.0749680364316311,0.235161936738388,0.0968596348533385,13.98,0
713.0,-0.586124743332143,0.575229380892446,2.24351085752192,0.383733213629503,-0.540452136122008,0.0999526406786678,0.187425597215762,0.254016040369827,0.538351975781962,-0.713622171881561,-0.627298290880437,0.141771623769707,-0.660308579142874,-0.422782418179525,-0.335185327895202,-0.0013996496895248,-0.183300443879343,-0.510614961894523,-1.50129225777478,-0.306503642087708,0.0845028551590161,0.345636645537861,0.0041462886769577,0.365041316474066,-0.318674328445481,-0.618210192524833,-0.0023833576032676,0.0602527846152672,33.99,0
714.0,1.17474814289013,0.21406563175523,0.349599464330007,0.92134222041131,-0.160509867826635,-0.319185241422482,0.0121834494480158,-0.0193824217648756,-0.187794452016263,0.147884884430247,1.0187192319967,0.87439504511362,0.18992624206433,0.46496611724584,0.352938615684125,0.502401177131931,-0.883747353620278,0.436112473458704,0.0549568055222407,-0.0627074407420661,-0.0303801936441133,-0.137945333416725,-0.0829657234087229,-0.057925441694009,0.53105184022525,-0.458175167515186,0.0170206300453224,0.0166609030230508,24.95,0
714.0,1.17670542879412,0.214079534196714,0.523249553465646,0.445982060759669,-0.160030308123905,-0.177495043327667,-0.0638657536357275,0.0333935164615748,-0.343574300619066,0.0351170269840246,1.84366572178565,1.5830858627111,1.03921385772795,0.299041495222938,0.492446385249177,0.168322934470448,-0.443430000849463,-0.5971081704357,-0.192379170718212,-0.0626401320546105,-0.16926007018217,-0.449572711991309,0.14417283313813,0.0353034338527854,0.143130128557438,0.104271570660447,-0.0108077458629603,0.0070329910478039,0.89,0
715.0,1.09082009254835,-0.167030692747928,0.350138543980014,0.695739968349186,-0.378402384174131,-0.168184371975321,-0.0352484254392235,0.0056665594775873,0.191768803855004,-0.0590789599339005,0.770001433621996,1.15401130662105,0.132768685052335,0.084615819273016,-0.89915554749698,0.0107119796350988,-0.348649799210001,-0.119297660288055,0.612345840082428,0.0424763709552534,-0.161931685439516,-0.452659360556968,-0.0983394706833429,0.0505887056447868,0.451644378505125,0.264639857045552,-0.0373350035557094,0.0108009172849214,69.97,0
716.0,-1.28853462724849,0.34098462357224,-0.0773592696674958,0.131838217875153,1.88366144684762,-1.45744981009292,0.541816400016501,-0.355739500710779,-0.0474559581244887,0.290838730200205,-1.37050123292629,-0.159920102974634,0.124387022503494,0.24610671502411,0.0597431348637572,0.165774265238847,-0.965458869509049,-0.0776629059587457,-0.488262163118926,-0.536335066026223,-0.0012647351282171,0.364955005300758,-0.472453444662562,-0.401226110408605,-0.565435712825334,-0.596379358322617,0.245380976318098,0.292161769158899,8.99,0
717.0,-2.32174110764027,1.98013762715689,1.51156897436195,0.726999289592299,0.222084575117256,0.985392604006676,-0.685940434367682,-5.49901868073502,0.599675582094201,1.38278181771454,0.198373566374054,0.519267493777623,0.684928240931741,-0.584980640686615,1.68669812585973,-0.694921042129417,0.0691175058862908,-0.489392484635464,0.351123046992924,-0.970353833132013,4.4061962716589,-1.49157417015,0.682053051260842,-0.0147979901635328,-0.604365031857259,-0.638662402664813,-0.761215075772501,-0.29915085891316,5.0,0
718.0,-0.417880767642227,0.713746726384339,1.1193750760223,-0.163816950799559,0.384230965492425,0.476158216580119,0.415452210745136,0.262647198436655,0.050945510288671,-0.266197160377715,-0.409487266890444,0.178357175926015,-0.561582932543295,-0.073218740221018,-1.21450421115176,0.0603203356188445,-0.550865639181437,0.560708388110152,1.05908773538452,0.0906970556230267,-0.0497272120075558,0.140058354773994,-0.329534499783492,-0.785784186290263,-0.0272477118224479,0.418978766945531,0.348953554837443,0.177724938690124,9.99,0
718.0,1.27989583199011,0.1517466282412,0.27845022441148,0.518439496388314,-0.320208519927847,-0.725132714261883,0.0046433300915511,-0.128098681515754,0.205189158694703,-0.043945100150858,-0.804190525266181,-0.2405703922823,-0.43452680483918,0.377980843097085,1.16120457470457,0.488394979027243,-0.555962169350484,-0.2754117506669,0.0720230844860762,-0.115174714703267,-0.295171710941534,-0.908854856192579,0.0781845301483249,-0.142482988454056,0.252751224415199,0.127478708756225,-0.0366418191601846,0.0135055819927497,9.48,0
718.0,0.325401009632497,-2.50986537245074,0.614650994268659,-0.174644707409684,-1.74726836956461,1.06732871752108,-0.857322841744206,0.432395136574327,0.0100944030476567,0.286615910900125,1.12742663555809,-0.0495470416486209,-1.29823549479655,-0.298422053373612,-0.673038565386043,0.466067751005571,1.09174762769492,-1.69969792362627,0.342444236448931,0.844357712686248,0.37238155180878,0.178947814786103,-0.332992575163976,-0.256951563473416,-0.0064177419925967,-0.24725296906139,-0.0116866535993896,0.0853064156256328,467.74,0
719.0,-1.31346430915753,1.46209016682234,-0.152403338745107,-1.60142376831487,2.99000545813441,3.35916731299798,1.06451754049393,-0.222779083793312,1.39267881803352,2.48616181912927,0.578130603992179,-0.750525114995902,-0.222048140712883,-1.75882705729976,1.35151069271111,0.162746690982221,-1.06630880182561,0.0841946924822179,0.162813019411778,1.15674448198585,-0.68233670995352,-0.986381075100965,-0.160629723930602,0.914676844103537,0.0877022590718712,-0.069327231366117,-0.458950819877347,-0.69366496261418,8.96,0
719.0,-0.511084431466201,0.272985886029437,1.51388671942439,-0.42139082635607,-0.204490114097053,0.125077916332359,0.538832645390892,0.139002867622574,-1.56815720767412,0.166489606030851,0.860352000470671,0.796013163864748,0.0873435836328689,-0.0405216618918108,-1.7076186941229,-1.92459483314281,0.0419552876234551,0.88615763550025,-1.53153936724914,-0.538581861503748,-0.252087820716031,-0.181393560165206,0.0339949802554914,0.174690634916641,-0.240574984840603,-0.569963482945637,0.166777384994575,0.145383234717599,51.45,0
720.0,1.13092193902582,0.246742835850352,0.554944741910484,0.996969328078252,-0.229633530167293,-0.21942765171893,-0.0599293637700373,0.0789747609925107,-0.234944439269534,0.118616488366533,1.75027373917054,1.10864370351946,-0.016242087323415,0.551731259580237,0.548223500618593,0.0136973304851763,-0.378144144144338,-0.197425418155793,-0.519323115943761,-0.160240419131015,0.0402789196519472,0.143724021322897,0.020677850286376,0.2077116336397,0.414216278813901,-0.439153444621773,0.0358293605017131,0.0143558541449111,5.0,0
721.0,-3.56331118360203,3.03082952341598,1.01881051535227,-2.4350066159055,-0.0509601539452373,-0.897095759918575,1.69312566726673,-1.38985894262705,4.03121196535372,6.13644262879513,2.44710137518267,0.237009636357086,-0.292224335528349,-2.59139576135955,0.267212603031844,-0.203853243243746,-1.78237922329774,-0.413338954967838,-0.969288611002884,2.47830173164202,-0.838791172472418,-0.214105188033703,-0.0957686215550535,0.510643600299506,0.212093774955502,0.466986232209702,-0.272526543350788,-1.10736831327219,1.46,0
721.0,-0.995277473663969,1.3761868245215,2.49265967081968,2.83967404802601,-0.485869902269015,0.954722457879767,-0.221281615613581,0.482262622819826,-0.17770360231064,1.23199314592897,-0.75358401482164,-0.388916210238169,-0.383964000090553,-0.454691634349833,0.781019211108528,-0.444201053432048,0.509196498210958,-0.253774316653379,0.533452501045798,0.447304111720875,-0.0874164641401544,0.217633736016044,-0.0463221197088055,0.0700327895090472,-0.219395862517254,0.24618149597873,0.646232936389491,0.312482136529532,5.0,0
722.0,-1.13341331028893,-0.0188609435497727,1.3432414511719,2.01704229371976,-3.02023978415561,2.60957421357797,3.44047504227074,-0.405312451189159,-0.827708041324871,0.0258199032804702,0.512896296057209,-0.0749622392559216,0.0322080982034488,-0.501231822700896,-0.640799177739819,1.16517319741226,-1.16463538530671,0.947210920822515,-0.554139579207777,0.130852352766576,0.17258097223778,0.823046172461756,0.38432310902462,0.0339090184336605,-0.284252251736829,-0.0103919558734008,0.173988230251217,-0.264503876499728,767.7,0
722.0,1.18977718924676,-0.922777381580556,0.309246148376993,-0.823732452733373,-0.953511567322811,-0.06606868110197,-0.756295372020242,0.19564991786987,-0.743775044003757,0.746913557095552,1.13354055019026,-0.811164715398157,-1.63213621083407,0.412450370837332,0.564302577503514,1.31734547274446,0.240314312632522,-1.19807404556994,0.659496345342292,0.104016891888652,-0.0122706349190201,-0.41783181748148,0.0631925406006652,-0.366202178616146,0.0841680558131057,-0.449981114467831,-0.0036293663972428,0.0156841019573844,87.47,0
723.0,1.16911745724664,-2.01964603824559,1.50281141626919,-0.664842149461255,-2.64152244406894,0.270360035166807,-1.82866633574985,0.230067468132735,-0.131122535022019,0.978759816353966,-1.65311594656451,-0.704566706165627,-0.540051903896566,-1.45783428916078,-1.93419306429604,-1.13042225756587,1.38413583215272,-0.101462884792445,0.38854905222173,-0.178579738182363,-0.248413824383564,-0.152602620727033,-0.0971259514402618,0.409141771038727,0.31788886601838,-0.0913743437417587,0.0837906193850804,0.0509766543240261,131.95,0
723.0,-2.24056572191529,0.466023038292295,1.56613613736799,1.15848966777267,-1.62013465563869,0.743998282497071,0.225636113226315,0.720140181494482,0.101541135417239,-0.573687310663116,-0.839027265629749,-0.330798396247925,-0.865283899917701,0.23113034873687,1.28899475662297,-0.0891426956714233,0.400883000881071,0.0611783471947238,0.202225384723062,-0.423730011618473,0.0481451837017519,0.310024967369326,0.109136184859903,0.0724146882648853,0.178580542390276,-0.283594306037548,-0.55908971386237,-0.286753300980859,179.84,0
725.0,-0.534912930646031,0.550683624556609,4.01756141829354,3.25490375515251,-0.919558650379071,1.64471618107519,-0.638287210973655,0.432395643880143,0.0001581962455594,0.501194757724291,0.446253533565457,1.05272566819276,0.451786444774446,-1.40274889745527,-1.8701476982921,-0.61916599452866,0.436712872647156,0.612060646858057,1.52257262366826,0.247874081064167,0.147772108524608,1.09622493797845,-0.416072513598601,0.628185801350945,0.10629000983289,0.474380524304612,0.0192600756334712,-0.126125634512571,0.76,0
726.0,-0.393673330891467,1.03088926864734,1.29553741753417,-0.0459166367696674,0.0260693820466858,-0.658290361972533,0.599278285858657,0.0988480800331637,-0.585184256986722,-0.334395962321431,1.40405022462216,0.354080145184697,-0.440986583545468,-0.13761445994482,0.2460902894586,0.60322848584058,-0.216443468841894,0.418240107556668,0.200964021982774,0.10773527372277,-0.214126644662377,-0.616464590704485,-0.0074902966959583,0.264322695241055,-0.203997760647859,0.0559648238629096,0.236596480890828,0.0874964302921489,9.44,0
726.0,-0.484765915667271,0.871049284125748,0.0124548316871759,-1.3013655315084,2.5232282142097,3.40165968565938,0.341355899288644,0.723834616601492,-0.186282461184594,0.264360569566329,-0.0667908554132422,-0.33057450564243,-0.0838324710861966,0.0118242820166832,1.08667747930009,0.425789482231236,-1.00453487036245,0.05546745829809,0.360012461277617,0.415818806642529,-0.364792171913002,-0.898622200328134,-0.0807798503485937,0.979548869623304,-0.0099365920120396,0.0627849165181089,0.213169121940573,-0.0514329085850456,8.99,0
728.0,-0.945643150917264,0.809179798181143,1.82057620102114,-0.494431533488855,0.493423276894544,-0.839303367032576,0.650601590480223,0.0766325541448453,-0.841034144614585,-0.870712933067822,1.35181125954006,0.425999845827425,-0.329388904885587,-0.161042977253476,-0.142194202184157,0.834369920367561,-0.448076653238289,0.33947023336402,-0.396618082685901,-0.0096408402355932,-0.167601908894801,-0.720771458464443,-0.152724278883535,0.268791462262009,0.193233508897251,-0.0065745001299117,-0.0219627382272518,0.0664726688764987,4.49,0
729.0,-0.837126354398089,0.826758865592969,2.51023567423443,1.44509291321896,-0.337731229798627,1.48138678570834,-0.246013651546006,-1.51087320013049,0.871062926191788,0.266694531756786,0.722411237914962,0.911075514272718,-1.2251858983109,-0.806633723212651,-2.00400658006393,-1.62985834467769,0.919442511382094,-0.56777653747475,1.49602063873132,-0.291780008167088,1.19046822280268,-0.7477696560637,0.147556319751399,0.190921099966012,-0.50239513545555,-0.522722548391185,-0.155818239572025,-0.291256365449941,13.94,0
729.0,1.29090614868327,0.139286035237072,-0.445588342975989,0.13095910128326,0.630238069708655,0.688706119953322,-0.195526518831402,0.246893586676557,0.0322855016962728,-0.127417519772043,0.144478777544791,-0.0701058612175116,-0.531605767397696,0.0239837429136153,0.876738363528183,0.931556944372061,-0.551523911584822,0.428627924947136,0.390731718250346,-0.106256366343218,-0.332821904977461,-0.999828306987117,-0.0559828814564682,-1.77691818212566,0.311470733844006,0.217043326693407,-0.0189591270010729,-0.0023179792304913,1.98,0
730.0,-3.45766642972427,-2.95879553522009,1.39751549529117,-0.395490031184213,-0.186258719717607,-0.407005835705011,0.384979686395732,0.229338228535296,0.836471434903631,-0.547604554098079,0.447670857309593,0.298203573132664,-0.835069165283174,-0.310723400970721,-0.74576174665774,0.852457854798197,-0.748163116684125,0.496480160037587,-0.0667364364927869,0.643695516879064,-0.0260439218909142,-0.219128406710224,0.61935264548304,0.0578583368145693,0.162335271201839,0.869619703193581,0.304377823365021,0.625509491431665,500.0,0
730.0,1.12691551061923,0.0835575345021616,0.404825467857869,1.28492396851815,-0.186917630679554,0.118166649589666,-0.116458052554652,0.197992163978085,0.205096271226912,0.0791615963985143,0.964340541667041,0.608312440620669,-1.3606906105333,0.48936219540921,-0.668958938436524,-0.472562270658398,0.0771358829607356,-0.342024019981354,-0.0684298059101288,-0.258414580213567,-0.0652507880390442,-0.0366656597077905,-0.058418414647395,0.0071967434789778,0.595839018493472,-0.325942121239138,0.0291274225720082,0.0028628488200969,5.45,0
731.0,1.22552063988694,0.205458625261671,0.45640396539633,1.35721142889232,-0.165947934730766,-0.134656176794122,-0.0059505032198315,-0.0995180473130046,0.405862449037361,-0.14758971275519,-1.17418289711319,0.822941798024418,0.979954239689963,-0.370072742752254,-0.526454355709404,-0.296737263612262,-0.248757705404717,-0.340424734254566,0.157135053015025,-0.0736655793514676,-0.0826987851057603,0.0606465176520595,-0.201782412949247,-0.0917878488037291,0.843104013119382,-0.242185997917655,0.0432375001384376,0.0192012177249823,9.95,0
734.0,1.21517554116477,0.337917172438359,0.287223888247558,0.638964348159176,-0.148268610724532,-0.593767371291786,0.0349270900793442,-0.0877236835647646,-0.0317199388131988,-0.338129433085135,0.22326151917902,0.532966503859776,0.606249859452764,-0.339041716696464,1.30185389997396,0.167215807104158,0.250154138963556,-0.797370175730261,-0.559154629360815,-0.0886869107479298,-0.255928650265538,-0.682293135088029,0.154841983189027,0.0448344539179043,0.157156633671044,0.122873690425899,-0.0038036851587722,0.0281139993684412,0.89,0
734.0,-0.733903778759373,0.767840538500385,1.85442813753833,-0.577618237078567,0.324298653251735,-0.368796603737572,0.60683652149046,0.181425225356282,-0.739692423407664,-0.628880669072885,1.55337748128676,0.656207105525617,-0.442445954316542,0.437823945313915,-0.0226247121185137,0.319820298675119,-0.538106837140718,-0.405170782550315,-0.796761441149907,-0.145163947193728,-0.0779901702363738,-0.36578693519894,-0.0227891704533578,0.194369805590455,-0.297605614111681,-0.0573940122659162,0.0447180341677984,0.093391643723343,0.89,0
734.0,-2.27143939148878,0.825718399902319,1.38431315044361,-0.118107253454258,-1.07090807948914,0.408182042134242,-0.154976380498951,0.596747754252136,0.34721440214365,0.403728528525592,1.17476135281024,0.336724104891899,-0.69032738285474,0.186245808770084,0.923305449742879,0.641066047145843,-0.428785447284581,0.444998968249736,-0.328635586335642,-0.409423327342178,0.13413323428367,0.644518725082331,0.157529304148949,0.0308013203360505,-0.377017153523322,0.291299252290718,-0.186925887257337,0.216214448453125,94.65,0
735.0,-2.64739717619895,2.24506913430805,2.36967266441333,2.29344820355944,-0.844089791101675,0.29152431381633,0.0083847533590156,-0.0002066411298704,1.32131949116034,3.98222736733685,-0.39592841460375,-1.24460178716551,-0.831333401282178,-1.10286945752092,2.24529009259657,0.275709805248263,-0.513123589619909,0.754915529604185,0.179464586163839,1.35506923396426,-0.214398285511807,0.643305234064221,-0.142704770890306,0.336223674946684,0.431443968258124,0.411999009634868,1.01223198157764,0.374644076742179,10.38,0
735.0,-1.2473229594271,0.67203152678912,3.5365273197462,3.29350875568795,-0.79691901161347,1.83150959797866,-0.913056246077758,0.497590881709471,0.440542921009697,0.546139822905222,-1.28203473094324,0.421281556383161,0.492437346186844,-1.50252148670481,-0.868685032303513,-0.993439129930072,0.968648547850973,-0.267089414939274,0.974409922137579,-0.0239020960202167,0.195892502875825,1.01228107773388,-0.406072963619098,0.184489732324308,0.0583584403502402,0.513193351740785,-0.318664359783642,0.143312080326054,15.15,0
736.0,1.4448368333663,-1.24531199183816,0.776082264488202,-1.49172687133361,-1.76542488448976,-0.270933799653989,-1.44353714164379,0.108860795305324,-1.65798924638345,1.59305547055704,0.749748280183005,-0.78957272642448,-0.413186223733931,-0.14620224588184,0.262220519415154,0.250236135979499,0.0584436702101424,0.870927463031608,0.0653630958411672,-0.333259922769153,-0.211909881980806,-0.336078821345886,0.0711960256737399,-0.0551831102498962,0.134177516944034,-0.291773104228034,0.0431388958957674,0.0188852798082702,25.3,0
737.0,-2.14553083721587,0.583445706027504,1.23902261095864,0.322204092900045,0.674411001276486,-0.714821635134253,0.189103547083159,-0.037495022825121,-0.201683576668185,0.604833420445787,1.24801506829371,0.0770381441129264,-0.494920893686876,-0.314894392912008,0.878714551130398,0.416426738816032,-0.0998486704046474,0.560751231878631,1.16096061233484,-0.212955064453413,-0.40260349275036,-0.715542566164283,-0.0005629194711763,-0.0323704738141832,0.183830895274792,0.232982099778755,-0.0374533284493842,0.33892208102442,1.98,0
737.0,-0.308846893327012,0.105384024074842,1.10197539933843,-1.8974475449435,-0.201232229304146,-0.701165909238243,0.317307450850645,-0.0190133957462109,-1.5169058036361,0.200590574217537,0.737739311177104,-0.718581244343964,-0.742522916203939,0.128827837325546,-0.651994476047697,1.477831159526,-0.317124112530809,-0.586505429938999,0.354757851551011,0.0388477577813859,0.364867432307218,0.824246561298326,-0.205158597971035,-0.0035744651575669,-0.125034932901406,-0.3336573897801,0.0956434049468173,0.125836319130547,25.85,0
738.0,0.828410345527949,-1.01553866243325,0.494972876660827,0.132271564651977,-0.637767978165018,0.744832796041135,-0.386336042138161,0.130128655938708,1.05697974016411,-0.629498076117388,-1.22720105534336,1.00423878475074,1.3930701865126,-0.782297582014511,-0.0883873664233977,-0.159703287342276,0.0064211735736061,-0.879412544522998,0.396872048716611,0.432137573858809,-0.127585934175467,-0.487869144980899,-0.211280336953033,-0.766015536936444,0.156876677034409,1.00528396443082,-0.0504819612019707,0.0406867494091042,220.28,0
739.0,1.18274228967645,0.235350890141543,0.389091051885654,0.638298543667329,-0.479632032203991,-0.877409673342751,-0.045611827946185,-0.0344990695330401,-0.142471107429381,-0.0986053974437477,1.70224557345317,0.641147059723236,-0.550780468627016,0.0540617704864177,0.451846128289295,0.647623700577326,-0.144303051098829,0.212280163771781,0.0163417278060469,-0.101704883988656,-0.225136410817486,-0.738236599777772,0.142697021382216,0.477842712131396,0.133591955243728,0.0656801839444933,-0.0324756222109773,0.0227215733589335,9.99,0
741.0,0.944362376346842,-1.73183214085906,-0.130577622277333,-1.17227545448322,-1.54140224810759,-0.909771281204251,-0.289440421424805,-0.33973404167914,-2.48214139119948,1.48860526910276,1.53865095824481,0.250112364256963,1.07227688615792,-0.0081179940408328,-0.399293630177076,-0.505072050912518,0.406668300104298,0.199018848995463,-0.0365851832421769,0.284755482900076,0.0383660870449324,-0.130337360559468,-0.27269672146907,0.557769941648498,0.4244933646826,-0.207367367824495,-0.0426257840546896,0.0545307925332413,294.95,0
741.0,-1.46049422048959,1.07225615619664,1.52562077195328,0.122963804486616,-0.874789814091676,-0.382503212665038,0.0253383732703365,0.353055399436286,0.923318088138753,0.2748418151518,-1.11967931470208,-0.395008455409025,-1.06948195604565,-0.307001689688002,-0.0038055219616113,-0.0990909309996498,-0.00427746534649,0.0994165485852632,0.0407002636817039,0.194301701344996,0.0376869967664039,0.534206223090006,-0.218094845744875,0.429192459524939,-0.0686669878208365,0.428324793758647,0.159005188713459,0.0408683879919793,29.99,0
741.0,-1.64497897994548,1.18516927230571,0.846529621675449,-1.1743746250211,1.84544230155553,4.78676898536671,-1.38891195309074,-2.13295801619383,0.587086286995023,-0.0478728307367087,-0.580281676143692,0.0461052151005631,-0.235291866704307,-0.495164231440509,0.218981947134912,0.289038389060888,-0.459990174117899,0.41164882175373,0.498096904620666,-0.358568221091703,2.84908118785793,-1.32219321760899,0.096048034156175,0.979467453782551,0.434881811982757,0.380887583225553,0.29650764855221,-0.0698291478745681,8.12,0
742.0,1.30443715241464,-0.709850808170666,-0.112404520146688,-2.2079116498656,-0.355303884968257,0.170635748205182,-0.518524614986396,0.0500548039761027,2.47038156186646,-1.72897054778687,-1.37571766111199,1.01600523808987,0.801417725240386,-0.360063552689922,1.37938274562445,-1.11898663556744,-0.055500581460787,0.131746908725565,1.36628412088491,-0.0126472731396632,0.0658712609585088,0.610271144250295,-0.375163027013864,-1.22971963758519,0.948827788882459,-0.48535583699357,0.111789009127686,0.0128185619948741,25.95,0
742.0,-1.63821190706849,0.3950443085045,1.48721008808823,-0.536682402011494,1.69199254715541,-0.610508831476541,0.479927821458058,-0.209453091947463,-0.161525194377248,-0.358540390762332,-0.468911297201082,0.0461479617205215,0.79222201002902,-0.882590567977525,0.878149902820909,0.432647472347638,-0.36026994112373,-0.577627597960044,-0.748662094683056,-0.118687390554283,-0.405071930518341,-0.800599152289351,-0.501077170217169,-0.654135777936292,0.249438221427251,0.0580129466070586,-0.0264570224164372,-0.112419532863316,11.98,0
742.0,1.00373589679205,-0.124485796298725,0.550523700323443,0.707663000923342,0.114723687894491,1.14220079411675,-0.312824037983803,0.418346705542962,0.369756002528781,-0.400072124048677,0.648682216328129,1.14489751161827,0.184179984399121,0.0030009501332261,0.816541675897903,-1.65988737234569,1.33551871280195,-2.80656075084895,-1.46138145576297,-0.225499546385574,-0.0809378543775752,0.0953447521054645,0.16772915617522,-0.594203557656026,0.103795597020365,0.375502680600504,0.0500580277894534,0.0038407206195075,16.5,0
742.0,-0.992814103888389,0.536905932203853,2.95697257156551,-0.607305662693836,-0.093233476145699,0.439161637023011,0.330775752701066,0.138237595027605,0.111926974200214,-0.676842613574856,1.34265480324745,1.23905501100906,0.411829947007859,-0.720126983534147,-1.04107867484464,0.133814746859309,-0.540071522089305,-0.318493832624169,-0.945080018744573,-0.069143317821208,0.0175874324365145,0.299998328621327,-0.298037127116376,0.266489630461266,0.153733779195407,0.1465830718521,-0.247257124108641,-0.171661521800999,11.5,0
743.0,-0.936393716348959,0.138919577612314,1.30300081417172,1.15390799801156,0.634500462154258,0.247586863311092,1.88240866421048,-1.2307180044176,0.651939774706017,1.89885218101081,1.67109733538433,-0.29810941713637,-1.58121253853556,-0.571367902840207,0.169862794275826,-1.33115301322513,-0.209386799067787,-0.219334682142534,0.843539328873571,-0.125263622361822,-0.18066167778357,0.824548739053284,-0.395536457683255,0.248363887394968,-0.780323470269158,-0.451673285180201,-0.906046068016781,-0.682157664249416,153.0,0
744.0,0.846466272374581,-0.648164825216679,0.909723124637937,1.27892099596901,-0.848055163301559,0.723488884121459,-0.706529797165161,0.453813005097377,0.762523223019413,0.0425066524291765,0.575006480045432,-0.0607474825616685,-1.92684676927531,0.370816599518687,0.39351381396898,0.394827517600315,-0.394978671247632,0.626959482250927,-0.459268462797168,-0.0023056728813805,0.23857792332271,0.464747313987709,-0.204266702085546,-0.327268555736982,0.330810587963282,-0.217592080514788,0.0419513884316426,0.037854500530296,138.0,0
744.0,-3.5900235269187,-2.61234657354237,2.32292004834584,-1.8396666403005,2.87683468746746,-2.92905906273881,-1.62204862370213,-0.738849359208119,3.21228038176326,-0.010523474668369,-0.538572690874013,0.451516033368692,-0.635959708124948,-1.28803508570439,0.133763874502234,-0.258804228459774,-0.961071027989039,-0.260277398311473,-0.557072453828164,-1.73081299805422,-0.754386587941854,0.160377428625225,-1.92064790867343,0.579340188823716,-0.117107121164818,-1.09664765350165,0.639569326983905,-0.802699995369106,0.1,0
745.0,1.19949919158475,0.258132867249,0.397413942970837,0.631900955685682,-0.477200378770753,-0.88217970347719,-0.0618308680348132,-0.0283268225321368,-0.13101437041043,-0.0925296945049785,1.69037152819828,0.604146799319286,-0.621228268202182,0.0658034240023052,0.45831082282153,0.649708022598812,-0.14062392047304,0.218950442494817,0.0195855851276065,-0.123836335835973,-0.231200154162117,-0.739287326408676,0.151192161017753,0.475509961472129,0.134455224511576,0.0668389365921352,-0.0312821783168777,0.0210587811006698,1.29,0
746.0,1.2884485862491,-0.613353206571253,0.347904425437894,-0.753704354512281,-0.958265258417394,-0.5290953569462,-0.495479452019077,-0.0503318194448806,-1.08995611939016,0.80651852230097,0.972358330401992,0.441530720763563,0.174387286940092,0.315133131149784,0.306832511987438,-0.819180212506867,-0.430864742986381,1.22840593497077,-0.228568921989956,-0.378287362135029,-0.682871371210935,-1.68400051620305,0.222905917269544,-0.0222866682002539,-0.138250536862075,0.63871094843731,-0.0663877946649425,0.0097239805066301,47.9,0
747.0,1.14914083666976,0.124643446793311,0.380289110389312,1.40700399764942,-0.226644136806659,-0.196434838302493,0.0238242103028974,0.0286394738216543,0.411972280073924,-0.104660211295439,-0.673760256442941,0.101410296184402,-0.935484528186125,0.227884513477054,-0.0045723227754335,-0.684316385572115,0.30987250898372,-0.877750592139194,-0.364755214758093,-0.226009799914211,-0.106360872124581,-0.126491975332673,-0.0591471750229464,0.0732050879638147,0.633099300237644,-0.310940164911137,0.0331389151515722,0.0156664448222068,16.18,0
748.0,1.09498678143194,-0.162971896707234,0.497778953511949,0.711233710723558,-0.791206823857223,-0.94676985275121,-0.0260461343817738,-0.0921145338609082,0.373153275379997,-0.0680040482329075,-0.524968755319055,-0.555972695314419,-1.45686682611275,0.56341702236939,1.2429381532975,0.447400514241154,-0.326768020838576,-0.323371291806592,-0.1177110302418,-0.0429561266322391,-0.279243488316896,-1.08135004325526,0.131339638006109,0.325432547519855,0.0470681293701103,0.0309387616500974,-0.0502260688472687,0.0322264192162982,82.39,0
749.0,0.658270771820729,-0.992785323565267,-0.352719370113946,0.0834428933261791,-0.585162759898257,-0.879117004530358,0.642850505375053,-0.329246041611571,0.095398486362065,-0.375016647511562,-0.574339732011829,0.102663176524068,0.068238619832148,0.440427576934949,1.07474138948208,0.391990778663698,-0.38711398289162,-0.779641046975785,0.429314955124632,0.648294822080077,-0.349558811299699,-1.86684745618739,-0.0804219587662029,-0.106852578578565,-0.111519886104836,0.540886500173824,-0.161664629754502,0.0631928260939376,354.85,0
750.0,-1.61543872085496,0.403427877778739,1.98810129170351,-3.42119485879679,0.213596316862984,-0.0716159635751867,0.543998295420757,0.0048617902464676,1.15027303044338,-1.17417520420499,1.92680690607201,1.22452705866202,-0.0222658668539129,-0.276405395709167,0.672794318882964,-0.136369983657144,-0.726900339732421,-0.524651156563656,-1.35317198005034,-0.146460279988577,0.0253528610740609,0.234905783707738,-0.231166928527071,-0.265165465023405,0.257301920517272,-0.345012925971641,-0.426659124500435,-0.0614918535116324,15.37,0
750.0,1.17861006037033,0.203177363194145,0.584158771234732,0.712157891770319,-0.507372746803523,-0.872610586632156,0.0570685044940337,-0.119320901829866,-2.15601506608522e-05,-0.0984978272256426,0.416304574163189,0.504706924488258,-0.0376864755632066,0.369460719012169,1.16092447566533,-0.236036245928254,0.107774405758091,-1.1353736969099,-0.666286185974966,-0.151202203738908,-0.140014059536277,-0.37352701909736,0.174242775635064,0.609291264612324,0.168949745189872,0.170185942842984,-0.0194394313977731,0.0175344982202595,5.91,0
751.0,1.28461191181462,0.303072684446592,-0.0679087876870497,0.93068439945371,0.117387094267231,-0.487005010121748,0.204739176557711,-0.174872536447332,0.0582703315027274,0.0154645394653967,-1.16529240381679,-0.155797458961503,0.018859395126243,0.366394105322403,0.996123133311245,0.300770632106411,-0.723470547378979,0.13950112210651,-0.056728553723888,-0.105210523936671,-0.0232721054172152,-0.0433584901457159,-0.209701172341977,-0.446091429604125,0.791745231948766,-0.276971441443833,0.0099785258864893,0.0132679197711567,14.05,0
751.0,-0.654892250964595,0.608319162188241,1.58510173965611,-3.00942924085916,0.037592712479637,-1.95402299321341,1.33597713686542,-0.612858372349054,0.690254191679665,-1.68153698719087,0.361360985336177,1.12280326162688,0.897326398697901,-0.279798556334729,0.209001394522216,-0.268394125539523,-0.74375591604156,-0.749993944070039,-0.962561902074604,-0.137096520002989,-0.0785270520006642,-0.064193969586884,-0.107350003017435,0.961776006475619,-0.0677597397332551,-0.549464950543634,-0.232588215683198,-0.108260749493982,3.9,0
752.0,-2.10117149144242,-0.22736543911413,1.62466810426394,-0.291122571089436,1.90244618375699,-1.48392103187647,-0.275117014523331,0.0859641370365054,-0.56309774034395,-0.376024030318114,1.23229925291936,0.834265497777956,0.523792388008573,-0.389664422195622,-0.0903643259649256,0.900605108027846,-0.612590406407263,0.294091852267913,-0.232594951153649,-0.134548902017808,-0.31378167289453,-0.804783574487271,-0.47410121659708,0.0081015843568792,0.25972531369787,0.0323758482755311,0.323580117328852,0.0346220549567376,1.78,0
753.0,-1.24816321038478,0.315246348770224,3.70893465260051,0.687279870972848,-0.873070841625969,1.09128689516117,0.29770711559113,-0.633135264350753,1.10231695879135,2.53655659112427,-0.220342247935245,0.659563131279398,1.19199131675512,-2.80373518162931,-1.10525402182436,-3.57636087769932,0.849402952253273,0.297933271960093,-0.0165688483275974,0.593322867863147,-0.824012541441573,0.0579065650735021,-0.282351235302551,0.63077385627396,0.283505962392149,-0.204263669930433,0.097555160886914,-0.670480101829841,30.0,0
755.0,1.37413406319621,-1.76721036677041,-0.43335216226745,-2.22955241188067,0.331134992201802,3.92477529205726,-2.04994662729592,1.00140256482712,-1.18330955474274,1.27835982181887,-0.648751014613809,-0.785600618465818,0.475230468746871,-0.819495603644115,-0.0444630006393943,-0.151399585373113,0.226627714800609,0.500211785904917,0.268549768491558,-0.0681739722768603,-0.252942328437087,-0.46153361505913,-0.0308896180690697,0.997118513980213,0.384299048747311,-0.187537897605002,0.0688172783801454,0.0380093004263256,82.37,0
755.0,-2.49743643182682,1.40276910613199,0.184840038568213,-2.50411656955738,-0.111803360992286,-0.902908897714706,0.110182628209254,-3.65578804888789,2.23176146240547,0.674164974929937,0.182280593630721,-0.284065147939214,-2.00914668222429,0.107969704536118,1.52394990557522,-1.23820447887381,0.313089958521855,-0.610701110732041,0.0271920258385116,-0.417931240496085,2.77715509696277,-0.664909288829964,0.594689285634536,0.330380295030054,0.0641896568355478,-0.110532679847715,0.672165105984318,0.114739098924503,8.0,0
756.0,-1.37240647094664,0.920122096721065,-0.776930380811041,0.900529464263873,0.743474737396356,-0.958746103593443,0.525096025621992,0.0594018587618634,-0.169124800816018,0.688410341167916,-1.33708010504447,-0.0905546051265302,0.342371570198698,0.510460322313084,0.794209809324324,-0.180610942868697,-0.357875212316109,0.127811273715605,0.772489864379536,-0.386188003208597,-0.0231806518960054,0.513864541163849,0.526688815353871,-0.436924861745145,-0.390495750191778,-0.356481232367678,0.187411378610614,0.193365077258343,2.69,0
756.0,1.18374338681488,0.115571085259199,0.846517074521681,0.928533835016307,-0.539676356383552,-0.119024235690075,-0.418418348599398,0.145654523238399,0.167486767395885,0.138137518430541,0.955428330185883,0.621258272022969,-0.277525813967151,0.361360600637089,0.65881014692298,0.802497519712358,-0.965210495998497,0.697154120303473,-0.0759686548232875,-0.133091301655546,-0.0345684112214759,-0.129033467118101,0.0118196178837995,-0.0325451437172598,0.322959726114334,-0.507391729887739,0.0429205157214967,0.0224439053218614,2.5,0
756.0,1.22590197990148,0.239666750542786,0.170020554213492,0.508587451879376,-0.202827400003141,-0.567680401717712,-0.0512926264630507,-0.0072495981919254,-0.126287768872312,-0.100620450775252,1.24541682537424,0.537352787554135,-0.318864720595423,-0.0063001521082982,0.475601683086472,0.797413693185546,-0.347541274550944,0.369984583488762,0.218702867945023,-0.0809563567822212,-0.260501125822413,-0.824387938532103,0.0770318334264881,-0.056428938589201,0.210946176971943,0.0988121141630544,-0.0317632329467524,0.0171000257243908,7.28,0
758.0,1.19519127138882,0.164981643880673,0.608915328282132,0.653733944125657,-0.51161034817632,-0.725919182970613,-0.0551234656389155,-0.0499000242730368,0.119843037855709,-0.0903811393659534,0.183991622568234,0.208131187420986,-0.4279167917051,0.419562100898434,1.33284165629264,-0.0537961960964934,0.0121375190109133,-1.01631343726278,-0.595658868516383,-0.179902324875629,-0.216481539371151,-0.623973795916533,0.21507230739731,0.376696218573818,0.0788021046734884,0.106358277597961,-0.0163464062691794,0.0173503819036471,0.99,0
758.0,1.15207075621257,0.119097029730941,0.515409957372606,1.48014786720032,-0.443249379104829,-0.406770862605963,-0.0416617288098461,0.056780934122585,0.512394072583047,-0.0752646828802541,-0.51913641236584,-0.217139494102213,-1.79491622730546,0.403520546559833,0.0576641392970417,-0.743562066162513,0.473556777286349,-0.888648211176888,-0.477709603289875,-0.315694629417246,-0.10244423024066,-0.124814470229045,0.0027736824930964,0.376727493605923,0.56760191226247,-0.326992224536781,0.0309228584326377,0.0148669587641439,2.49,0
758.0,-3.05953298124839,1.82859927265956,-0.27252386091326,-2.51853332165849,-0.433718283501908,-0.999146987670091,-0.300952692655225,-3.21249903885576,2.25808270361145,0.766533780755129,0.0566960580960291,-0.1094697393753,-1.94819984691989,0.355385264162474,1.49950755495829,-1.14002227318996,0.474661764874344,-0.591231463557588,-0.0081776409386728,-0.400387363554676,2.79029765789643,-0.702683056215248,0.626516410898138,0.32693959444606,0.131712613365187,-0.104648633165206,0.649376178839251,0.114990107023567,1.0,0
758.0,0.530477898369005,-1.58701659606236,1.14828025207171,0.709524400887117,-1.621195028075,0.762713104741826,-0.793153868058741,0.417671798868541,1.43048191470064,-0.470839775903927,0.772939937867032,1.05334135877261,-1.05492808961031,-0.480384125082337,-1.47919475403962,-0.482027567387496,0.539416033161974,-0.308097744790531,0.242997610605897,0.399116062599998,0.248558978043895,0.477354431728499,-0.30678379750058,0.346176896835476,0.135531812430914,1.20062716424377,-0.0573868908264216,0.0477531343221531,291.38,0
759.0,1.1301092343993,-0.204418352367736,0.868317203047919,1.5317546571874,-0.318637011709371,1.07098539019493,-0.553303478386449,0.342626917459292,1.3276465147558,-0.413675957983893,-1.87836579471349,0.639411776997896,-0.245703596901239,-0.766519371246251,-1.62883760407894,-0.896078952008745,0.477337216589483,-1.06454541120464,0.489794141964797,-0.181547116045265,-0.469380283879378,-0.885483252498572,-0.0220701771429683,-0.775433391258838,0.531546147191619,-0.457120815306636,0.0886532054879433,0.0206120962892851,15.0,0
