Time,V1,V2,V3,V4,V5,V6,V7,V8,V9,V10,V11,V12,V13,V14,V15,V16,V17,V18,V19,V20,V21,V22,V23,V24,V25,V26,V27,V28,Amount,Class
1177.0,1.23196147714305,-0.434462506349544,-0.353180978426263,-0.312595909916549,1.43318641459256,3.95662797720679,-1.2019193124641,1.07164334814072,0.797960335232736,-0.181065671003018,-0.505376313844732,0.268831430787855,0.0016554182531412,-0.266007708194326,0.387423402344866,0.489388497245141,-0.674259422196508,0.209296139066571,0.331168848950724,0.0288354828461797,-0.143435333718832,-0.376046085176724,-0.006577129573645,1.03965500210205,0.413008924057394,0.331772082239704,0.0187912239772941,0.0209350004684865,11.5,0
1178.0,-1.97878516229909,0.279506536451134,0.64634319992654,-0.243417290772734,-0.971022939477848,-0.648426064675633,0.157255236132894,0.821749740663142,-0.366239902584787,-1.11899027874527,0.581549523236544,0.782211797407701,-1.03015823182174,0.803829165746306,-1.3639999976028,0.295075765318983,0.0567449216118633,-0.0287554339170808,0.134618654428334,-0.420456868297905,-0.0039002123505182,-0.283675540652379,-0.136899549154154,0.578062868706509,-0.291523341911821,0.296164561019889,-0.139623391455999,-0.25355244986853,158.0,0
1179.0,0.657389338561711,-0.643789395706964,0.947302045168434,1.25706490992728,-1.06819217769736,-0.234602783269569,-0.134554378957204,0.0249786891389379,0.0454118677952757,-0.0133742207842258,1.58939676404569,1.34619068503687,0.740472694233529,0.165968790180044,0.616336571879097,0.705221556712788,-0.863936056522113,0.599911417954472,-0.44805789989442,0.426166773510927,0.250563307882568,0.190876539718353,-0.189464618438878,0.545284180290287,0.208660627719714,-0.497744822892017,0.011423900209384,0.0749778627844275,251.35,0
1180.0,-1.50415118707077,1.3232995494852,0.497857734577661,-2.4867984480285,-0.600183901229286,0.649879134823466,-1.70540828825469,-5.55668156680671,2.05849634875503,-1.51304290925667,-1.46677502768989,1.45464686870361,0.699211890498964,-0.341451025168159,-0.567749823034825,0.0941669757229383,-0.532708534854363,0.198929099176544,-0.939312579646065,-1.35871513419562,5.39808297893384,-1.41061512992546,0.136398889808469,-0.486985334506731,1.62968430230456,-0.656300125025649,0.404097733624476,0.238731643299676,22.71,0
1186.0,0.419031364508193,-1.80984511007827,0.291620059355976,0.416652928363609,-1.26263331714561,0.235319436731118,-0.110004497493341,0.0130621127092377,1.26792242122975,-0.644827989888993,-1.60035799147737,0.119389121653447,-0.174594058795442,-0.43129160033781,-0.145957339182142,0.199160051483007,-0.124999281563552,-0.230508697285581,0.643030876853572,0.822007864080571,-0.0262812718953738,-0.829021353583907,-0.407470895191477,-0.368601662580258,0.0734522063576409,0.949015064066782,-0.120406132681712,0.0816844556049414,449.0,0
1187.0,1.17389073187832,0.0450591960637408,0.10132815089819,0.480990026304534,-0.187947452840019,-0.143309443299583,-0.250113534473798,0.235603551172777,0.150447505686746,-0.0919122279046844,1.15461872557035,-0.36345846895654,-2.19640030415737,0.392842917632066,0.931406554887634,0.591049503689429,0.038986168947156,0.147994316708831,-0.130286264850406,-0.224376895499577,-0.251651796607663,-0.863098866955184,0.126241628323355,-0.412988560341816,0.073215053666023,0.134015683638528,-0.028112968248923,0.0103951137095429,10.97,0
1188.0,-0.919452822189013,0.582892656259415,2.56750070774049,0.0809591181708204,-0.736130290126045,0.163368892712351,0.0166580102100589,-0.900188670072499,0.322578777944736,-0.325495923038676,0.112899402422097,0.359815365445747,0.152410088049272,-0.621652777208931,0.790766976107083,-1.04628755438754,0.806446940415112,-0.709738666718947,0.840738851483731,-0.0231292278737452,0.870367958284434,0.494033677820257,-0.093434201838176,0.71800902655944,0.0077382642463548,1.32951079079503,-0.208140204308095,-0.138418306259184,30.3,0
1188.0,0.974692439111408,-0.618454149454373,1.18918683108683,0.260652507605677,-1.24162724263058,-0.140154703366388,-0.599202277632753,0.101319861094086,0.964559387436937,-0.493337955339832,-0.028745565481801,0.972445026473787,0.606303258957496,-0.499509978245069,0.469038576579292,-0.242583207596101,0.29154419028254,-1.00150075398496,-0.282932170687301,0.117763403554406,-0.0067346683875927,0.0295300812163426,0.0423145897418848,0.497241333668086,-0.0177961756011692,0.988185617493671,-0.0304588191799749,0.0334232527236432,100.0,0
1189.0,-1.59572723311643,1.25808309599216,0.482376554374426,-2.62980325217497,0.351313740477076,-0.249907469823419,0.129205225278686,-3.59694108745537,1.09803835545301,-0.163039077996965,1.82610984271926,1.28398255486556,-0.154151811844537,0.14345111822295,0.560021794305757,-1.00573873781903,-0.120302078282485,-0.18448091081186,0.48378192035301,-0.472472233960352,2.99261012913494,-0.418692807868585,0.340674772351873,0.0083387474391162,-0.0682769245664662,-0.138630379727639,0.358410439821933,-0.203248620706033,4.0,0
1190.0,1.24203172668547,-0.109533991769473,0.506126228598184,0.454072363887325,-0.258938892574956,0.372521291310155,-0.476144634105318,0.129888372177244,0.668911629755636,-0.215159210873017,-1.10091830619133,0.254187630558924,0.45128616752824,-0.253191631880731,0.769174434518643,0.0809539823738869,-0.276606997854619,-0.337936473402232,-0.192136393085256,-0.0910202245345945,0.0596044162155675,0.398158606183865,-0.168553554831477,-0.691007517832476,0.503603369256541,0.688572551299384,0.006762617616229,0.0048286438227366,4.0,0
1190.0,1.31151052958067,0.388296739108237,-0.0845040000595419,0.46042199054107,0.195765951171536,-0.488410720335925,0.153118439115296,-0.208485113805664,-0.0748478531572363,-0.318156297823104,-0.738619073932131,0.522727303334789,1.53934845947631,-0.571381234366688,1.04044105899378,0.708731375403887,-0.422898511335553,-0.121447513816552,0.157103761357543,0.0385287390578234,-0.333871043588739,-0.918772554731223,-0.0105936947761989,-0.594486823147018,0.381530412857001,0.149959244382698,-0.0182377555412063,0.0246953076491878,8.99,0
1191.0,0.970661414473148,-0.316852660752472,1.16724450656505,1.7647966048353,-0.734596854082274,0.628085683091446,-0.437140824745718,0.25200246240073,1.19680087384796,-0.452361696973563,-1.05238502834529,1.15283171427714,0.0594684152283108,-0.792694619763503,-1.73130475999907,-1.154018219357,0.758046507392853,-1.38106967560876,0.154250060754374,-0.0734483012677135,-0.377612473286666,-0.723428544274776,0.0309250512935311,0.093137300523122,0.415757731715383,-0.516817288410181,0.082683070069381,0.0392923397812448,67.23,0
1191.0,-1.47884792583385,2.65076240619767,-1.12849440471532,0.143885862287631,0.787186931370763,-0.434306751149026,0.998478388438244,-0.16659611113314,0.873590257469292,2.62584060871986,-1.36918862485558,0.3180066823176,1.61259784843898,-0.42815471619935,0.728646349835937,-0.387844442172383,-0.804103346555779,0.0367131469571562,0.655332003817963,1.23163881129599,-0.172134593495068,0.291093674388048,-0.0776218947126233,-0.996452857346042,-0.0660195186560834,-0.297876191233452,1.28091109869414,0.705942361005696,0.89,0
1191.0,-2.15469237153772,1.68805831164952,0.020846419491838,-2.64574897098934,0.0086523816775521,-0.332147549486687,-0.259491220019603,-3.15599053947233,1.12191184761304,-0.0748147536253304,1.70068302401533,1.45599371755403,-0.0930226793042896,0.38979249344816,0.535255333431783,-0.906510169746738,0.0402892525791928,-0.163648594177435,0.448566174235055,-0.453789984682082,3.00560362736546,-0.453525337672255,0.392502317045494,0.0039659713382119,0.0038749708977211,-0.132100769880315,0.33694593827605,-0.204237843555829,1.0,0
1193.0,1.13064571363923,0.625390808632439,0.837987134960508,2.50654261118492,-0.107115844107941,-0.245547935520134,0.099603142140642,-0.0414565895316853,-0.867319308627592,0.62316477321017,0.111590882411065,0.503149219542329,0.727329490041208,0.174357772340476,0.684883218625957,0.2934123207263,-0.288419298134927,-0.952502636687351,-1.49158969766224,-0.153059843881975,-0.017153643660555,-0.0143111366346421,0.0865594866244565,0.393496123381626,0.332062276297816,-0.066378012522353,0.0138582336862935,0.0253819371654115,0.0,0
1194.0,-0.874622101765923,0.434073611251377,2.5091912397547,-1.01122450352437,-0.710018275149404,-0.0687176322643852,0.261334919877541,0.156554684478458,0.477103282589299,-1.12363494086426,-0.31723550628557,0.513798963407762,0.193936480663118,-0.658580602532379,-0.20816028100197,-0.0394684654876076,0.003206069293867,-0.913252568814797,-0.903474763584207,-0.137597150829768,0.0217718972657634,0.185515604145821,-0.0882074294490936,0.473990183204,-0.275063825995998,0.828609591063053,-0.0762682452036122,0.0764534312753781,44.22,0
1196.0,1.36337526332565,-0.614852295050912,0.425788792880499,-0.834445107652129,-1.01910057892537,-0.546028214822316,-0.725951426619525,0.0394467034287382,-0.825513575351583,0.804269547321954,1.01677723666705,-0.571078721172139,-1.00777081353656,0.246185105408964,0.23623335633233,1.5719082160928,-0.0751743240265253,-0.838688117336944,1.03508894122203,0.0382160373405722,-0.0735653632906424,-0.44615015265835,0.0856282446422337,-0.0413244655482977,0.202529809739615,-0.474586321711488,-0.0033652353502704,0.0087046762850696,20.17,0
1200.0,-0.428686727093588,1.03980187907612,1.28383709399682,-0.104829157457851,0.271870705791919,-0.174343235765181,0.557764602114634,0.202523300281717,-0.682606925415779,-0.394871716318472,1.73138481118387,0.771057655759241,0.16208258851592,-0.233849453101359,0.42928204536238,0.28116889769617,0.0263125114980488,-0.108276678724861,-0.160884111913112,0.108863356887033,-0.181310546961322,-0.450599766381426,0.0073242853330543,-0.0297166043642109,-0.256993250026621,0.0836757407371448,0.258253511907051,0.0851328224774186,6.77,0
1200.0,0.978982613317181,-0.733198330803267,0.907977157492859,0.14081700543471,-1.04550967167278,0.180540230449865,-0.584554148823047,0.167885438756088,0.885876617814655,-0.347660948202,0.686606503224621,1.40418795356259,0.429052352703551,-0.445637287906023,-1.01559462712533,0.166355681087277,-0.250415772477724,-0.0690215206913847,0.842516212992411,0.198751311129041,-0.131907671554132,-0.382190656164724,-0.0760665706982898,0.102808509216745,0.125834920737587,0.932051918325724,-0.0558406322431869,0.0210816519540916,118.98,0
1201.0,0.168215669985405,0.529988436990942,1.80922823868716,1.09666784646114,-0.47370866289078,0.682317751633609,-0.602204844485775,-0.63796414551814,0.433349176190453,-0.360929806480652,-1.43520574883451,0.322931728113863,0.588779578357776,-0.393886782790876,0.500473613643731,0.0478606139394177,-0.271359444974835,0.267345808674157,0.704759768378091,-0.0907358815662082,0.633099027476254,-0.418374855513634,-0.314579315181601,-0.441546647547922,1.12258864843578,-0.159631996773498,0.198873304750442,0.194177439622489,4.99,0
1201.0,-1.88941850728706,-0.625578810050587,0.72230429396493,-0.707230784473284,3.31713243277663,3.24634397510537,-1.27882273576286,1.02039790694594,0.6603692343165,-0.270088064367213,-0.783536571401219,0.114491092480244,-0.133698356933311,-0.47488973082811,-0.24196875490908,0.631399991185636,-1.0833645814587,0.362486636291483,-0.411292007232872,-0.723160638769406,-0.166178950389085,-0.126954930890717,-0.699145837378098,1.05773032008078,-0.0995986358652452,-0.616261899965311,0.0942284917668636,0.041545966133803,9.99,0
1201.0,1.17020672061357,0.416602666191738,-0.0611156049785886,1.04253760049633,0.236472973418896,-0.583399122207444,0.507988850728182,-0.187288226305769,-0.671397595648237,0.193788163899153,1.22643609741994,1.2374655543528,0.667873292177786,0.597243025762697,-0.079866204738802,0.209330025030471,-0.74728838823358,-0.161427807230377,0.248116008673293,-0.0159940703967846,-0.27200947028274,-0.878344658110713,-0.0007644431379096,-0.01665067899732,0.52782993109163,-0.650085642887797,-0.0098648502543791,0.0142310092988976,37.98,0
1204.0,1.36456255456043,-1.17826786086475,0.650370848989553,-1.28398758393745,-1.74050375350776,-0.877664123966652,-0.948682470189026,-0.222740752696938,-1.82401189859086,1.36610308231307,-0.340770714027147,-0.573506954367671,1.04406905068517,-0.464184190652609,0.708726338537801,-0.202627077469525,0.398901244873574,-0.130847114621126,-0.265683368483704,-0.145874711098376,-0.319807496711274,-0.707460026926,0.110776976587373,0.357285914423322,0.1222131723591,-0.419706314182279,0.0327841880505145,0.0434289771680548,84.68,0
1204.0,1.27477298701722,-0.472615098267783,-0.856226900907984,-2.28919370242981,0.0576191312013038,-0.662494920718425,0.286437953494083,-0.270717197977967,1.42672856200271,-1.44665758467676,0.623917843790946,1.95695712373001,1.24085413542621,0.231724649797761,0.316817225103953,-1.04433506332375,-0.446508524535885,0.499323569281096,2.06611214589379,0.130340513466092,0.0163207203799187,0.252698155434507,-0.446348264648488,-0.744420198387662,1.16034690427527,-0.614471647228204,0.0382738642769641,0.0011925873405633,65.3,0
1205.0,-0.32186047592806,-0.284640091179197,0.507416124364596,-2.69888410112664,1.64744489635304,3.73553726242424,-0.76762006803035,1.03969679580047,-0.760194632372845,-0.135761717638504,-0.733101774126906,-0.861987153218676,-0.057253128439149,-0.725348378575037,-0.702765978528431,1.32515835059506,-0.231398682190277,-0.693979281013066,0.471370319900569,0.147324876941482,0.319331405697768,0.845771291422079,-0.331105231324768,1.05507245530126,0.185415086655087,-0.177430173634092,0.137210905661604,0.120008034514489,7.42,0
1206.0,-0.270669605534678,0.278111692382033,1.68588745285182,-1.79749966012529,-0.0829928921041176,-0.550431010804074,0.778303304719594,-0.343156582547622,0.70274154830092,-0.631528712373684,1.93003281582295,0.119810073550951,-1.70280846649821,0.381066384731405,1.62097422091319,-1.1050591837206,0.148757087286682,-0.0266925634722581,1.51048814487861,0.0824990159984306,-0.161173084597835,-0.175786591154114,-0.229929201124427,0.221741583593287,0.0831733339742771,-0.0526499222505884,-0.473250027469387,-0.485891048946465,12.0,0
1207.0,-0.539814591282355,0.952125977447531,1.70045315897654,0.692404336513715,-0.121285654761694,-0.441539215554953,0.528421390047019,-0.0507887302777552,0.119109745666704,-0.365329485240725,-0.900233799586652,0.0698644819366156,-0.395563288470206,-0.198140870944526,-0.32401873792252,-0.371338311496076,-0.0612998987160581,-0.365528964019411,0.203843711715338,-0.158605942032892,-0.169437396965294,-0.452497013927023,-0.063572374560381,0.353804710145717,0.0343752581106291,-0.608806732107514,-0.209672101296793,0.0344805436319631,0.99,0
1208.0,0.952131497755202,-0.660003591498101,-0.351172598784855,-1.40806030153181,-0.48640632288332,-0.962104493690874,0.341564947460194,-0.203721798091726,0.660499250306106,-0.963454102891389,2.10052548002137,1.67687243414024,0.282716550542416,0.678529060302414,0.991272081433375,-0.903057435744199,0.0506720912299414,-0.366223209679156,0.624917255654754,0.224721724328961,0.153140820509516,0.237123010381537,-0.210544842358728,0.298511169077368,0.529161011731436,-0.0040230327177545,-0.03405097644395,0.0212171278779361,160.0,0
1210.0,1.31167465246045,-0.0502896578202231,0.0286502983576397,-0.37254793483283,-0.184031017997311,-0.369014407371374,-0.154138350963938,-0.0262465806043293,0.0803555073885819,-0.0146048972000987,0.705479812756834,0.514908475514901,-0.0489296396735729,0.425247420680316,0.518700500569597,0.70304937462296,-0.842413342504599,0.292570832571827,0.672975349879909,-0.0430242326100344,-0.114278383166002,-0.355758054293184,-0.0676100290319169,-0.442603504658028,0.31300642163004,0.995125851307525,-0.0902506421142674,-0.0152302881384441,3.77,0
1211.0,-1.72232553982092,-0.547904595317142,0.115476807186484,-1.99701684184049,0.0818639897438653,-1.29656284947458,0.564203721850552,0.38381729043322,0.104718828197298,-1.52653419469345,1.70927535430564,1.57193432631528,0.267356932809578,0.900393328118819,0.512877571294577,-0.772495047603525,0.0908681584493992,-0.128543276827834,0.406984597256076,0.561953170892938,0.356035593507659,0.509097913858085,0.256210749013699,0.268317742034224,-0.128175960002365,-0.148790136869035,0.212983846925094,-0.0086475698378983,160.0,0
1211.0,-1.12331146404909,1.08000430124538,1.86254062680774,-0.110291847916593,0.256568781206431,0.665113965201474,-0.255237114641511,-1.4340377192849,0.340601933156578,-0.79942425040832,-1.72662809280438,0.84402763083627,1.63477094157001,-0.833019348837847,-0.69638821699154,0.523959228433463,-0.896490022244004,0.177217936524871,-0.537178142671072,-0.439391619916363,1.49191269946269,-0.349889396121668,-0.138562567494189,-0.642161548907631,0.118714291687797,-0.537595127050531,0.273975299862336,0.134435537810126,9.99,0
1212.0,0.985048740056688,-0.0547460077914754,1.25422957498786,2.5167086674936,-0.702219347247477,0.580113818107174,-0.62949564313832,0.332124386616107,-0.121872615266509,0.71960118836877,0.402916179412573,0.184405051551051,-0.739224840874391,0.0436227260267455,-0.437276572039363,1.12495598582819,-0.894524847635954,0.789202151773448,-0.666122368261141,-0.0471512073111709,0.164497210914377,0.365783593744818,-0.146898371318148,0.0056289743541837,0.355156565137202,0.105024699890893,0.016543514753003,0.0305081632053946,68.02,0
1213.0,1.14327552787927,0.0939230215964467,0.94886767292449,1.80913901718652,-0.525911193148454,0.111779720439304,-0.405398361697208,0.163724632290993,-0.038609445589301,0.425471129352703,-0.607744633560554,-0.228285763515465,-0.641628259745772,-0.0052211602259962,0.31921424419313,0.346817803830599,-0.0228482550560853,-0.841832645295059,-0.946423470655562,-0.174407507903608,-0.0511378989586409,-0.0762813522453098,0.0605402622562161,0.115591788668843,0.146184325364458,0.974671024806711,-0.0438912351631307,0.0094842891548808,8.65,0
1213.0,-0.416579415161602,0.186881608700537,0.846413637140315,0.51587964549869,2.11243068230889,4.68382234707752,-0.261075177231245,0.95650372413979,0.647311110421716,-0.170932504378089,-1.11582135585808,0.201976910397644,-0.419649451167845,-0.871031491549146,-1.40665669490539,-1.09810629713808,0.256316725994644,-0.174741875215724,2.03774970449818,0.185879973174061,-0.418328124864121,-0.777742685200415,-0.0836526343827829,1.00422310391017,-0.191723754213136,-0.492482951500827,-0.0729771608536669,-0.0546223789354277,36.03,0
1214.0,1.31765654139048,0.411636662299211,-0.019163377392161,0.487618456645788,0.127257009071252,-0.576337990003704,0.140442551124291,-0.211725815797523,-0.0697157903478928,-0.311925363946928,-0.635524243349759,0.521049278309231,1.42903078617723,-0.548049709849175,1.03837459509508,0.672860540465798,-0.370059493638207,-0.156139393627682,0.110549196800553,0.0117312486770635,-0.331019260584108,-0.896255306314108,0.0131400285750086,-0.479520819630697,0.363736419998773,0.1436006641533,-0.0170014856463885,0.0243023988585873,0.89,0
1215.0,-0.580728040578074,-0.439309780652447,2.00589778027164,-0.540617545028199,-0.870210431554424,-0.39016670104826,-0.260520398294581,-0.246800376567653,-0.376220251612915,0.7573554428191,-1.04576999996382,-0.633515881840253,-0.23268810389719,-0.751511049210669,0.210608002232332,-1.90511569936787,0.358832305218086,1.306924260314,0.243933791155394,-0.524483036046885,-0.291663534559777,0.15727799808277,0.233383539641758,0.447444664274519,-0.684041999936802,1.11444895520993,-0.194053096778788,-0.134360069075004,10.0,0
1216.0,1.23134463293941,-0.0233751070338932,-0.333902369299653,0.893327070825743,0.598922599046504,1.08954530337811,-0.172479498205612,0.330924273854557,0.393030747191482,0.0915216238192516,-0.657252770421048,-0.207392246670197,-1.52307973396155,0.480767291264437,-0.491504000990022,0.0528970420112237,-0.522567139508414,0.278894874306159,0.581825038024664,-0.215533524700227,-0.178722101269364,-0.395877838850415,-0.274231477160483,-1.7463389203955,0.806781432409959,-0.217700859775785,0.0223019339159047,-0.01427213652517,13.99,0
1216.0,-1.43610331089894,1.67797620743847,0.456476843404397,0.0398524529610278,-0.699440350399147,-1.14961343455871,0.0506238712398384,0.685858849752527,0.0832639829240079,-0.0762533004702688,-0.690713052693831,-0.817782221770038,-1.63958088398199,0.225084893894712,1.08672401831184,0.596355903907733,0.327759199058215,0.107872477750919,-0.142879314241135,0.103836991968347,-0.31424356969255,-0.888706820180361,0.0886899127866481,0.270677787555927,-0.0996563269149944,0.0634020834341807,0.0355133003322452,-0.137543875845123,9.99,0
1217.0,0.881727496591386,-0.51818207198913,2.2884896184256,3.22318289608092,-1.76136969592025,0.768238678644019,-1.23989784049539,0.497903243287551,1.35569089499889,0.250031045823634,-1.62176221828832,-0.204747477552408,-1.65651842608943,-0.948482956447777,-1.75530405905421,0.0954422287174686,0.293501578123658,0.007242028109299,-0.681864531595604,-0.140202437062788,0.11046395299224,0.56418693688866,-0.119438800949287,0.72962846496265,0.350092574601005,0.227778770019891,0.0712710662733408,0.0522878271952155,75.84,0
1217.0,0.878212554428342,0.158419837308511,0.861989853857347,2.59179760660705,-0.410686480972917,-0.313108817948453,0.225747974059416,-0.14969657493115,-0.814608758174062,0.544527102763112,-0.271156505473718,0.682580176186552,1.47981913676302,-0.061175248040829,0.559631720572365,0.875931810207935,-0.79109443661949,-0.462697037927707,-1.05650931085677,0.250454559932776,-0.104330088843921,-0.653682681410892,0.0058496865383071,0.379223465167509,0.16993811232745,-0.279035480423618,-0.0137555719259165,0.0627410173965539,154.99,0
1218.0,-1.91289629674605,-1.40951880919856,2.18200423119845,0.468684363184369,0.136955330346378,0.0699646858072444,0.650129347553781,0.131005537133712,0.102612287770964,-0.616127797590527,0.400016901420404,0.169454755346823,-0.680174702533259,-0.230802239215177,-0.639683029861205,0.763158514649403,-1.14983906833276,1.09409159997594,-0.785818474039827,0.857373149648699,0.446601625547503,0.601013495914294,0.539556035395384,-0.0406120154482958,0.354624139781466,-0.437351248757519,-0.197436182238977,-0.0807059315874946,316.0,0
1218.0,-1.79980457468829,0.703524893534393,-0.410618293572014,-2.37858730312583,-0.826535838069323,-0.842157181058108,1.34248832062457,0.036774165487171,0.615186946659463,-0.764596938540304,1.10365479835021,1.13902900420116,0.242544247433073,0.524124807945293,0.391437808196234,-0.308523645154135,-0.48810783954045,0.376927227848407,1.02348914005086,-0.166941777702283,-0.0652654505119031,0.422622899783197,-0.0733881028633127,0.0703396487362716,0.0035229234874763,-0.187625122474372,-0.107715232349527,-0.615211815676086,160.0,0
1220.0,1.19138088540313,0.276471786089265,0.640379936676573,0.639778226477049,-0.366605985931014,-0.685643016693637,0.0605100401921845,-0.144513942732971,-0.130831146512922,-0.14015748650845,0.466014451150974,1.08764432297642,1.22606769705582,0.0910795581883776,1.15174913971803,-0.131016578532412,-0.0822748472127452,-1.21864788129088,-0.607653177074013,-0.068665588879763,-0.195894638603968,-0.489926457804243,0.192933533344498,0.422101601553954,0.133795225544713,0.100539915676801,-0.0060281985814611,0.0213543189918982,3.59,0
1220.0,-1.7849102114491,-0.289974893219268,1.08582540328436,-0.199478771095198,-0.0136014515618237,-1.11904740044381,0.554718979691674,0.27991035936063,-0.495747188325443,-1.24829039611849,-0.703788217501576,0.845493794029549,1.0505147799632,0.100986415957438,-0.382339304602477,0.105640636949977,-0.162293282243671,-0.579579275756943,-0.234488144801548,0.461972314772741,0.0732181371293807,-0.430243986968551,0.262036139706877,0.420307984837749,-0.016701802382137,0.28705066451125,-0.117713863650733,-0.0944222761163441,158.0,0
1221.0,-0.510937246597012,-0.848015565666224,0.744594796009107,-1.65340920894276,-0.0601827830841777,-0.0206303750815656,-0.243400491651965,0.199897105942137,-0.525795002564202,0.260266896784971,-0.419533718814291,-1.08071771407732,-1.53895481073004,-0.27587222938954,-1.50974898636091,1.5444258581623,-0.263473872114174,-0.638034527827061,0.981239272054095,-0.034710063048102,-0.0299349602808711,-0.275042743321317,0.0467575491338728,-0.891882845384548,-0.0057726806626589,-0.489826784058339,-0.15535353456427,0.0227431227457407,79.0,0
1221.0,-2.20894349186086,0.309731758906983,0.623610889413135,-0.22992642065277,-0.0625282695350115,-1.40790491438225,-0.240009621850039,0.731520303383278,-0.367159092211504,-1.01722078683044,-0.829779999721348,1.07384617987112,1.11051905612889,0.341550679651413,-0.416628205887467,0.211616783711341,-0.0076475971223998,-0.62518177742017,-0.258748940807302,0.105090819529387,-0.00889589203949,-0.441653424216806,-0.184534174360499,0.449152283603801,-0.194993898483786,0.261558619549766,-0.0656220453242425,-0.100501058881097,1.0,0
1221.0,-2.57407704568769,0.798898926930878,-0.694404717877485,-2.29940432006191,-0.224491183839542,-1.56726740298045,-0.0051681190030291,0.608421793878309,0.724049448447948,-0.527351706050485,0.959455042558057,1.41901010538254,0.297703975028127,0.831181976486041,0.370613103126618,-0.27084583028791,-0.280791824879259,0.372697799383662,0.967750668894672,0.0231323275262776,0.0236333830467573,0.262817974381142,-0.627973992513779,0.0869086836402159,-0.0779486097506011,-0.211589704601105,-0.261824865089728,-0.533791394551825,1.0,0
1223.0,1.18814978607258,-0.139309524726403,-1.20623380593336,0.296566760473454,2.14807968246765,3.62085143140789,-0.387473669240791,0.839057977251419,0.167875137393704,-0.0363954597919218,-0.541776592710241,0.237731404630425,-0.21588145442513,0.200291374722675,-0.146263914782463,-0.0961669515902171,-0.509678651322749,-0.0683556521918355,0.35114307274683,0.0404572036799513,-0.159855548606452,-0.501349977345743,-0.160899898681815,1.01187360501117,0.878917621968952,-0.330778695933766,0.0179875246364997,0.0192327109982124,47.31,0
1223.0,-2.84969893434297,2.21270732793109,0.300319064117374,-2.80183874872676,0.0006665305765692,-0.168951967626185,-0.526168142112921,-7.26834123338483,2.10760360718583,1.22217379744134,1.90640507967842,1.11065982186212,-0.762587014649026,-0.236777327637646,0.370235540997015,-0.932916053222009,-0.272066082868971,0.22139419455242,0.654397039517149,-0.746893826360186,5.85662172582247,-1.56725740714351,0.753007744124614,0.460178245775534,0.0959819036149534,-0.203606293344564,0.326782479717117,-0.410638249086987,4.0,0
1223.0,1.25089338010922,0.329663713249613,0.298480688022311,0.697895090874614,-0.394458957310016,-1.07771772528837,0.0752164628049028,-0.191874959144326,0.0659664471034211,-0.277372085163418,-0.10397518318472,0.116418244697845,0.0031150704462638,-0.242452125386908,1.11876855659406,0.489302354437977,0.0076345679192102,-0.271307376997576,-0.197833880930897,-0.089559186388197,-0.288521492413989,-0.849596334372921,0.129671814089185,0.339396243730084,0.207524813465107,0.0948626355000246,-0.0250429952049116,0.0308160979287696,4.49,1
1224.0,-1.95693490932818,0.484409999569835,-0.514448261477834,-2.2015109445706,-0.830895820551363,-0.761038404503963,0.797049405626944,0.695167220275004,0.0768129895566179,-1.48407902061797,1.48356352524161,1.765136513001,0.666348911186435,0.996932876623661,0.483334233146359,-0.555203386230572,0.116944576401295,-0.125532522812141,0.504318398820407,0.0040068451184413,0.153256359950183,0.57030633896919,0.304067978184814,0.0827212669587904,0.0169268825550125,-0.103999281313928,0.406586320630436,-0.128045420837085,160.0,0
1225.0,-3.41018888745169,2.63985252171615,-0.160961350815289,-2.81720356972458,-0.339775981551909,-0.252778478763322,-0.916236589656703,-6.82674436420512,2.13130571815654,1.31019171124653,1.78077171766313,1.28278854766066,-0.701439224335761,0.0098720564946713,0.345326739061715,-0.834026912814718,-0.111335886687436,0.24268604480215,0.618943694274437,-0.724680463617617,5.8707621922981,-1.60225789690792,0.807676088812312,0.455553317997969,0.168574069676893,-0.19716369345378,0.303992634206792,-0.411070438452611,1.0,0
1225.0,-0.487113723254067,1.07993469306411,1.5625350831122,2.2176672666843,-0.724770934150296,0.16980362422523,-0.125961459339065,0.433694606698333,-2.88488592133131,1.19907366400965,-0.290912107102426,-0.0275745072589714,1.16807399197447,0.360288527655957,1.17841192369212,-1.82917052935052,0.748313870118187,0.818597800485943,-0.480882491551059,-0.342823448335597,-0.201252694723583,-0.203573275241503,0.18325392778467,0.363574114524695,-0.659730037338741,0.110203588843966,0.0737924404738461,0.105741158288842,30.38,0
1227.0,-1.1137059354283,-0.290950137712504,1.11799841405607,-0.159199594485889,1.42717140580111,-0.856861801112175,0.19947555519061,-0.340133794998201,0.533593817399749,-0.173339764836941,-1.49931770136413,0.0681486246547666,0.23086782968832,-0.602221518011059,-0.749067080601233,0.0829909376432271,-0.700540234260797,-0.482025598794035,-0.0323564964928508,-0.464608443066363,-0.323044975950602,-0.418546567646929,-0.487299362357993,-0.387544229084943,-0.215702634873357,0.062327924506699,-0.181185556847077,-0.240170320756178,23.88,0
1227.0,-2.7495252547893,-3.30087888863747,1.9330816216253,0.312396903908582,1.44233028487729,-1.42139712874381,-0.535266038647577,0.0974255943440093,-1.08750332868038,0.32076514056909,0.542910855772043,0.400985697321256,-0.358776125444127,-0.150594942005623,-1.38213011477556,-1.48924169014143,-0.328277328616984,1.58540130952371,-0.981945263735707,0.784980274470338,-0.211811650363454,-1.22284574822478,0.948553863688527,0.196214577623998,0.647150579389778,-0.652061247557385,-0.347416398684415,-0.176204694627535,276.93,0
1227.0,-2.66860386048386,0.695974762175082,-0.80848730727849,-2.14617757961751,-0.319949194656385,-1.42101533837916,-0.49427745473488,1.24027917702352,0.192711799281163,-1.23835929735971,1.34784371025647,2.0402908870042,0.720742616344129,1.29134428441261,0.468353550652544,-0.503589867087447,0.318559270187927,-0.148628782795302,0.458334910774153,0.0491058699948058,0.195064717607225,0.417397257909291,-0.36715115238809,0.109642761491834,-0.0826206105555575,-0.124391541121239,0.306890642491776,-0.0694948323996126,1.0,0
1227.0,-2.7678824097071,2.2101566256905,-0.150179239338445,-0.0410777004732983,-1.13737443924563,0.394306226679839,-1.03783568068091,2.17810938856704,-0.34800309087325,-0.358382209167741,0.708329066083066,1.38082390551159,-0.552855901033744,1.227826119777,-0.663277580180459,-0.356230815698756,1.04770157330528,-0.774068291793122,-0.153224907435776,-0.0646179740662507,-0.0127130744226904,-0.0872766602348339,0.142262495713575,-0.288793714278383,0.0368966878637597,0.306241358167751,0.175335432102573,0.0609842105463344,11.89,0
1228.0,-0.693097492001803,0.7208974584758,0.48792560607582,1.54528272495363,-0.123342852793983,0.151905713132691,1.8218223530559,-0.176592023266386,-1.51439612086809,-0.581211321299612,1.49158972386402,0.523781458684927,0.824357945446745,-0.591793651983588,0.879725601397157,-0.158534811956099,0.702918678096343,1.17299826645359,1.71320081094869,0.846036033578573,0.200782279347906,0.193611182830977,0.288195676605261,-0.0815023886933133,0.281741602275558,-0.136080135606515,0.0500832242162343,0.147486587842717,279.93,0
1228.0,-0.198218730472697,0.4690600322627,0.0849317482211692,-0.98094807092159,2.47642893112621,3.72273646084674,0.257872325768539,0.686387432444179,0.0128157546317977,-0.236877848928264,-0.509242576507249,-0.152217122610296,-0.28199056976357,-0.268205705462175,-0.189141364965523,-0.131127704476208,-0.562241874963245,-0.127246516342746,0.733009654840024,0.0978899116249372,-0.250193737758514,-0.601092446733092,-0.187412583225912,1.02493650525108,0.116469128089904,0.199863378931526,-0.289156682084927,-0.218937309740509,15.09,0
1229.0,-1.16166454555569,-0.343536021150419,0.707184199607113,0.391783762310797,2.1594494309091,-2.18731936337773,0.607561846471075,-0.680828048496475,0.159619752240917,0.536381007581619,-0.570715154800087,-0.345685256885903,-0.670058111069994,0.0990846829134367,0.110011906628812,-0.218345362280602,-0.804072982108159,-0.294107644747868,-0.802806737470207,-0.226845360578282,-0.0218867533612195,0.500651283791789,-0.324464888102337,0.417642907236786,-0.715884060958081,-0.678912206041911,0.190282472474894,-0.234855108044083,3.19,0
1229.0,-2.00569076980903,0.935034381703691,-0.628739647586948,-2.17800825174169,-1.09420008205074,-0.921221377594529,1.02166413453069,0.409258215633273,0.454521039051617,-1.42274838095638,-0.14677407426947,1.17070683988824,0.95336798000922,0.662933261743981,1.18817419111991,-0.758184016186791,0.331406793047506,-0.700350095770055,0.238050345838399,-0.322342017784795,0.0428307628218753,0.485769776819917,0.0787451069928319,0.17708629611424,-0.0087977407496611,-0.106936344193189,0.247042412104462,-0.162307447286256,160.0,0
1230.0,1.33432925838128,0.407314747843183,-0.481604353147344,0.922525639962812,0.352180076765926,-0.745359352845877,0.469483551110267,-0.248350220661777,-0.0731022911897501,0.0754032238956243,-1.27766916099191,-0.579682657909519,-0.835145417932988,0.708601944088227,0.849786431027355,0.0727771867040356,-0.560883384017092,0.022440476746471,0.0691003703753779,-0.19045349786326,-0.0630478486982557,-0.166954782283789,-0.238137111005303,-0.47401604509855,0.930935313606201,-0.240583492066133,-0.0154029460773428,0.0002963324040566,1.99,0
1230.0,-0.714882484366552,1.1043352472459,1.31676524512613,-0.325950881083953,0.309747512207973,0.0652273055215796,0.513876519358149,0.239953337276762,-0.468772618416986,0.117817327269935,1.27871068205418,0.71322231390332,0.148526687774732,0.244464778972933,0.422215090973831,0.170726697305511,-0.503141772434951,-0.235937927356545,0.0381384447591436,0.21893825913771,-0.200637346514823,-0.437641023530509,-0.041605565427661,-0.32590026960439,-0.197366572311761,0.108174970783736,0.390325622994151,0.161835256002981,5.55,0
1231.0,1.34399701873132,0.301582521632471,-0.44653691837485,0.192003334432836,0.579526748733645,-0.0535507830119453,0.256616962317796,-0.134595829949463,-0.429307639011712,0.123464138731817,0.349975671137051,0.996733706994191,1.24159860400742,0.319650022486008,0.0739860448355086,0.543114752024954,-1.09265896809009,0.322357850619852,0.683944014455442,0.0038888785554073,-0.0855407174966996,-0.181478749092913,-0.249771845478293,-0.966050778562786,0.757711151807906,0.43135598346453,-0.0498367973686237,-0.0164036182921607,0.78,0
1231.0,-0.551875622301096,1.26134770411463,1.92256025970758,2.62232322154737,0.59622711121567,1.66925923720111,0.185452005733077,0.659506437936336,-1.3471781155142,0.68366438754356,0.614093613116032,-0.448833371111761,-0.931931442622454,0.590576229678721,2.45064074603524,-1.2988788718987,1.35423224095228,-2.04130947767417,-0.815440314875209,0.0537291186992658,-0.0675045268928123,0.0011921728017824,0.171345411268123,-0.692504342818439,-0.803838101451349,0.0709194624626879,0.447612880265476,0.188935838552975,0.75,0
1231.0,1.29148712556586,-0.558408953268934,-0.0694312653526655,-0.552986903197131,-0.874039196621775,-0.859103192807266,-0.564419050541162,-0.127671913241334,-0.595077902495734,0.159956292512321,-0.468764013984488,-1.30584091581468,-0.409489438184402,-1.20957139715929,1.10338502376223,1.80201489833467,0.887129281720493,-0.585728726592445,0.481454119526371,0.222151053511048,0.0483297650579509,-0.123738780435317,-0.115220011248206,-0.217122168181862,0.381295218858175,-0.256335251652732,0.0108823015761932,0.0511444875643657,79.9,0
1232.0,-2.78032065674625,1.02974505913315,-0.912467537638501,-2.09868910646764,-0.491635331070626,-1.64670345840417,-0.326313901860954,0.981057341448026,0.563343369159564,-1.18555153101874,-0.291022243729152,1.45071549781444,1.00853208097862,0.970062627446321,1.16731612136385,-0.720585763026131,0.53875535768276,-0.704471809743706,0.182256181544749,-0.13144022100738,0.131998445267121,0.325925481671901,-0.475174900303284,0.193596226768515,-0.0901660747400639,-0.130921321418076,0.0926221192821703,-0.0807564577415974,1.0,0
1232.0,0.738396333553002,-1.00206474181654,1.24191951474119,1.77731000247138,-1.11705128847649,1.06465257714966,-0.71378118722259,0.279858554332371,1.63804356404473,-0.506003899726756,-2.09851754322446,0.870289698608573,0.648634707475234,-1.22547467782183,-1.58428774625453,-0.279902532027135,-0.0210567436208447,0.0134792376526506,0.419459989326763,0.333872811835418,0.0131938195726564,0.102204714079668,-0.395525676455178,-0.384438040798566,0.613530534194829,-0.197416764959395,0.072129772894695,0.0686950021045235,221.79,0
1233.0,-0.41313456016237,1.01240569463928,1.4299916377254,1.29463556825071,0.115123953322947,0.0648186486808828,0.60682231320905,0.13331022229194,-0.22283772778014,-0.0952684397269184,-0.708333340930761,-0.112954911935479,-0.656789033254761,0.11630546302006,0.272203294759644,-1.19594939055034,0.658373892333642,-0.617034155391339,0.72571872216459,0.110024812799884,-0.0386143525844915,0.229537011794252,-0.136552702817261,0.0844248950265224,-0.10569184635304,-0.222134284371541,0.425077233977187,0.203454486040889,13.99,0
1233.0,0.107146814791201,1.11943567112811,0.24169098351483,0.895982897990495,0.642468988556715,-0.681825657665852,0.952696336943055,-0.164390985985043,-0.628916033528449,0.145883317522025,-0.198152984618247,0.408968058671474,0.626672159305198,0.390929595433151,0.845587647275691,-0.882149129692345,0.0944723362650838,-0.652083677481481,0.019901156476029,0.0691851649369449,0.172952448129915,0.776475507096374,0.0422674977758176,0.108449598765974,-0.760104979765623,-0.388124309636501,0.459346616918754,0.229315107695463,2.69,0
1233.0,-0.956864963607198,1.48380102030117,1.60187291066997,0.884115039011413,-0.0948971297352488,-0.0151435070363894,0.305496093380304,0.443680359035117,-0.567252501345782,-0.618391643973948,-1.11863204964674,0.895685911242572,1.50489095066276,-0.157961159502721,-0.0847526111423077,-0.462850332160924,0.133328068000573,-0.276694575767078,1.08523404996259,0.158253750975043,-0.238321209519693,-0.462551893846591,-0.268929481729723,-0.0941981544082542,0.52429394409515,-0.36481402051622,0.227555441751655,0.0786991160342803,1.49,0
1234.0,-3.34427895495494,2.6192401397651,-0.644419312776579,-0.049855454521913,-1.55657617489228,0.35831013884662,-1.35313537386509,2.60280121746252,-0.326493236031706,-0.281205606935066,0.586549426787554,1.54887284700969,-0.48744953389046,1.47251462503236,-0.683089652410926,-0.247010984999038,1.20529567291875,-0.754554200928463,-0.190228690163163,-0.0615634437253721,-0.006966916362918,-0.125559615341312,0.164105856797488,-0.289734358524949,0.103049515660113,0.312518089712578,0.168045589467503,0.0532422537934065,26.21,0
1235.0,-1.65830247191652,-0.116801201859576,1.3515282355464,-0.931091888043236,-0.0841594116500811,-0.0730140102016075,0.0870367824871947,0.659135765053777,-0.340946227166597,-1.14057214726223,-0.025406882430893,0.295271999905058,-0.463776556607352,0.32401660074668,-0.699194519526586,0.887760000980122,-0.698670911511635,0.576688203923888,0.193036570242317,0.24244358722432,0.129755466677616,-0.184957243106384,-0.11370802750157,-0.453229113883409,0.398139342675264,0.95802606342929,-0.201499539084816,-0.120116188758353,115.0,0
1236.0,-0.932784476907523,1.14467178720878,1.57612855431815,1.41549853562443,-0.759997282956241,0.227839003433484,1.73995934460801,-0.849896449483165,-0.179610795960715,0.902934055771555,0.566133434760739,-0.373746092701944,-0.353073888475676,-0.179933814213867,2.11899479062123,-1.23280389173541,0.423667307601197,-0.495690359196446,0.907018052931019,-0.15536521960887,0.0158823039587912,0.532544134425463,-0.31699338344955,0.646931997077783,0.185211043281193,-0.165422639011274,-0.931096227002166,-0.46131786410502,186.96,0
1236.0,0.989275402641155,-0.729340652155083,-0.593078443279307,-1.52790526906713,-0.289610801416313,-0.667474993596557,0.27767614451205,-0.124735865517556,0.811585098878318,-0.940542860547615,1.49449046233691,1.09702455537365,-0.381901942485268,0.797212743616272,1.11424087894929,-0.711640006495619,-0.100078559202698,-0.0987407743159251,0.831006483860894,0.19396680019799,0.109294446338527,0.0758736163736932,-0.266619050103113,-0.241893962060997,0.57493613596344,0.0309128199430564,-0.0397987383342295,0.0143178108108395,160.0,0
1237.0,-0.234715503736008,0.1162132479971,1.62824273570151,-0.463816760856785,-1.13441949472172,-0.962313864593961,0.454757415393824,-0.285268886884296,-1.77263294533283,0.408771448175149,0.0913041778644238,0.259301452223963,1.3945749331624,-0.118227126027838,1.09669473188618,-1.85960607168459,0.408680256971586,0.879416503171295,0.124094047867044,-0.0467733125733202,-0.263602161091279,-0.380435506036342,0.325282210434711,0.952910043463127,-0.809614496755096,0.919784048322165,0.0815745654201965,0.163116180323083,93.0,0
1238.0,1.10770542260271,0.0439729307999293,0.142642712567429,1.43124962651307,-0.162959253542197,0.0769657430270196,-0.192446096449925,0.034236713745956,0.825646699208806,-0.71697500874771,-1.32828334459319,0.260635236919554,0.348642811115436,-1.57950154225379,-0.423336198832237,0.189679188374023,0.570114455040486,0.438393774578342,0.148718739882149,0.0444780161659891,-0.119886775186572,-0.138001383613555,-0.28996326431278,-0.498154677799547,0.780037847782137,-0.231794450083291,0.0622104456562931,0.054006997188689,66.21,0
1238.0,-2.01149206529883,-1.50116833527721,2.39562921386159,-0.236953785462117,0.68965439190334,0.496943587179222,-0.248020322238636,0.307111291451815,0.567767863500359,-0.504500581619642,1.30902952054436,1.01072916199521,-0.163767815571801,-0.675719788365644,-0.550682681497201,-0.666981293002888,0.340001028802133,-0.845451493387926,0.387374057182245,-0.209576907488077,-0.19019128482849,0.275589303816538,1.23010531080617,-0.24040643780822,-0.12652205385018,0.980341025232306,-0.0150740007119242,-0.297967331543441,35.69,0
1238.0,0.971669399045561,-0.623930865033933,-0.241042183973477,-1.21177094877658,-0.733359977570584,-1.48269842380556,0.429637747556291,-0.353529563956445,0.946584409627271,-1.12330615682693,0.640589732507973,0.924826255103181,-0.0131879258721407,0.565934945962158,1.70314922595967,-1.18013043243294,0.43930662023707,-0.929146530471637,0.213761738674505,0.182298092474496,0.119325223646836,0.158696912778421,-0.153615615688296,0.671966468349024,0.504499380848568,-0.0058505822834005,-0.0319140344095904,0.0340325622343906,160.0,0
1239.0,-1.42360789703374,-0.184014105327562,0.0978614995695102,-2.21648656374938,0.726810380841113,-1.25904557531369,-0.0499169691515755,0.514276410803652,0.319188598698301,-1.36164065444594,1.1034973880307,1.03162666684512,-0.428596265733166,1.00359516037583,0.62547511440539,-0.6145254989548,-0.0470519762813391,0.0758798806755653,0.652429142050586,0.183100586221854,0.218546363015079,0.35865864638978,-0.173779568575137,-0.25299500868182,-0.147835986334357,-0.108781627775616,0.262586737883891,-0.0271160074880913,1.0,0
1240.0,-1.3692640877951,-0.412241241925827,1.63045496013213,1.51902710009404,-0.780508867697603,0.77713078985708,-0.354749848243705,0.947233679999467,0.0205681740569383,-0.63484168072145,0.561427080856972,0.671850629079006,-1.02674839138958,0.243707244034058,-0.637779788123357,-0.381760871462642,0.457916360840301,0.20822219015757,0.622095886070225,0.343290793467576,0.159906964325078,0.018880533409753,0.376162534993424,-0.0169022081520864,-0.128955783795116,-0.374309559216601,-0.0598775113070613,-0.135826339268791,174.5,0
1240.0,-1.44121390062933,-0.0786043182064121,0.44989775887534,-1.90035224345884,0.283061204686841,-2.07426900552269,0.102044633892666,0.285482712364763,0.454187909447254,-1.54440395072525,0.249596658201759,0.859428366574647,-0.0598822491200383,0.772317362721714,1.21438346141577,-1.08301592489212,0.492333203158429,-0.754525875480147,0.0351843968641967,0.17143187849836,0.228577140323388,0.441481942794508,-0.0607761341603209,0.660865421728201,-0.218272741449229,-0.145545030002073,0.27047144180853,-0.0074012560645402,1.0,0
1241.0,-0.15424845842252,-0.155827509936599,0.306664724960481,-2.36822927776071,-0.4695842959213,-1.54651831073662,0.286107257593116,-0.399132261733536,-2.34843035910729,1.31652494313849,-0.733456199148743,-0.970802658170891,0.572493688620995,-0.279167484119104,-0.576443384355397,-0.638051329492399,0.292417208170443,-0.19843008459779,-0.811147115618692,-0.323317639939873,-0.024445420387923,0.439900471824548,0.135085180661116,0.366024348073984,-0.725045266834691,-0.431033170705496,0.336498843030917,0.281146753347569,15.0,0
1242.0,-1.93451379546795,0.398683703158298,-0.67637874991609,-2.27004771801492,-0.761439173543,-0.591460544352655,0.717054755749452,0.778131296534797,0.259544954201491,-1.45259287947019,1.01016773925282,1.09252105628169,-0.336542748353494,1.18811226309611,0.624402942244767,-0.409663960593006,0.0583229416889443,0.111843954667529,0.634837017227115,-0.0527834889588184,0.119474290661233,0.422228915838902,0.277076223185157,-0.259720849119175,0.0249952161581318,-0.0808203240124625,0.399132849596768,-0.133505501194922,160.0,0
1244.0,0.985548288593555,-0.71756099433811,-0.35601540425186,-1.25069899671064,-0.735927955040254,-1.38528242994517,0.341800906073448,-0.269526104994514,1.14431957073902,-1.08749347786077,0.248121692948558,0.210202052315629,-1.19031384428539,0.794797529567039,1.85228093110732,-1.06231207008666,0.432960805044978,-0.712020797222331,0.300198314748018,0.11180871733213,0.0916514096997359,0.0201120192416905,-0.163970144955943,0.445217871197461,0.491406271727167,0.010418752195221,-0.0402125639016909,0.0294572706980693,160.0,0
1245.0,-2.64618274662363,0.610248465763545,-0.970417795716745,-2.21471435306183,-0.250492547648022,-1.25143747822785,-0.574272104612372,1.32324325328332,0.375443763926037,-1.20687315621193,0.874447924267677,1.36767543028489,-0.282149043195801,1.48252367088506,0.609422259750953,-0.35805044144988,0.259937635475576,0.0887476946843671,0.588853529180861,-0.0076844640824539,0.161282648318275,0.269319834779004,-0.394142907387748,-0.232799354586132,-0.0745522769524382,-0.101212583819773,0.299437171458108,-0.0749549127574493,1.0,0
1246.0,-0.484811159569586,1.01283510428874,1.23335814120541,1.05308456313975,0.50378873971343,-1.40794676421265,1.10031331067841,-0.366127416066795,-1.15681913123657,-0.241819125247839,0.185302604404726,0.685374275049889,1.07719193759055,0.334617973352436,0.647662130496737,-0.806867318094425,0.0716271564867358,-0.409801053465879,0.358545641655356,0.152203891174239,0.197451160414278,0.572601846788756,-0.130716080142143,0.973627810631277,0.0502875209493012,-0.31159088948,0.125144876834422,0.150788472894934,17.77,0
1246.0,-0.808671019106362,1.21836220183317,0.870744179716018,1.10596419520371,0.611901033673619,0.488730619899615,0.450788562008616,0.266167965386336,-0.370355884618753,-0.0314725542316089,-1.20790815831892,0.627871632119932,1.29298488246347,-0.207059062747918,0.147114073981685,-1.00610110370094,0.31291794106614,-0.557835430359672,1.03390158953602,0.20210345898123,-0.0639445680408335,0.220477657106898,-0.273635555296195,-0.706375867951077,0.04594816585955,-0.216206767631012,0.0100674274005171,-0.0895107979085685,6.54,0
1247.0,-1.42733501108134,-0.172234447510589,0.334924538596957,-1.9392802913929,0.280493227217172,-1.9768530116623,0.0142077924098223,0.369486171326693,0.651923070559,-1.50859127175909,-0.142871381357655,0.144804163787096,-1.23700816753329,1.00117994632659,1.36351516656342,-0.965197562545842,0.485987387966336,-0.537400142230841,0.12162097293771,0.100942503355994,0.200903326376288,0.302897049257777,-0.0711306634279677,0.434116824576639,-0.231365850570629,-0.129275695523451,0.262172912316429,-0.0119765476008615,1.0,0
1247.0,-0.987471710784913,1.41206193941429,1.44627561450393,3.03966739474576,0.104830622663404,2.37466917862781,-0.71912195436675,1.08415273032639,-0.369238780013338,0.0433108748932019,-0.374057119747441,0.982954992197047,1.01753450694483,-1.98587327146491,-1.80814124977992,-0.19734546158449,1.43136404232905,0.47657010154579,1.81722695971275,0.198035724140745,-0.308413121150698,-0.489704916897546,-0.322846536385831,-1.39360114160894,0.370817923234276,0.317616842336842,-0.0398203911359763,-0.0419814317378517,15.13,0
1247.0,1.05554954203061,-0.282119286765537,-0.0747889481109837,0.251726843235877,0.833533983423555,2.30739936957136,-0.488178563846781,0.6994483078301,0.317464719013423,-0.210943279135374,0.892309439985832,0.96976554707594,-0.335470399865819,0.249963474838714,0.302505978574392,-0.994388886653051,0.58169528259145,-1.73714779354485,-0.605749180679695,-0.200192876013727,-0.13235275123758,-0.127153659121579,-0.0255593191300219,-2.16252251696845,0.247559878030932,0.452468741565767,0.0387468466767461,-0.0220866450313535,21.66,0
1248.0,-0.584759818400387,1.19551106540415,1.85441597258899,1.61854732102866,0.372656606421698,0.78686148055009,0.556245568394299,0.265268725921103,-1.40581469240186,0.417742599830803,0.982306032761869,0.413887979986149,0.261076198397296,0.175754542735446,-0.0043966029828523,0.747511539035448,-0.804074589556648,0.0627649872174633,-0.830573162632743,-0.0885620607063184,0.0598092807939108,0.0512536730897288,-0.0970227121352819,-0.347969800246599,-0.22610367937303,-0.151714478426761,-0.0524115935992987,0.044326967069321,34.13,0
1248.0,-0.666313541843156,0.737026696632057,2.59220302477124,0.703088083504113,-0.335151032674847,0.374666690580506,-0.0423505468010454,-0.739706838098912,0.429482186563371,-0.417823974814474,-0.283212984716905,0.557393469164181,0.258248230138597,-0.682172529953493,0.162619575412824,-0.510426908516001,0.104570998570394,-0.514166185098387,-0.538936137795874,-0.208158663817592,0.774185896091931,0.190428740668693,-0.0347574328009901,0.392249439235723,-0.160190629134779,-0.462659836441094,0.0310443762598015,-0.142552391642332,9.99,0
1249.0,1.17186084048729,-0.483821465986229,1.66711208263923,0.548963630003931,-1.58702607731677,-0.0776832676393243,-1.1143724874576,0.106679721558046,-0.577480769583062,0.661053779751429,0.201700203158849,0.82011218005021,1.66953659930971,-0.505057222708319,1.50364781717009,-1.24777203110875,-0.109865631466466,1.16953007855652,-2.12210060078458,-0.456731850089731,-0.0250998000242934,0.531182116068633,0.0817568460200949,0.606306062630282,0.152987809231492,-0.261266796502572,0.126113415232646,0.054999658000729,20.0,0
1250.0,1.11494312163105,0.217829960888688,0.238816992655982,1.16328032891885,-0.2513442512049,-0.91837480238878,0.371426549960739,-0.303731236860027,-0.166727454400296,-0.0439191090410865,-0.23698404886388,0.687450277147185,0.946458603336211,0.2178975332141,0.82572346934943,0.0152258708301372,-0.47925451725234,-0.251289401798069,-0.396791012990636,0.0536373725651727,0.0788380102288974,0.16684370121325,-0.170304684087395,0.421493307734975,0.695163727993519,-0.338433539977716,0.0070987036421021,0.0340792380731118,71.87,0
1251.0,1.29101350944381,-0.429953964265359,0.166680802781574,-0.522947442164239,-0.84719965517584,-0.677329924349458,-0.651532286139044,-0.0384580277838326,-0.702486120647877,0.119388728068109,0.281899476468401,-0.796948824614728,-0.0338010516852239,-1.25790281999281,1.26000097651509,1.33571721275851,1.31776111085811,-1.26584460170755,-0.0555489314125592,0.123956890172865,0.0901096124583883,0.143876194509225,0.0054630537107962,-0.016994146763343,0.273158434529754,-0.254956130332299,0.0388003060205853,0.0468654644030613,39.8,0
1251.0,-4.47901374259381,-2.88436796228922,0.633374720162454,0.224652077434518,-1.04720804340975,1.39240704014468,2.6204577725011,-1.09918420492587,1.7109550549977,1.52227261262583,0.774815168788685,0.364921274690907,1.0834531839991,-1.83756062632465,0.421614573340717,0.498675618806162,-1.12808431031178,0.3878996263505,2.05958755389859,-1.53297210179236,-1.27209526941169,0.403637096037865,1.50969242738991,-0.547387110292078,0.577318598230706,1.17511674852037,0.23572042211904,0.695821488205495,500.0,0
1252.0,0.995157785019389,-0.621825872326546,-0.325851581507912,-1.35674028379802,-0.686005339139324,-1.43587605247503,0.409797334409008,-0.334337577572215,0.685585683751366,-0.915184901736383,1.85548299351566,1.51666932534239,0.16121687157237,0.678324534022073,0.754819811424039,-0.604068340319543,-0.219513631889905,0.0999324092020119,0.984131673211093,0.247417923996667,0.123911642500906,0.111217227695337,-0.238330721063464,0.60609255871137,0.597169124898975,-0.0332662836522201,-0.0514573154562356,0.0243281782907273,160.0,0
1252.0,-0.484737073134397,1.59111215573473,0.520804150463186,0.632684237732583,0.845214044106849,-0.906495653747255,0.993207920960286,-0.299764881988161,-0.715711608872391,-0.928616063878591,-0.0718735435860878,0.284640761946185,1.48330420015914,-1.84906227838704,0.750736101669569,0.512330566032644,0.676993667475701,0.668866505729242,-0.354389819817331,0.0437087061790673,0.0366301711794672,0.0975845621171633,-0.331098692256635,-0.0737827731036128,0.327877230259497,-0.377025242860448,-0.210513947516527,0.0759944356525083,1.0,0
1252.0,-0.719833381282738,0.920274768285748,1.32020246150344,0.713564057177898,-0.452078373425233,0.243131974465012,0.146168582579686,0.608498172619327,-0.749063227857386,-0.511053198172958,1.24002923188929,1.23565384185468,0.153437631907186,0.41534697502916,-0.440613695031521,-0.812343792178155,0.652539642711476,-0.412065454607464,1.18094301157402,0.017017156181721,0.0413094510202206,0.138040906684013,0.0854065583814111,0.266037837024412,-0.44706145233765,0.340700297418308,0.0019537135941154,0.0691044361187539,43.54,0
1252.0,1.2961726887304,0.22281309809657,0.300526253039667,0.505761303023274,-0.256792934186957,-0.713327332142947,0.0358441150645733,-0.161200089649997,0.11226584961927,-0.0583425038654207,-0.698563272842055,0.0888695389288388,0.184083381573905,0.252724970101749,1.09214192897602,0.458228522164795,-0.591638522319619,-0.353164958989262,0.0704524303119773,-0.0921250971089588,-0.293004979315595,-0.853749926786185,0.0779605163093583,-0.125926248691982,0.276738807986044,0.126274291248049,-0.0310407924780464,0.0134112693527651,1.29,0
1252.0,-1.49576794168747,0.185577608980404,1.59303042775643,-0.481535204702015,1.20702463091185,-0.497431272665634,0.216885194074785,0.259976297556976,-0.600883131053921,-0.727333217405445,1.18552790328929,0.0978587909732697,-0.905238091011351,-0.0541246906990704,0.243524261997579,0.657672685995485,-0.258547112475831,0.0735811645451525,-0.60840194991885,-0.0528549446330493,-0.147642628889157,-0.74012776615137,-0.0433069329889375,-0.386413249400847,0.167761030383694,0.0345206718668218,-0.199194500204253,0.195244658948769,1.79,0
1253.0,-1.67929925255674,-0.509726876145587,0.140797824463427,-1.94569682410669,-0.117735026512139,-1.77033440825874,0.632436108799367,0.253201510952731,0.129805261642558,-1.47826499353844,1.46423286779992,1.41173121751742,0.145857253839531,0.900188801838479,0.27642530128524,-0.473505952178869,-0.179317564670447,0.337612342053334,0.766199014812415,0.584649370560643,0.326806415499048,0.383192131171884,0.228424870308962,0.575899131668226,-0.0601678468348247,-0.178033387803501,0.195577507912809,-0.0055365194251071,160.0,0
1253.0,-0.973975273834505,0.809590687061378,1.5358630990488,-0.66801019738451,0.388231262318667,-0.630346026220172,0.552360724701419,0.117080418774608,-0.396980071735982,-0.238828815276747,0.777668477318516,0.0829153038254034,-0.945795360423581,0.429563328597017,-0.140887641155082,0.782580191711767,-0.984104150326727,0.270534067881563,-0.254930345812079,-0.0631006401997458,-0.196442945288105,-0.656085349449311,-0.143832769044165,-0.0406210459241271,-0.132135612366478,-0.0452071436019752,0.163798726463536,0.138812725216294,6.28,0
1254.0,-2.16396258179875,0.112881561556447,-0.228953076520832,-1.98900578985733,-0.162105162562531,-2.04167812196145,-0.156419916040561,0.711215666040955,0.221437592109708,-1.27591416673386,1.35055071379703,1.62680972830114,0.201018352207799,1.13744087064713,0.268748262455454,-0.369033629664596,-0.0117682640789156,0.290326967427668,0.759910737562644,0.233947672717694,0.229458309347934,0.323373642687111,-0.266709330622896,0.605568377533625,-0.0882788590016472,-0.176188901736312,0.228251651623976,-0.029372534535129,1.0,0
1256.0,-2.59470394545245,0.792115507036795,-0.74919327918474,-2.0730815234293,-0.938224748899246,-1.81994514994583,-0.10290898568694,1.10343741997128,0.204788424686523,-1.2494410296464,1.23290538780014,1.74123097441908,0.263956903797608,1.34312034593514,0.240370333147033,-0.238002126358342,0.122958158815139,0.317903080439631,0.753406449849616,0.0700671368129685,0.173199697014037,0.377771621871127,0.148204052227748,0.58793610185547,0.0714967633455214,-0.153506630181618,0.262470506580291,-0.0810601446775015,1.0,0
1256.0,-1.18319815404419,0.799219112992188,1.80586108224225,-0.239795027963185,-0.0699690164122381,1.22390947773554,-0.501316346749953,1.01168685982629,-0.0478391619958241,-0.703620775797899,-0.142098811163249,0.601055322922256,0.0630438633176377,-0.0525565971193038,-0.331630400001713,0.385987971592167,-0.334288376458032,0.412937861815965,0.546162985004304,0.0659788203346492,-0.0364084542085296,-0.007405237288012,-0.33163503632385,-1.11939619895325,0.302999304743491,0.45403694912254,0.187554219038623,0.0333377087826181,5.49,0
1256.0,1.35075732466112,-0.332866472164791,0.0014530299399912,-0.594762825388784,-0.684585812280043,-0.827280311787491,-0.48269650825152,-0.221652631822924,-0.862776253412887,0.121316736240096,-0.163709452199118,-0.354386695469619,1.37647631872707,-1.5728570476598,0.903073145329518,1.71403114491101,0.78387629944295,-0.811648091469919,0.478941608246039,0.275827679540114,0.0507476104426323,0.0387994141809251,-0.110279089499327,-0.169616907753771,0.452920575029686,-0.259138504508786,0.0282609689893178,0.0497681223820258,49.9,0
1257.0,-0.675005050528826,0.947749719070172,2.94902011904923,2.74639223663812,-0.4365281585471,0.84944260746718,-0.369623148636753,0.22602370946977,-0.328699635887922,1.21960636449147,-0.453768494782675,-1.14400441000537,-0.889201496601006,-0.290696010999812,2.3367334138037,0.24035995996482,-0.0562989074426234,0.455530207994511,0.0115287541441606,0.202468864230353,0.213539519276268,0.838455508170648,-0.275028187930913,0.0710194078128171,-0.0921234897021601,0.396385943953711,-0.0872308415839159,-0.150529755256985,4.29,0
1257.0,1.291488582827,0.253127269034981,-0.412977223537143,0.115804564357817,0.771362107279946,0.726515404323198,-0.0876193754929353,0.156790770400867,-0.207685777012048,-0.174099053159489,0.414719254607953,0.772670621744313,1.05307195615603,-0.291308211783444,0.702915658003396,0.857265009006559,-0.642067405767995,0.234275038157697,0.379937169488462,-0.0041177364460065,-0.314420790169722,-0.870209539120724,-0.0752674726830571,-1.73351714994935,0.364977200932073,0.211701142781759,-0.0086567359009965,0.0011375191082473,2.28,0
1259.0,1.25875756778758,0.430998728441319,0.328302411384754,0.682919995401955,-0.280232017111155,-1.04950786193403,0.15457684832545,-0.26139487396858,-0.121385478041731,-0.312119355681284,0.10746242259124,0.775824498966393,1.24261394627598,-0.490070530303662,0.982250982183015,0.430655052920168,-0.0633392481315895,-0.424195334356416,-0.205056996525953,-0.017433988907717,-0.276444233008567,-0.746131607028825,0.117959500782653,0.373165496715552,0.25080747801432,0.0910907842531576,-0.0162556838651127,0.0328526973115878,0.89,0
1259.0,-1.11377574307071,1.02526406023944,1.23196422014728,-0.040424889911752,0.117880309814398,-1.15378204114198,0.546797258968147,0.331795668311202,-0.64980805243362,-1.00993947219061,-0.854193738861939,-0.185301862471856,-0.585956630406006,0.622955558849128,0.185726483883368,0.505615132884248,-0.572910461526352,-0.0113544371669116,-1.24611846217874,-0.253161131656429,0.117211848425647,0.0125953563795568,-0.318926772323148,0.366540040284642,0.81648417753223,-0.457647958503042,-0.172050417435643,-0.133201884216998,9.0,0
1260.0,-2.90180976819796,2.24304015844102,1.24041660145447,-0.493756929241285,-0.416690910855613,2.46644693665969,-2.13986203212469,-4.73884488359669,0.616179884224337,0.101219298322033,-0.0793564826407616,1.00508561162067,0.0123539514502932,-0.139350471500339,-0.425614379515927,0.333377726066703,-0.0113556220382388,0.455673718706235,0.44339561016002,-1.06437073161397,5.25932511646212,-1.79421982494979,0.395505725902893,-1.20209584210593,0.396541169020341,0.456620751307764,0.154083104177745,-0.145510779282094,17.74,0
1260.0,1.2395588835505,-0.0294674181665412,0.0463518518225859,0.395402420806329,0.268560236782111,0.75097553116546,-0.233546651243048,0.224979654182719,0.278241499209107,-0.0650303684588164,0.215819207413239,0.873568528982616,0.0825450257927224,0.0799683147656178,-0.57685692524042,-0.0397528282306157,-0.366318335313006,-0.289928025810904,0.591638298229613,-0.113217535088288,-0.232855156693439,-0.469003621561331,-0.1092190794936,-1.10439990228781,0.509954507033992,0.353994724277992,-0.0099877434975574,-0.0134352166529968,1.0,0
1260.0,1.25941843981117,0.209318255414544,0.501896123457197,0.626949691471588,-0.531268325028035,-1.00703853131813,0.0243477514655138,-0.174047903682843,0.129459543020544,-0.0494038110149856,-0.309851855438189,0.0728194238669421,-0.2434226594794,0.35053670292578,1.09302846950787,0.328617955353603,-0.390612507640222,-0.474239884006671,-0.11571250842122,-0.128698320936717,-0.263659841143062,-0.789994037643152,0.143175056628023,0.365012877256295,0.198321475333643,0.0963685923281516,-0.0327402188802166,0.0178658794721327,1.98,0
1261.0,-0.88352858430582,1.1739736253672,0.967297814724589,1.12595422152142,-0.518899227803988,-1.13935853701258,0.413261669746824,0.136250322726078,-0.66617797998583,-0.207099179937961,-0.136264247877654,0.228899854167924,0.0148818487280922,0.594379766178904,1.00960740616451,-0.322516248194465,0.157728294461007,-0.0669031085098535,0.194594756756208,-0.199086957441107,0.217594310943867,0.456075195963565,-0.126654836480554,0.940617783708095,-0.0783116050188488,-0.353975851356092,-0.275186874494935,-0.0386472534592465,34.15,0
1261.0,1.00886382569139,-0.688276667797151,-0.481515527935178,-1.33228540453835,-0.53041576429727,-1.18642973569834,0.37042325108972,-0.278457759648032,1.08723826068368,-1.1024184711878,0.046304113906963,0.38162029487336,-0.60890971291862,0.67090733042812,1.81855887367726,-0.991944807694236,0.28461890944304,-0.670116893063617,0.419385804633238,0.155957415813752,0.0762709944999908,0.0030900015656145,-0.210516787405558,0.133447669316444,0.552605662460184,0.0288543926284762,-0.0372114017266021,0.027281213124599,160.0,0
1261.0,-0.225790624702464,-0.859452374469577,1.33021254466679,-2.37318544409763,-1.05516791768219,-0.876204864648528,0.330409488901414,-0.600593607109953,-1.49563122111425,1.62054172777332,-0.674589870747635,-1.49066276094563,-0.0168280735226277,-0.914770181381436,0.0715404751845848,-0.125066189068458,-0.151203434838881,0.0399320806565333,-0.88857425332109,-0.208519088229424,-0.351815280229624,-0.180410377824453,0.5234944203131,0.250837370738196,-1.29636979145664,-0.802258617833236,0.105732699460599,-0.180464713917307,102.0,0
1262.0,-0.775745964986608,1.23331540668535,1.17514020498199,0.0217495893054307,-0.459395526500761,-0.939045723656624,0.371005825177965,0.377351688387155,-0.513174174676558,-0.537120211937981,-0.608871538895669,-0.0885839930283545,-0.27374737558503,0.532976031392888,0.85021702704004,0.340281706909822,-0.204305959193942,-0.263701370932871,0.007543413466588,-0.0042765390028253,-0.181231763725979,-0.63671019735033,0.0721710362540743,0.353535901656968,-0.17652227405947,0.0743821593016748,0.132539011684536,0.0583103966263006,17.99,0
1263.0,-0.385518223356636,0.796748190496479,0.810255733868001,-0.587937913566828,0.917215309982323,0.842248532604898,0.382333836054989,0.406125991286253,-0.340269907274602,-0.143296545166004,-0.248171350869849,-0.540621527881765,-1.07958151425247,0.524398095349235,0.669879422468697,0.666950372939929,-0.918460186734076,0.418055233150412,0.605623092236387,0.0482112097685773,-0.277179729886754,-0.793973098556149,-0.204251855740227,-1.76550720656084,-0.110807897935311,0.195068117326444,0.267255690774043,0.0872330286955014,0.99,0
1264.0,-0.442792307160793,0.626259603331367,2.05330151275828,1.18147858923664,-0.556878260682205,-0.236827130881061,0.489551188726867,0.095943926633051,-0.771288976252817,0.0475912634263108,-0.734612888058633,-0.822996213241838,-0.668266114912303,0.0461305864892919,0.770717791339593,1.0539569207604,-0.613815012305093,-0.0153241456191305,-0.70738740103957,0.0996211087940814,-0.000701152053717,-0.296691668694916,0.203855594838794,0.371171194613284,-0.431151441222131,0.744240577569034,-0.0618644987772203,0.032084470579635,85.79,0
1265.0,1.08219327151906,0.145852018775692,0.507509248508612,1.33422784684113,-0.175603868513332,0.0330904690329596,0.0114005975056736,0.0941611611400462,-0.0362597033751188,0.0277698641790102,1.40403641479877,1.47016622029158,0.0948871977880975,0.209292600376582,-0.846305645521612,-0.601188305804131,0.0682098855407258,-0.589668406653683,-0.161859632104492,-0.137542298599504,-0.0246710853735036,0.116007610807062,-0.06553583125964,0.242315260565689,0.612356247222437,-0.344848868968926,0.0361911528663068,0.0108280841990182,21.52,0
1265.0,-0.268611583389435,0.049788681009514,-0.138621491636046,-1.8748355434102,-0.442232102755167,-0.662772210059816,-0.418489031794439,-2.89047679053324,0.480345920327681,-2.00898939407465,-0.0689592045537081,0.780332762381063,-0.457082430710565,1.01018220485384,1.35285009834018,-0.726782124996387,0.230657194047069,-0.700251693819807,-0.167928912490065,0.815688143900172,-1.14717642143436,0.466753581488096,-0.194949875810495,0.117776871480286,0.679823878709628,-0.0426751280788172,0.0563995719114374,0.270367420636586,160.0,0
1266.0,-0.834421053964002,1.59410336014418,1.09368673017047,1.4303394965728,-0.410451098047162,-0.470397588761627,0.861498319247697,0.107880865185927,-1.31198649959651,-0.274936945429895,-0.360454145705702,0.31024730254341,0.8781074743117,0.601505650863578,1.45843160634592,-0.732551820761382,0.413205195136721,0.0148293212945176,1.55952345456572,0.0930205072792399,0.0973768167703237,0.218538392767383,-0.260167924582067,0.416167499927225,0.475159041562019,-0.0849407672262873,-0.137001347538646,0.0002481158961058,73.66,0
1266.0,-3.55923629594073,-3.82788582297885,0.76001427381561,-0.0887718346686181,5.36938191552175,-3.01646917738226,-1.97805771395121,-0.346419406649251,0.585498637774867,0.796940202634911,0.241521346048424,0.967472490001106,0.819480062592961,-0.404768973694175,-0.959160111397387,0.205846179706304,-1.13374966662992,-0.0233194734462101,0.658129290638527,-0.337089506687288,-0.278191200842884,0.0489086552133268,-0.848969090672061,-0.61653043796554,-0.489393540418068,0.860198652668447,0.389906873818005,-0.364476123902601,2.0,0
1266.0,-1.86928058669948,0.456972359058723,-0.433718320532701,-2.02618283969483,-0.846346016470513,-0.534080578893604,0.0143418164205669,-2.40206479017998,0.262922511954946,-2.18730962525522,-0.400322342146458,0.457252333151522,-0.843633250851961,1.22289042860648,1.27277269451592,-0.62354651743686,0.420788204011763,-0.440553469519908,0.0902839841527974,0.522500671088775,-1.18111326824439,0.779567747185326,0.490411188839639,0.100070992345946,-0.128549464418774,-0.105389578641666,0.383554960867361,-0.0809597714418182,160.0,0
1266.0,-2.14812815747415,1.03982667720755,-1.00241884396815,-0.929506223481719,1.78927952911419,3.43172628880844,-0.631535825451007,1.81360774760986,-0.0401164765955278,-0.136025811840067,-0.848150648253797,0.268879814121141,-0.104312550068242,0.426107264163529,-0.226305568467987,0.13677754715622,-0.134616446048129,-0.0362484654098525,0.706039323593602,0.200778845411152,-0.22317390154466,-0.667157080265307,0.0243990558116717,1.02369980660832,0.308171782451659,0.256425424639679,0.149888680373461,0.181677456304532,14.93,0
1266.0,0.987118002062279,-1.06952255519673,0.627484790482194,0.538025209128152,-1.31584753347604,0.126760622979043,-0.758837286497948,0.184147871993695,-0.453535168298536,0.843821618963523,0.201791873179194,-0.253005338489744,-1.33151710409797,0.266089872293358,-0.170320680610808,-1.0617406032284,-0.338203779558233,2.25294902256151,-0.735717744076628,-0.320738020410878,-0.14117004553218,-0.2151260439351,-0.217918441492135,-0.0466665304367223,0.430510901072805,-0.23004015634799,0.0350589038809615,0.0432527808737628,158.0,0
1267.0,-0.75010289578977,-4.96748696688642,-0.0327464989483907,-0.224436511568831,-3.20511493389654,0.427307066687038,-0.197242451990266,-0.067806407764609,-1.20579136081007,0.858791911318774,0.559325297505929,-0.163824267892674,-0.22665608784449,-0.483148323415005,-1.31668283501442,-0.389223718794407,0.768215959837464,0.609691241940917,0.0913245188935734,1.88595630821239,0.360953651991775,-0.924356524340171,-0.900456405183846,0.366713577324721,-0.190217511039231,-0.377195179089201,-0.13948335692198,0.213044430994843,1127.78,0
1268.0,-2.58123387829892,0.668009392175487,-0.72771079970335,-1.97074115158333,-0.334985630233188,-1.19435334322807,-1.27724088862228,-1.85683231042143,0.378789363301975,-1.94162839249193,-0.536080672380232,0.732428629783853,-0.789236066478397,1.51735927248261,1.25776546891435,-0.571996293206674,0.622428792765828,-0.463564037783822,0.0442561897123776,0.568258161795572,-1.13909102921377,0.626627345722912,-0.180278202390108,0.126945466791743,-0.22801485788919,-0.125798063666282,0.283612138669758,-0.0223053099570925,1.0,0
1268.0,-1.78884758418647,0.599271178906513,-0.12770279967175,-2.04694311462919,0.128182674820991,-1.1291494951685,-0.963341822321808,-2.31216768400041,0.282816897473779,-2.00979568840774,-0.332314175077079,0.811101875066222,-0.394347008125283,1.15963190244797,1.20552686703886,-0.723126011511639,0.436787728044813,-0.55344780557364,0.0931888868424401,0.494501807603546,-1.16430722820067,0.743105546688296,-0.151201348778233,0.124476455986931,-0.262806598935319,-0.120990680982595,0.349574305392907,-0.025949313617703,1.0,0
1269.0,-1.3257813498977,-0.945173450619507,2.31845026867743,0.0851780229650913,0.0969568420099139,-0.675367435494889,0.187489733299438,-0.0134777687266581,0.658663949132477,-0.708132847038291,-1.01624052866331,-0.16204447828222,-0.55807456807897,-0.592969204092888,-0.36797112919314,0.267905167138464,-0.516308089653311,-0.0173591868912676,-0.627897879925344,0.458782239081488,0.122842163497118,0.102060497306187,0.391234225025124,0.38127193328861,-0.347889337487938,0.0802269307250844,-0.128394223651478,-0.0494839407383281,149.79,0
1271.0,-3.43861680940156,-2.35798186318603,0.30765450962265,1.00762239898535,1.7421235447216,-0.198182857484395,0.527977858474891,-0.0316393448750906,0.632234727241524,-0.546160750939518,-0.0084792276127771,0.753910437087991,0.818440224853725,-1.95123082498425,-1.56562931192294,0.801875208953264,-0.309743470249899,1.09127714591006,0.371506799066555,-1.32672271739122,-0.502215282790088,0.748088536120734,2.19132146171328,-0.902348274634981,0.369986533025524,-0.426451195615417,0.260854009551049,-0.7205491973436,142.13,0
1271.0,-0.657616087911944,1.03537183836808,2.29914192080499,2.92166956184269,-0.0947451969010652,0.895020410627401,0.26712551321791,0.10211863863235,-0.403654482114575,1.17958694969639,-0.578225593091631,-0.0116635307789695,0.525398852635495,-0.697505316529036,0.528394041391276,-0.710354526236512,0.391328780674197,-0.312695021187024,0.508641970173187,0.435907790459771,0.0775634904512596,0.910979503913737,-0.0666810861509485,0.130745821748665,-0.286511940980507,0.355409652284987,0.425114064984828,0.0439624237623181,33.62,0
1271.0,1.06332098084957,0.199982307083677,1.35727642298504,2.66047964591704,-0.717181213805592,0.248142918148891,-0.502130043547971,0.239260646831912,-0.237869138316479,0.694364470265629,0.850856519034804,0.749893621486781,-0.345828287134555,-0.0761479734033895,-1.11622329108484,0.594402156489191,-0.517489748387767,0.318702891714349,-0.654464268240127,-0.154899891611376,0.135407645310929,0.502936602865658,-0.0847363931410663,0.563947031270545,0.465215135964448,0.119089387436471,0.0232073374938793,0.0210130023623765,11.95,0
1271.0,1.35483442475442,0.348300444004424,-0.27145939650341,0.360492289657975,0.349700077535685,-0.261401292597192,0.0869849432159526,-0.139211421844088,0.0617931615361171,-0.293636403578138,-1.24326568122121,0.0069766514403695,0.911201138710247,-0.459019966600177,1.14806619349028,0.8662143213413,-0.53937573545509,0.10363467824512,0.326231238146446,-0.0067991168338238,-0.374478764196868,-1.05181315181044,-0.0491675607584305,-1.04495052636377,0.41775846537821,0.179738826972073,-0.02206787050077,0.0176036403859904,1.98,0
1272.0,1.31613731322751,-0.0429153850785197,0.0312405230286082,-0.374424365412223,-0.181752788399225,-0.369845699934679,-0.157203676783742,-0.0256470111470663,0.0806275933945913,-0.0135289825103499,0.705446717049244,0.514813329570856,-0.0493414817657626,0.424724445885265,0.518409903826531,0.702744698238111,-0.842481827296465,0.292097542982594,0.673713141330632,-0.0477284558411928,-0.115678083409717,-0.354538863863397,-0.0655739961835551,-0.442722036480849,0.313854596981263,0.995372218090975,-0.0898141746591388,-0.015632500108009,1.46,0
1274.0,-0.616094865502251,1.510751226532,0.444664385622078,0.855042730586564,-0.103247271553012,-0.527251015221093,0.541776489108658,0.0625297349713684,-0.710144898209775,-0.0963271120884313,-0.669869832856613,0.777122705395369,1.73101873295133,0.180240765888919,0.862311928345494,-0.14241846144814,-0.285902494672684,0.0209357217539657,0.477654225441565,-0.104799347702238,0.207733003971407,0.484539242324438,-0.0910228790499009,0.0783981567960061,-0.0636624927065452,-0.348022940162966,-0.427473514915641,-0.0217422145708542,30.89,0
1280.0,-0.325583351663912,0.400558217071805,1.56222263180059,-0.326307423104677,0.0536725006058585,-1.27526472452519,0.908067123236667,-0.356855311221548,-0.0919473528549635,-0.42456386346998,-0.234154663487057,-0.158371169645013,-0.376388604154141,-0.0333906248847027,0.365282321436059,0.27426969884354,-0.630586877831264,-0.352372524538429,-0.905359688014507,0.0101301150858806,0.0319229833725723,0.098347663412216,0.0612692715421509,0.712562202399459,-0.373681970105918,0.148595866226822,-0.17176289463251,-0.159885293870604,38.99,0
1280.0,1.3173167405381,-0.0304166831285991,-1.08887420957644,-0.557891572888897,2.03090758398803,3.26777335810845,-0.536307538382075,0.808507056702977,-0.0526074300105419,0.0016098608293766,-0.0286231138293639,0.0736157381871928,0.0411083258287644,0.4252763533373,1.24515198854109,0.640236936918507,-0.91026585408312,-0.0689009379979755,0.255583870795422,0.0149360585081709,-0.31390731697027,-1.06841186785593,0.10466919151745,0.992074915285032,0.369761663773935,0.110479134339301,-0.0281150089500041,0.0116639301385116,0.99,0
1280.0,-0.992592049009496,1.30499746616945,0.639358055279343,-0.171220614914209,-0.0665377283908083,-0.109204477575792,0.0583137983037546,0.754981592431427,-0.380337659591305,-0.258131964856755,1.02961334453455,-0.0576049717353584,-1.39706502706723,0.327082033547182,0.616127467999445,0.558453119279452,0.163463062000161,0.22438586824671,-0.060910270145819,0.02054133130821,-0.213178732550151,-0.684212345882901,0.0343484143430873,-0.404516792555186,-0.198829574792097,0.116588052937682,0.237704070276451,0.0645066263964355,8.91,0
1280.0,-1.37644463651937,1.61400622657831,0.699272626045446,0.0210915332448428,-0.792063900168171,-1.03066879363139,-0.0229738761415213,0.810584456556946,-0.482901149851925,-0.445029276676773,-0.731270170678286,0.086642846746968,-0.207911344031478,0.778562808790428,0.832125606600329,0.44683659339064,-0.0450355912735455,-0.247398231946451,-0.0242906125021513,-0.021170031602875,-0.180649881173817,-0.675246081055574,0.0848720994957764,0.354098838318385,-0.111750486027106,0.0817814828634652,0.138412501210933,0.0307186259588371,17.99,0
1282.0,0.39656857115904,-1.97712675717584,0.405386800207573,0.984649014564623,-1.7998864815373,-0.267232409444319,-0.189564600021534,-0.100433367449321,-0.340163731852467,0.510612594153517,-1.09953228004025,-0.514421367981963,-0.675754277499288,0.0470803016154923,0.482109823426094,-1.33998904377252,0.009449574523781,1.64382548470906,-1.25448008244133,0.337156351931534,0.0269687073464515,-0.385702592524724,-0.450796705002781,0.354812104836084,0.319641302880296,-0.268004368050169,-0.0165607028945861,0.112893762936121,474.0,0
1283.0,-1.01895356616773,0.151755838087138,1.73727252209488,-0.373036019191634,0.802996402496149,-0.743039439142685,0.191904880914327,0.231506862126696,-0.617841913672183,-0.511726602423039,1.50275082464249,0.608351410082836,-0.613873634064015,0.511199413996263,0.020596145086503,0.29348696398296,-0.510200343571348,-0.354981188812794,-0.750883265436226,-0.0193242257509972,-0.0144051310113579,-0.341983526847484,0.148907084911462,0.18687121154584,-0.505780489092163,-0.0855657829549462,0.0540828836303367,0.129712295027124,1.98,0
1283.0,1.20709875759075,-0.3001115202089,-0.311003049729314,0.164989426471494,1.54326472348786,4.05865022675963,-1.14080495923655,1.09085348453284,0.761327738229007,-0.141319101135942,-0.565553982033055,0.302142763139756,-0.0249322679977842,-0.216030046653649,0.36733108173688,0.404881112359228,-0.74709712583239,0.38399848884688,0.160885861274738,-0.0096467593880133,-0.115422147944545,-0.279334781249564,-0.0405026611028565,1.00106257899499,0.573693256375126,-0.393610629845826,0.0746482703195791,0.0315668177327135,9.99,0
1285.0,-3.83565937838451,-1.95551029233715,-0.404066878314053,0.438873168216079,1.78782221207427,-1.06611208626785,-0.27551423024559,0.221038576542718,0.0838686124046031,0.693805910647296,0.257107161532731,0.911536496360179,1.11679941086979,-0.058543383169439,-0.113617393717933,0.16682718621878,-0.436119505166336,0.201191825499986,2.07890161867431,-1.18063057271095,-0.661170444627064,0.285619040886448,1.33699647384714,-0.688062279613415,0.784587695489904,1.28121783458069,0.224188734018155,-0.883502018116014,14.5,0
1286.0,-1.95368939381469,2.02036956267219,0.220852137072245,0.0119826655656777,-1.16410283997065,-1.09664611852405,-0.380932935152537,1.24644694504897,-0.460240980551438,-0.362607282635298,-0.855413433992197,0.257328058067364,-0.143945052665891,1.02494168447209,0.810042171779421,0.55081896397419,0.114304798076893,-0.226083272034163,-0.0605745889626808,-0.0031517207471911,-0.1692651172582,-0.711973739866562,0.132288517978284,0.350638593426213,-0.040113648854663,0.0876799605364914,0.11738736034866,0.0278273269747994,17.99,0
1287.0,1.04842910228675,0.25256893032328,-0.743648850161277,1.33740467112655,0.300796572782002,-0.696975625827653,0.45116471299854,-0.180987856783628,-0.0412780730490503,-0.571408026024237,-0.786447116345809,-0.712905284497256,-0.601075197508927,-0.936726366813703,1.18202915791804,0.87395829201952,0.436649427071982,0.702189799167497,-0.282440200555992,0.132309753222512,-0.188781664066951,-0.829818377785354,-0.229784472410515,-0.608013459000446,0.603193559434581,-0.424977994705296,-0.0006275151109842,0.0666258380625352,128.0,0
1287.0,-1.07286927540038,0.89128965817072,1.37474149849799,-0.783604596579203,0.0829103402465195,-0.316602071287862,0.567404997819296,0.149544225903349,0.230943241084227,-0.129493979006902,0.473521315743897,0.424432786950419,-0.857656485800887,-0.0450739241728918,-1.29264847516836,0.0799288259499166,-0.475871164365553,0.0018890785106493,0.316132217042845,0.0728171956540575,-0.206712193230045,-0.351780860138847,-0.116770337784712,0.0265909294598551,0.0687642886742927,0.378335006481853,0.267179196266248,0.196263807081222,5.0,0
1288.0,1.05266143938462,-0.468486703945176,1.0450523373138,0.725626391565649,-1.01453110262514,0.206780888717866,-0.726218563367572,0.28193815156696,0.83368367313682,-0.06848077136408,0.508249252036195,0.507987270877745,-0.941836480166554,-0.0245995574886809,-0.363214371437811,0.507852898317241,-0.48739741458125,0.497034487147879,0.361404667492718,-0.0266719057265648,-0.0388332407255019,-0.127184091063964,-0.059161753265836,0.0281366446208962,0.214803013258801,0.316555261843595,-0.0042917249259108,0.0215103854035063,64.99,0
1290.0,-1.26846941378795,0.978275491217593,0.155716086140314,-1.89489170952598,2.53856878593828,3.55360039800673,-0.273317405206564,0.230785313669786,0.170969654314077,-0.37889789044072,-0.603075700476618,0.0201757774156842,-0.37770154436782,-0.128198826058662,-0.501815035541904,0.128823138008985,-0.555227964339707,-0.236864286925553,0.178788203762108,0.101442343542591,0.437036149174127,-1.1263608165764,-0.515760932006003,1.03243365949608,0.62512998418099,0.459969623868224,0.380889833627282,0.183510224758209,5.0,0
1291.0,-1.12090502936517,-0.483699510544322,2.5747202423496,0.231855994350744,0.573274155019688,1.41650265359031,-0.276340268592066,0.559584974269947,0.452086310606197,-0.691546023493643,0.375565754971883,0.380962920537787,-0.434151423874293,-0.47685424402008,1.12880060991055,-1.4029849926198,1.09413636730401,-2.05297573518608,-1.51546895223817,0.158159155254066,0.171235969026728,0.684319644548832,0.244240259999786,-0.607268481615583,-0.621753736929097,0.348223780029249,-0.0201754211642444,-0.0926928951002697,64.69,0
1292.0,1.02453821015793,-0.409667601996907,-1.30119749744172,0.365361091975093,2.06455445967029,3.65132856005996,-0.275091658990033,0.817076359357218,0.157899828368192,-0.0758410074433615,-0.540563226703376,0.241219677358181,-0.200782360577709,0.219464853247711,-0.135609958864598,-0.0849968030911533,-0.507167838758606,-0.0510037494593201,0.324093913456028,0.212925024219692,-0.108539265645299,-0.546048348557288,-0.235545622460066,1.01621925872316,0.847821530845563,-0.339811078137394,0.0019856074179549,0.0339787420382335,132.0,0
1293.0,-1.4343476082208,0.0124699766273357,3.32738623176906,-0.738225162507649,-0.630524548921364,1.66971329614342,-0.685391413805445,0.674718224870939,1.69503181617628,-0.413393393972643,0.66538286778239,1.07142769420713,-0.616595632336352,-1.51236441697279,-1.98691602284481,-0.686033800482275,0.417712430184983,-0.612472902048524,-0.443121059823748,0.137858540413834,0.0549317069395298,0.965753142960808,-0.342583473915211,-0.157690658074398,0.194028266212906,1.20482121809001,0.129030616441444,-0.0417713350519399,8.0,0
1294.0,-0.581680534219176,0.577849012403377,0.0590421655554975,-1.72510793458341,2.45892313921528,3.48125120081108,0.160958786839889,0.979394477783467,-0.015019437573698,-0.679168290892859,-0.643259712591248,-0.041144110123049,-0.326601995186383,-0.0803518665332393,-0.520129035910182,0.11412933007371,-0.61754515834593,-0.199836594917684,0.287392822918626,0.144316730231815,-0.25369348330342,-0.651340456117182,-0.195740173310253,1.03404700015911,0.172827556844245,0.392757477653947,0.28492784610603,0.1568312396691,5.0,0
1295.0,1.31636613293766,-0.529736177666087,0.106098069783315,-0.615562284284771,-0.998812250180785,-1.05874972379081,-0.284262027299355,-0.163251696045656,-1.1900506000564,0.890911400878776,1.23607629887674,0.115066189483391,-0.769160657623133,0.634016050560066,0.089954073331329,-1.2791162630929,-0.0704469841782818,1.26295461257106,-0.458737132079374,-0.492264174015661,-0.37622572946771,-0.730324075726172,0.0542515246741872,0.537786689747716,0.21967611549536,0.981338357009824,-0.089602193469837,-0.0051212930230037,30.0,0
1295.0,-1.3603152305605,0.222339340982924,1.94344144648073,-0.384857713471536,1.00015041948926,-1.35958009045465,0.529324308324449,0.0223453935705785,-1.04848974364183,-0.627495900627649,1.53365694914433,0.967650617040869,0.154268755781419,0.449770052438858,-0.375362617815133,0.465344632862842,-0.737246882326068,-0.360361019821766,-0.211658279590743,0.168406309257826,-0.30517690392004,-1.33205034859013,0.135312021027542,0.482964854381928,0.0976939199478974,-0.244745033172136,-0.0617049571654067,0.0694122234035122,15.98,0
1296.0,-2.35846102967584,1.63870488921915,1.20569408596306,-1.0998980238877,-0.812253972638334,-0.590006496788781,0.413121220154432,0.0697908083903994,1.69411934981367,1.37954087585378,-0.598103362635137,0.688896103823147,0.92140441304268,-1.2469862136906,-0.484338904786298,-0.0116928142543202,-0.412460706872618,-0.474952705217699,-0.588902372451452,0.869327204677658,-0.165375258353811,0.469874352191483,-0.129854468577046,0.494430763242646,0.253293975659281,1.0220605953846,1.01792446417068,0.772589148952952,41.36,0
1297.0,1.18724112857128,-0.19614007354642,0.11650804348435,-0.0466636708237363,-0.460014254767728,-0.61468737841989,-0.095213208100322,-0.0468730719340256,0.0498357925986292,0.0548088880081687,0.994825747225871,0.330204904536247,-0.684910582034975,0.575522385063574,0.461703716198841,0.56503240951357,-0.633623791672031,0.318173161287219,0.359108417662646,-0.0055266310799656,0.0654871599086146,0.0513216375913019,-0.131503871290417,0.0717221376104917,0.353967141920759,1.07107849841539,-0.102510954658524,-0.0061573359411713,49.57,0
1297.0,-2.57778639705133,-0.871437187931402,-0.648350446712388,-0.197175048468112,4.15173556090572,2.5167916076783,-1.76653288472875,-0.832705126821011,-0.0991990214762883,0.284749481099522,0.0724657412213996,-0.0728497484063522,0.0859880389787314,-0.210120665893528,1.58095262783018,0.53500789234756,-0.169300667514679,0.32984946065818,1.10848067510518,-1.07228927103118,1.03603113865376,-1.37848117570087,-0.342906219531961,1.01899035053586,-0.626386909831626,0.120931232850686,0.205617620776961,0.505696842456592,17.99,0
1297.0,-2.65076299648226,-0.502878410654581,0.0445172609581865,0.632481550685077,-2.5108948297778,1.70492974331143,4.80634727080056,-0.916465229350533,-0.708087473248181,-1.05403222026424,-0.218993064331253,0.462114135841544,1.22511307289009,-0.415081076012465,-0.195248471519653,-0.135455378142501,-0.353759273701693,-0.930902516512184,-0.923675272285466,-0.957506980796597,-0.301131533596554,0.448447264314472,0.482856452861643,0.178931847409179,1.09010996811879,-0.298197419858458,0.0857181746857452,0.299531475385913,838.2,0
1298.0,-4.22088012284511,-5.4145811480233,2.59847253094846,-0.517058791286006,3.67505120759386,-2.11317005051578,-3.99980548463397,0.978198802255063,0.222774059446381,0.339333288284322,-0.687137013029763,-0.230616164646109,-0.472938699479232,-0.891519037397843,-1.73625271332478,1.38500180148991,-0.0636397210598753,-0.0537969482476394,1.06203576344085,1.58560317079831,0.571060099320205,0.328668169298614,0.522998478332356,-0.835251815509469,0.847366951234154,-0.0812191137065187,0.134230711285233,0.208687418552608,52.52,0
1298.0,-1.11921453353663,1.0821695546857,1.31146043094064,-0.813251631631164,-0.0745994662300938,-0.142096751837059,0.269409609260112,-0.553539781322159,0.326566616834289,-0.154834337135932,0.337036007974032,0.119410105929654,-1.57897753056415,0.159635424314766,-1.24945045678542,0.123911442297568,-0.362118398922215,0.107328097314739,0.290935117444651,-0.0837665247465639,0.545668763488229,-0.678861176613344,-0.0813706548890199,-0.0056665921543418,0.0541443789055058,0.395176648615103,0.412901042133826,0.216679441452868,5.0,0
1300.0,1.21890843918725,0.245989065129621,0.54668954645729,0.498296489763967,-0.366172514817919,-0.652761843360514,0.000223119181265,-0.0934119563041986,-0.308102984117921,0.0852234792696983,1.58687956705494,1.38625731086462,0.848888787424695,0.312638826196563,0.263603584820518,0.470596592220539,-0.7096668047695,-0.122417798692094,0.16717265299017,-0.0435435957478419,-0.19903902087835,-0.581332092698483,0.116861358605687,0.341019016371965,0.208660214154677,0.0752165365600325,-0.0287400582286224,0.0100657205975871,1.29,0
1301.0,-0.816883616637117,0.984618813092539,1.31609865202397,-0.726893035839008,0.105275083446766,-0.490751681671893,0.697917115799408,0.0466763507404422,0.404474197398266,-0.419083784344412,-1.39542181573041,-0.248359932112294,-0.58572472977748,-0.245273290037198,-0.609740691142172,-0.0572546907748304,-0.299432900044275,-0.43759216245879,0.0902005607551166,0.133314126087056,-0.272598915579953,-0.499735899918661,-0.216308936507531,-0.12424204038466,0.122217553195769,0.416429638580214,0.386120508709722,0.219177337270196,5.0,0
1302.0,1.00484445995823,0.0893621653876004,-0.204424506720331,1.20898163917803,-0.0252937788929235,-0.808484444755413,0.594481930400919,-0.223907353840821,-0.587363368464468,0.221933557442159,1.29206948837915,0.786926451637675,-0.25269016978421,0.820543218778637,-0.0232020380119866,0.0453746545351703,-0.564020415864365,0.163587072400757,-0.0532459220083191,0.0790405769514877,0.122136513723441,0.0950027436608243,-0.256179238060331,0.337137960955616,0.766656835435622,-0.30913206870167,-0.0363444269226902,0.0206317459816759,118.0,0
1302.0,-0.705690185600845,0.392644884880103,1.20049321360287,-1.09359069486424,0.523004650390082,-0.506854107326724,0.771775399802017,-0.107085183693553,-0.352348209826814,-0.857622054285936,-1.32951043254102,-0.172341856426544,0.755477144933494,-0.129479875606355,0.485265827080219,0.65564549204961,-0.936218286308328,0.129468859604442,-0.23596947562757,0.170803490393674,0.189673471710555,0.396841291074904,-0.263550602582377,-0.480980731439133,0.223656498223414,1.07171353383778,-0.0340002683960631,0.0872797105965474,58.9,0
1303.0,1.19165791702744,0.288667814322344,0.406994009799875,0.723228708892708,-0.378375568692745,-0.799176817590215,-0.0123924808632154,-0.0631355158482193,0.0670893613053317,-0.3151102129395,0.378081501886821,0.214980587154965,-0.25074109583883,-0.160306322165961,1.36581255659733,0.10977576275124,0.414244276011056,-0.80546288806813,-0.676481470256407,-0.150492599110464,-0.243716815162368,-0.6878410485921,0.204696481530147,0.349059327375777,0.0866326134195781,0.105361560988381,-0.0086064256269319,0.0296981851126914,0.89,0
1303.0,-0.821782900611254,1.44269416520187,0.866764671340812,0.898247371870767,-0.139786310362206,-0.804784184825955,0.483185955310909,0.143956622766846,-0.783665682206055,-0.239660754785532,-0.556738870568988,0.35623174714987,0.7085178788213,0.466415501189108,0.924317817279593,-0.252310271662732,-0.071263828575998,0.0584889091915963,0.432784093194017,-0.11725217107669,0.237025668455117,0.545555701615385,-0.10781660912839,0.413896320469778,-0.233578748826749,-0.359934590564993,-0.216462881728878,0.104407683383625,11.03,0
1307.0,-0.313210036316809,0.886013232496878,1.45043809545827,0.773496831110437,0.0310704199392785,-0.568870428315649,0.857968192254278,-0.125009372200862,-0.438730381006464,0.390335244283409,1.19528627870435,-0.280064179203311,-1.6693536386461,0.620489661112832,0.504382453954855,-0.204789364401296,-0.383176581838518,0.700606169668287,0.621963547981805,0.153862900958298,0.116270649169609,0.53755388810126,-0.125893795132964,0.505751066833542,-0.32262851463763,-0.371348001983925,0.233704644453428,-0.0072343395647904,24.56,0
1308.0,-1.32231287550271,0.863590973388955,1.8442339573985,1.08937538128239,0.771004968012902,0.152190675681497,1.49151421994314,-0.917307514075251,0.765538348987988,1.64572545380879,-0.0462832568597341,0.0974735101072946,0.35923671577503,-1.21881923392674,0.418676839286766,-1.62180153945691,0.143535724174096,-0.922802732571013,0.752663260555305,0.52110549307359,-0.340315389048019,0.31570200822716,-0.133591274376916,0.107111691838663,0.24656022337198,-0.309289716122981,-0.5109632682165,-0.349976304584118,25.3,0
1308.0,-1.37984835151933,0.536719684162909,2.647870139056,1.40811124536118,0.126442161947995,0.986524798464419,0.960250987595627,-0.629717418858719,1.72917265711934,1.34683224795989,-0.622458120358806,0.516210489515329,0.174168355967534,-2.02327338114099,-1.18504343021182,-2.03679119924568,0.653357691514081,-1.29434798003102,1.29744528622893,0.464674739236809,-0.666874111142277,-0.343573880207127,0.0221377305662532,0.0935321440752383,0.0112928436011106,-0.50339542687273,-0.438189291090139,-0.346730810926279,43.8,0
1309.0,-0.471180575782326,1.0312993880252,1.67918945495593,-0.103399685324699,-0.078651408893789,-0.677401711749811,0.640968044652654,0.0422895469837072,-0.735607743778488,-0.15734847404562,1.55635333908342,0.937757600170482,0.346632868895489,0.264348610525695,0.0848580708023443,0.315103646881141,-0.594683393803533,0.023304662850286,0.223152136894226,0.131612996005132,-0.157232634880061,-0.408930807275417,-0.0118384836757031,0.528152670942587,-0.236246315155564,0.0396105371606713,0.264228748204687,0.113889627699454,3.99,0
1309.0,1.35018419492218,-0.783871261340148,-1.43049513552693,-2.98913960628495,1.52723625731826,2.97113023627412,-0.740708710720237,0.768487076295144,2.16474168533868,-1.61022837021578,-0.24618664502465,0.948485644988545,-0.213998383166684,0.0878898950763506,0.831510382192952,-1.20183325338234,-0.0940350471460189,0.257768950105406,1.8290252725935,0.0131678488580247,-0.107405111234958,-0.0716869802060719,-0.213478898173474,1.05884367368716,1.03484269653736,-0.681632833472199,0.079147893003902,0.0131775363055055,11.76,0
1309.0,-0.853633206038898,1.10875366285019,1.57281123745136,-0.615324296967066,-0.0215559424008989,-0.762424448104331,0.81219190418448,-0.07383923885546,0.138215848107301,-0.464370619150834,-0.656178227951272,0.734868952987617,0.835233964202459,-0.514550080221912,-0.815288382771278,-0.2851186573955,-0.190565439863827,-0.798885529567405,-0.122660692105215,0.212966898776268,-0.219830311015383,-0.276641534046254,-0.168035129153696,0.45569802696812,0.101732197367227,0.378012628145023,0.396729885249982,0.227883549372737,5.0,0
1309.0,1.04237118055335,-0.664628904354588,1.49407325285384,1.13570328667089,-1.26653145398679,0.679056893111582,-0.983097428196071,0.279374956071319,1.75024533125946,-0.527035497152672,-1.74118049983533,0.907344872012686,0.474560592162936,-1.26420947633543,-1.55718175984697,-0.351880030512865,0.192140992023884,-0.28238507480065,0.565727362756102,0.0403404335952194,-0.0865948223559498,0.148923181677194,-0.184446984893179,-0.0146566793016542,0.467145045758179,0.507911667130435,0.0467106791650055,0.0341937266829886,68.5,0
1310.0,-0.765142213533779,1.284653367162,1.01274827229247,0.140432982461217,-0.334713643940901,-0.738490232950468,0.307594086580909,0.488857623535914,-0.537159975499828,-0.780762690859452,0.0886122295002692,0.0674473248105199,-0.276278950048099,0.0113631912893863,1.12525074180876,0.137654620306099,0.594365022622203,-0.603662148903509,-0.57786560018293,-0.0331148933811223,-0.168955052015884,-0.557435063166127,0.148355531682011,0.335831813643597,-0.259691036490576,0.0847204617749785,0.129704447892718,0.036488879838155,17.99,0
1310.0,0.943692379025228,-0.489019453440475,1.11510850412892,1.79299074378564,-0.907560195618812,0.590245827327751,-0.541050487254898,0.350322921815842,1.46646860918956,-0.40593456770887,-1.35767914001418,0.200688818527569,-1.72947829396949,-0.433194310636701,-1.53309624846854,-1.06823974262367,0.860803790224505,-1.15857602585335,0.162102776820893,-0.161174543065163,-0.390161482340145,-0.877142122446845,0.0407211292089853,0.0447740954727097,0.350271549514625,-0.512230809312012,0.0684635956648061,0.0377574564219723,80.51,0
1310.0,-0.383702275672518,1.01072904718355,1.71514412996767,1.21617711971537,0.164225978308459,-0.328318261595502,0.656597552220355,-0.0518101628918578,-0.911027381615297,-0.205600448206998,0.221844290409437,0.610596778247631,1.07215871383746,0.143021850857033,1.3926349184153,-0.713962155584781,0.211990427123051,-0.5544962498394,0.203965662684483,0.125104993670473,0.139112412605706,0.473186418217242,-0.0183184029902508,0.416510328995003,-0.361513526087704,-0.347546761054204,0.185186580831373,0.158725144610636,20.0,0
1312.0,0.862723083491285,-0.583022315834519,1.54475360867014,1.32318197267715,-1.45078347211582,0.143030376679147,-0.854562314268133,0.305606359556169,0.828499164620723,-0.0246621029495869,1.03585394443008,0.751616663126098,-0.61293095227864,-0.0660547064820596,0.197478019790067,0.645340584040271,-0.646238672639527,0.995749967780723,-0.389757032302554,0.0767294910814258,0.337657470979514,0.829616154470411,-0.173474358478106,0.545801847084205,0.302622186924623,-0.259297169720805,0.0593510193966286,0.0534771700164026,123.02,0
1313.0,-0.602956302517456,1.13415611730929,2.5138209548054,3.1061854269537,-0.358771841863106,0.582460370928395,0.0179409649270832,0.13851036032553,-0.833145740580381,0.685054565473114,-0.133965967412166,0.501086383898536,0.940556214169778,-0.514888873445392,0.389683244508012,-0.814796431437808,0.665710255238125,-0.519633815758192,0.36384134078239,0.0771286498971333,0.288975379698096,1.05087316429258,-0.113606138846505,0.67286375991341,-0.487204221070292,0.296832035215089,-0.0522288072079208,0.176775974263661,11.37,0
1313.0,-0.766162382593879,0.870878221054609,1.89227425525162,1.34244137650831,0.533505680226607,0.328510193909064,0.0861691065793566,0.109459630224622,-0.304058446286729,0.191431653168156,-1.75718992166348,0.0354252503833237,1.04966002711483,-0.747655431365577,-0.711464558029673,1.17771135999333,-1.29878451372185,0.289470304558189,-1.47719664921109,-0.270850614383991,0.215682290039345,0.703447766836958,-0.265859362222809,-0.41248871447146,-0.585155088279841,-0.170860750865989,-0.010591490129537,0.166608517356994,1.83,0
1313.0,-1.36026192648628,1.54273488889146,1.65678112200152,0.966888517859898,-0.512782511792434,-0.321964127878727,0.174817553393303,0.401853553189982,-0.137097473554781,-0.238691103939695,-0.948046932405047,0.141122556978878,-0.291781279978319,0.10568096057103,0.0913469036659097,-0.563256521374743,0.389369732530024,-0.247966489483387,0.9221605351692,-0.0126220205750453,-0.172938575002484,-0.512887867234067,-0.138364062100349,0.362893101566398,0.372738823748003,-0.428265360932069,-0.195058581183013,0.0801672890744077,0.99,0
1314.0,-0.967444815631106,0.774713786692235,1.33420443727949,-1.08948514745209,0.412903612991331,-0.178397752557111,0.668483316431934,0.0246566288468038,0.489392986647663,0.127887088533422,0.0101946006731251,-0.663951403412701,-2.19912477327793,0.124026862096582,-0.692978097814821,0.463577014970733,-0.875424885589873,0.36111790697089,0.261810638658716,0.0700745526753291,-0.315093679273428,-0.66929255134929,-0.296708519194735,-0.536540623175741,0.0417055351713225,0.317045958737598,0.0752417653249833,-0.0386740613988946,5.0,0
1315.0,-1.40441919364953,1.19201411934848,0.728766588671693,-1.00822460171476,0.0004474116625259,-0.233754157241476,0.299132530096883,0.454831615419701,0.546386299361408,0.289723843286392,-0.118780750371458,-0.484152509197453,-2.1156017505963,0.380063578528953,-0.677520294630213,0.514105703037421,-0.684945148061526,0.404328908998697,0.341433572780807,0.0917967453489711,-0.28223379586985,-0.61056450286023,-0.0939889842501584,-0.544203699829181,-0.107106089773914,0.306956623070626,0.0838376195183305,-0.0156076049513839,1.0,0
1316.0,0.993389523423787,-0.796519898608286,-0.375989100154173,-1.33330819587207,-0.901209552360081,-1.49324763292656,0.24619660755399,-0.197343088270723,1.05070559680434,-0.844360417073618,1.44425402559495,0.234202176555428,-2.25016783776982,1.15821999369844,1.01939005436553,-0.490955182473849,-0.0817165192412283,0.395780337634405,1.00041235187034,0.0929192625386879,0.0961865666558715,-0.0862696701309501,-0.209386982012798,0.540070935008856,0.515578616612544,-0.0251855624395242,-0.0672211255206065,0.0191492997850508,160.0,0
1316.0,-0.614421351138063,0.708348700821041,1.39975069568896,0.917166274424043,0.49931492643114,0.489940134361448,0.639752247756203,0.0951048264465247,-0.0583411877577904,0.346378255010979,0.608356742499153,-0.0970641438342298,-1.65184606619545,0.211724877388496,-0.431920950811855,-0.83397592200057,0.114416983589164,0.0291308403135148,0.858401805218389,0.0731710439234426,-0.0625357963596426,0.214465607846455,-0.161873518429399,-0.326832587546011,-0.1126510025488,-0.303115270989602,0.116764752264304,-0.0313568929892637,20.22,0
1316.0,-0.83859450586221,1.0169179250918,1.54509797535651,-0.735903222054027,-0.157521795322844,-0.705899744702976,0.663998682787623,0.0952235827629053,-0.0628982537274649,-0.184775502436882,1.15894717554568,0.804003800902634,-0.400347566687947,0.0574185743397759,-0.98368961853748,0.114667215219616,-0.468606671885367,-0.155103507039853,-0.0395034729535312,0.13564422374061,-0.160566728223264,-0.259315103583232,-0.055335913962068,0.546183299047248,-0.22642899010452,0.268334883525678,0.404800605655847,0.232482490318687,5.0,0
1316.0,-0.803339973263657,0.861137070995818,2.19042409973175,0.108699122593523,0.0726720868294378,-0.406773992725634,0.402626375369422,0.0603026935842848,-0.253230891820366,-0.628031203254869,0.0179804950416408,0.587008268332656,0.734531092999379,-0.165149165981877,0.799402461579552,0.184763828039988,-0.510656668042469,-0.513686194469897,-1.46982488611474,-0.180574279004354,0.116479266773263,0.322396352037142,-0.0491289446055589,0.382104275879196,-0.397966123737694,-0.701381227178832,0.0531829586351798,0.145646214217571,4.99,0
1317.0,-0.391756937559275,0.591094279263549,2.75283609848046,0.726359410187646,0.359030579268044,0.781080697669602,0.994960134608523,-0.86293470070942,0.765892472873119,0.590754554284237,-0.926810692146409,0.314590736341634,1.66855966353154,-1.75992324428206,0.452939636428512,-0.445091768908663,-0.797394986275781,0.118824069157245,0.956911412541418,0.340516861482768,-0.23991795005741,0.195501757181414,-0.463516087680563,-0.410537248568203,0.35492905766038,-0.3734879011086,-0.963554086757122,-0.894060922422436,36.19,0
1317.0,-1.40128216009034,1.44145170727233,1.08476801223246,-0.750453532079252,-0.491806503353384,-0.793816652911872,0.26799128296351,0.537276950297503,-0.0384161539085528,-0.0955767800731145,1.03333535457965,0.97679064010524,-0.33910688206777,0.304205809080438,-1.00835071183884,0.213481234266317,-0.307724519517362,-0.134202331807584,-0.0746823550612225,0.156093260713993,-0.146902717230473,-0.294730115181269,-0.004162039056476,0.541832155504356,-0.154575805289906,0.274771081002792,0.382994893013915,0.230802643850083,1.0,0
1319.0,-1.41949377625111,-0.251193351780765,0.314950842694644,-2.02188949055433,0.115211629897345,-2.08481821464369,-0.0813965061096358,0.441669188050485,0.558309096624324,-1.26545821097194,1.05326095128874,0.168804288026894,-2.29686216101772,1.36460241045799,0.530624289821622,-0.39384067493303,-0.0286899363198695,0.570400992625895,0.82183501006003,0.0820530485625524,0.205438483332423,0.196515359885136,-0.116547500484822,0.528969888388034,-0.207193505685252,-0.164880010158197,0.235164350697514,-0.0222845185138801,1.0,0
1320.0,-0.641354608017244,0.803964523499899,1.62076483892552,-0.272534377452368,-0.255839873426944,-0.458778835111842,0.594626261537409,-0.156024955069353,0.367681048399533,0.228305308754391,1.04884614811787,0.289256681707816,-1.32156021699036,-0.12413360747019,-0.902167429041456,-0.342565301443009,-0.149386361893823,-0.0989097901155164,0.69132169755794,0.0481552506413152,-0.163133433541153,-0.276210660556375,-0.115718852990883,0.553432554843115,-0.123445828411754,0.385517587172206,-0.356909673342642,-0.160821680344105,5.0,0
1322.0,-1.93039967468531,0.331504456705094,-0.459289406790956,-2.07545064481987,-1.37303792448677,-1.41723318368266,0.685575218791392,0.705524073781631,0.498665452127515,-1.35641043599619,0.959931302510857,0.229698677463466,-2.20480864363804,1.54911951317828,0.529552117661,-0.188979136571235,0.0766849816504138,0.606365066617859,0.804242885236559,-0.15383102661812,0.106366410978578,0.260085629334259,0.334308291275472,0.522244047950679,-0.0343623031927638,-0.136918706395043,0.371710462410391,-0.12867401222071,160.0,0
1322.0,0.901868649557688,-1.91309774556647,0.0976680681807276,-0.957616400356394,-1.73750597931668,-0.764856786099768,-0.383617041244088,-0.374986593590483,-1.88301387572359,1.17414257572627,-0.485546175860214,-0.100843924835169,1.57184231826606,-0.621315484101405,-0.318757554527846,-0.785296316431732,0.743891102318744,-0.422495491835231,-0.052916668091677,0.36905230241248,-0.146354085758962,-0.593526956410475,-0.239934341147632,0.423107151233069,0.351209409925352,-0.290129511563556,-0.020397131386439,0.075861152902647,329.0,0
1323.0,-0.492489572347525,1.23746290952788,1.88112017527361,2.04071612189778,0.501344828662502,0.190603080817205,0.617261801772331,0.132824370653681,-1.75066563391217,0.528656063518299,0.864480105614979,0.357151625274167,0.358372021959364,0.352391861274386,0.0044055662758715,0.673972285776878,-0.770251498063838,0.358639807293224,0.333671058767637,0.0902590167972452,-0.106551187316446,-0.452868278133211,-0.0498563089730068,-0.0345770224865835,-0.316291230033953,-0.207744431936084,0.0998299080579829,0.121473154406294,12.09,0
1323.0,-0.873815317427199,0.898018498379918,1.45186700529718,-0.775783674514788,0.0574279699463413,-0.256161127648828,0.588690177895335,0.104883585181526,0.0986060263438025,-0.334997793903179,0.455515283503419,0.412815212691265,-0.863728201808151,-0.0048198316419329,-1.30921195422216,0.0806397309087151,-0.469217703534605,0.0095764489451584,0.337214435320235,-0.0287205549752369,-0.142279993263615,-0.342067824995106,-0.207226151988126,0.030156782500509,-0.0185765893765096,0.355664232431008,0.0015994704879025,0.14675322807207,5.0,0
1323.0,1.08226059718674,-0.0573065690237494,1.0239755454177,1.7556173362525,-0.693161792218944,0.287678080547592,-0.597054485540263,0.376952106365944,-0.100520823132775,0.634458612513402,1.03392636769572,-0.216711034209542,-2.16080152623311,0.482331751696271,-0.242390832725888,0.549848921280309,-0.119787396224601,-0.240737775461093,-0.724438866086982,-0.256620698796567,-0.0013029269163791,-0.0417735572374137,0.0887214471454221,0.227421278930859,0.0411059962639882,0.949153870022321,-0.0568622615768401,-0.0013887048243398,10.09,0
1323.0,1.23271307484395,-0.36122512249249,-0.148648247241488,-1.34217627160698,-0.684011512965717,-1.3166410092468,0.112168854089475,-0.206511122036335,1.09375937506033,-0.923969857946956,1.46263632786222,1.19356853848022,-0.809444014402811,0.598984184112176,0.0926254894800458,-0.927761843007207,0.0868398861755808,0.0588187081393463,1.24639704728603,-0.0863644508160054,0.0317825303666661,0.221531774788077,-0.170605171738707,0.609622766564857,0.738574137995247,0.0462239377672689,-0.0240460438077515,-0.0027761297981007,30.0,0
1324.0,1.06621950846709,-0.975274037472597,0.558696142313495,-0.275940408230075,-1.28366867989166,-0.600668579571514,-0.432909487717448,-0.109574356072968,-0.532589931835569,0.380009019756098,0.143909775602886,0.0518884035138835,0.177583242529895,-0.422986156023543,-0.284569537792382,0.135308983647981,1.14249308466601,-2.39312072218473,0.338126960134618,0.271544080135167,0.121158677769611,0.194437935252143,-0.052733188576376,0.658793156019404,0.374540121472591,-0.262356081394202,0.008349190122115,0.0380479125797827,137.7,0
1326.0,-1.11501959812194,0.977676835676923,1.67328974717603,0.515579319437971,-0.357546357655462,0.118457888508143,-0.154603348480396,0.923982189868026,-0.611510725326656,-0.107512847406693,0.588042996270158,-0.332371513609863,-2.30142590363712,0.623725503768563,-1.1311079766472,0.924985605673836,-0.326201307039238,-0.141263874026517,-1.60556461242175,-0.31032836796949,0.103345774630259,0.167887200171397,0.0145554141013243,0.206830491552415,-0.536563850681507,0.714409702068247,0.166619787951184,0.108208122493424,1.44,0
1328.0,0.988553129562773,-0.774050281803035,-0.602488095572379,-1.51953128020393,-0.350313395483528,-0.690654175913866,0.236715331995512,-0.0913794919266454,0.905595744683689,-0.922200180473615,1.39008789861376,0.768516861474043,-1.00230074297714,0.920904721137578,1.18134290596732,-0.683394425424696,-0.0638128885277804,-0.023723813070121,0.834560547256431,0.153649913709577,0.102347459655129,0.0263695723867281,-0.259711090421032,-0.271584675249204,0.553470156945743,0.0335575910407392,-0.0437567314700404,0.0128668589614444,160.0,0
1328.0,-0.874030414723718,0.838027077611531,1.43236823787551,-0.769059834307685,-0.0135885748968397,-0.272639326911913,0.532528692639259,0.152167720384991,0.22406158559454,-0.310728061958073,0.309683374560889,-0.028337095629636,-1.6888000068778,0.159240278957775,-1.21817521429036,0.121005500733657,-0.424030551311427,0.112731847026745,0.344882252723286,-0.0814658237967187,-0.152142205654755,-0.410740446441602,-0.197996909452703,0.0019847413235421,-0.0457859093113306,0.358776354656504,-0.0038078469481226,0.144922897869509,5.0,0
1328.0,1.21841815030157,0.122484548130405,0.511325556891081,0.514708772381309,-0.5194953113439,-0.693885490447244,-0.117165335207783,0.0045450718907656,-0.0472559317630234,0.135998702459942,1.29313885911027,0.470192871957222,-0.873600176753438,0.655330738987897,0.452532009996374,0.551338947151905,-0.61125215457315,0.08882019528096,0.178929465270709,-0.154714366612832,-0.21908501881852,-0.722183047348465,0.137888017728174,0.293840188736348,0.150528149855057,0.0810311411982698,-0.0399243437802071,0.006296874570664,0.89,0
1332.0,-0.695350166455002,-0.973852917822951,2.45247939254333,-0.676375762040156,-0.12665638014131,-0.240814438079835,-0.878516108229507,-0.105118432077436,-0.744281182867124,1.23510782790983,1.67815500926511,-0.930189293398293,-1.0651075953043,-0.430536500124763,1.2047211264608,0.721776759020686,0.38572064403902,-0.500004829301286,1.2572447506932,0.191317117648808,0.453278535599268,1.58542476159108,-0.303819847679657,0.263143550332378,-0.638175772577373,-0.0359847245646741,-0.180978576619936,-0.324253437881769,13.99,0
1332.0,0.908747997722351,-0.290616244994438,1.15506457835775,1.29210376523848,-0.703724160821079,0.591121313367248,-0.55849699570093,0.278199063199978,0.303069461725648,-0.0237183402731956,1.3636779459753,1.5981590867434,0.928918073758377,-0.200593172389657,0.0438690048801031,0.157198564541532,-0.444764618845214,0.15360552780481,-0.58798028480118,0.0866902103995604,0.26751056354793,0.786588358203867,-0.161168079717162,0.0766118149046416,0.401957611709827,-0.242985560044816,0.0695946737816416,0.0399418933320966,95.0,0
1333.0,1.14562772729798,1.18933701364616,-1.51368763059402,1.53233001656293,0.961049515051594,-1.15825425304039,0.585935302097616,-0.101676125998813,-0.690495851174764,-1.41964100118088,2.88556954387499,0.24167861320197,-0.50152783045966,-3.09668935402569,0.632107515645748,0.890714940755943,2.82198637858241,1.34064176407371,-0.982250415983012,-0.0765408034896769,-0.119805940921364,-0.259534675493389,-0.164183074609008,-0.106844499827812,0.719597457423554,-0.293944353856972,0.0512886812080448,0.085099502312521,1.79,0
1335.0,-2.29084796764059,-0.72484503433097,3.09071502128286,-0.746779326047737,2.16953298533578,1.97517704581344,2.22527233542659,-3.04315281756665,3.49799904303099,4.06888548822465,1.66918981570942,-0.374296233673554,0.421761845133321,-3.88853147421023,1.98231604824072,-2.86504080211538,-0.132600314129561,-2.66669080612525,-0.290286412218716,-0.189021980958269,-0.396727730045764,1.57463398041113,-0.431064993397507,-0.795598110047165,-1.13796408288464,0.759778609645408,-4.54186016535067,-1.96224080293275,9.95,0
1335.0,-2.97990607813754,2.35728227068346,-0.605154041181556,-3.11094313882119,0.87419079224562,1.26382889923956,-1.41562052422584,-7.51162958624683,1.61692087970831,0.431243772077215,0.661694841287805,1.40464493942624,0.421020835232608,0.047159283966259,0.542547332813826,-0.635223698653758,-0.325920136996001,0.243320412529192,0.911908320421853,-1.25333107458751,6.76592753379248,-1.97424602688972,0.494278374460021,-1.40050918769948,0.138506912901232,-0.0572091042201076,0.261659074132217,-0.156149994907751,4.0,0
1339.0,-1.06234975390345,1.11397373409542,1.58696627216356,0.572359705596413,-0.218046937644791,-0.0408152080884199,0.0682970249194272,0.707506794641547,-0.553134037193573,-0.323934696487826,-1.05355029092477,-0.346358990499891,-0.781004919630089,0.136679199242147,-0.569241873500093,0.723642644290541,-0.229976004936329,-0.73944827878633,-1.82967122599522,-0.211977686559926,0.0578378044431569,0.13295416689024,0.0021333413013005,0.094127027636293,-0.428945550583801,0.739634814116801,0.17664997786299,0.121229859592745,8.65,0
1339.0,-0.339441291688087,0.923361166475996,0.774501410434109,-0.368342189615581,0.731916899406064,0.451884984358722,0.423001403494931,0.356317414659916,-0.394077716328406,-0.348616845301486,0.456649177756418,-0.338186169280238,-0.999993769152699,-0.0325407267275442,0.663918566611949,0.683896840364324,-0.318777380756209,0.43730344533255,0.288635350901288,0.0482244570988074,-0.276538807469948,-0.776597290485299,-0.13203162591529,-1.23323620635357,-0.149766302053149,0.160650935624001,0.249539577486736,0.0700238842155752,1.78,0
1340.0,-0.278463932010767,1.31074250911171,0.47743235657183,0.102364092053673,0.878537941084497,-1.01498880047331,1.06820115851587,-0.250150705531757,-0.844904379363197,-1.06675868467448,-0.351178471398649,-0.101387689292691,0.819055556941088,-1.31690434646946,0.666475687502934,0.455892566009354,0.606221827679609,0.369580303999655,0.0230893631138541,0.0657317164758962,-0.0774204074174829,-0.179169619311412,-0.316154524776255,-0.18303334089286,0.199173658936174,0.354957747370171,0.0222065739939211,0.0751484299276359,0.76,0
1340.0,-0.839705984579445,0.907110251428988,1.513582963636,-0.721174481072001,-0.292793015061606,-0.741961880986794,0.56116394019304,0.181334404609558,0.16660569162012,-0.140257254934573,0.900460395709808,-0.0021184069063109,-1.91607509827447,0.359067148993491,-0.81738832297426,0.185766914436909,-0.38199134393477,0.0308580479747939,-0.029269903510577,0.0385307793955953,-0.177993918754428,-0.38344972507404,-0.0371427065587918,0.504683992719954,-0.277714452455991,0.273414194002229,0.394891925043957,0.229227195257976,5.0,0
1341.0,-0.366392219064055,0.920634916398916,2.23238928179128,3.19424492695326,0.375517467907573,0.034386500100753,0.479798174456713,-0.124298853868825,-1.85222224811924,1.21337474854759,1.66325372603188,0.5889692810313,0.765120526699423,0.222908018837574,0.907822958078203,-0.20839154398331,-0.0891171669720196,0.317616518731061,1.74860391318053,0.472466353298916,-0.0773143508307271,-0.19270222155244,0.101601365536247,0.518397894880723,-0.621257299451344,-0.0198010864407107,-0.0229048849564992,-0.0712449459236464,27.83,0
1341.0,-0.992611518805084,0.901072045397845,0.888141525511838,0.966377723280649,-0.0611281758944894,-0.940619451024089,0.516206959658286,0.0941804149632931,-0.301116877196908,0.112191592644204,-0.742786965970771,-0.619233107473044,-1.02515697238405,0.616167099896839,1.17009189489125,-0.229734079798002,-0.0691205311608092,0.241093084290727,0.408891436271561,0.0179231603417211,0.100854619316762,0.376558228458417,-0.220956207497245,0.383261387744744,-0.269054116681724,-0.354724304661492,0.0503866322426867,-0.151896143816963,38.09,0
1341.0,-1.40239363880758,1.33164403360952,1.05325300051195,-0.735724791097226,-0.627077723092146,-0.82987878919569,0.165156540368927,0.623387772144155,0.191087791439032,-0.0510585325708051,0.774848574743782,0.170668432296295,-1.85483441365429,0.605854383734153,-0.84204941627562,0.28458093348361,-0.221109191566765,0.0517592232070627,-0.0644487856182682,0.058979816368978,-0.164329907761637,-0.418864736672078,0.0140311683468001,0.500332849177062,-0.205861267641377,0.279850391479344,0.373086212402024,0.227547348789372,1.0,0
1343.0,1.30973147030231,0.261123303118174,-0.063052204924392,0.509101603632675,-0.0482300124774536,-0.62102250287647,0.0140338951869181,-0.103004920923851,0.221983200769704,-0.256835400677519,-0.964459135203819,-0.504785634732704,-0.499476155387134,-0.163370387536949,1.25045473361456,0.763795551338432,-0.25972189280559,0.0812294192116149,0.122497394624513,-0.105004809368539,-0.351157334324498,-1.05602347035366,0.0333247034956375,-0.532165195543831,0.297226632013083,0.149705822915567,-0.0302492849203022,0.0207460728234978,4.26,0
1344.0,1.20305473263425,0.247362156105198,0.631621201171341,0.547487223200124,-0.469597132191021,-0.77100842308366,0.0037301149815221,-0.105269417857149,-0.318266130551811,0.0853827741399843,1.76652628081524,1.44008582727604,0.786325462605069,0.330445547214041,0.251553698834249,0.411882377801856,-0.633265573998503,-0.186193576181536,0.0895210149366082,-0.0505168582246902,-0.185388043619145,-0.545954364405521,0.142027789802906,0.546562765464924,0.180024701965305,0.0624625401267773,-0.0287745624746277,0.0122169703737295,1.98,1
1345.0,-0.31625035912496,0.924568417371473,2.49896237558562,0.58619512575676,-0.290109904426262,-0.729195178066237,0.731870578476531,-0.307360690694895,-0.365707797684426,-0.334743449613225,0.276679161670506,0.795937266223932,1.41468689153917,-0.464164085865183,0.907301570906709,0.07883090549683,-0.589469167227418,-0.160202824371575,-0.539367311337476,0.101432973757586,0.0266610555813206,0.284998389615235,-0.0734087372431762,0.91960672390576,-0.190416512677334,-0.619766404633556,-0.0545789651848599,-0.136395000407809,13.99,0
1345.0,-0.804224924632551,1.31754299909587,1.32877550030666,-0.0683332537247262,-0.349949759825807,-0.730424748941474,0.291731393080672,0.451617410270375,-0.954142882986692,-0.387197778044217,1.46753400000801,1.28289754696612,0.752660348647362,0.511234451936409,0.0076366415100292,0.419980459067713,-0.44559124416136,0.0176225799128669,0.216972362083365,0.0367963995195478,-0.112942648055213,-0.391518123830654,0.0311629011153504,0.537121109665335,-0.201794681403026,0.0410168714181163,0.142405256554225,0.0514281756166806,1.04,1
1346.0,-0.471002923412452,1.06575808272621,0.949690414808948,0.76286833411485,0.948486150211434,1.18451797485188,0.679079270400997,0.14154130222042,-0.0873386297271834,0.592583626935683,-0.0692743783989519,0.177661175956545,-0.285336762633915,-0.0984534637572818,-0.311651432320038,-0.71846159163848,-0.213142205668306,0.243644154850872,1.50184224716038,0.352094363728263,-0.163400480627465,0.119456819011456,-0.367939809634111,-1.33990258796199,0.0756440698647802,-0.17860937574277,0.371798482249155,0.0128730959195393,9.78,0
1346.0,1.07548009632125,-0.774727967068713,0.206367699009585,-1.32675147868694,-0.663293962509968,0.140661253171166,-0.476860618295736,0.286067634076879,1.66549623324424,-1.10916528934639,1.40848614110302,1.131954347834,-1.40691710002149,0.365470705377559,0.250716912389496,-1.41936693008322,0.715863771509939,-0.666695057102675,0.681727113092294,-0.142120853504778,0.0312626091806582,0.309081079808111,-0.0967858760246054,-0.240785262622326,0.449392341124188,0.0991122616727539,0.0312555445699478,-0.0008719162659572,50.56,0
1347.0,-1.16216708760488,1.330636180155,0.857535366426,-0.972183400338155,0.119592558202116,-0.476537339889594,0.665480312160233,0.089978844411728,0.784365130223723,0.289094005506866,-1.58307836485859,-0.692858368953053,-1.03767655781635,-0.162630169691935,-0.0779944844434306,0.222934244693428,-0.563662474169569,-0.230344511450527,0.0096807881934878,0.359539012686924,-0.350399646354884,-0.682780429459316,-0.13783052695018,-0.465216725630703,0.0155065336643041,0.361907969560729,0.610382333486327,0.353210485756349,5.0,0
1347.0,-0.891261168502214,1.07823159664143,1.47584787342985,-0.201936201513918,-0.056193177264406,-0.262651199246234,0.450675113068529,0.230522195064497,-0.269481558825374,0.25924458041427,1.57462240119357,0.300048486322166,-1.04268096596408,0.45745089296438,0.513570865038446,0.0572092419209705,-0.255635849508195,-0.280853747870846,-0.147459286941718,0.101904469382667,-0.166295200303829,-0.423948591530354,0.0889175946481593,0.174408933327543,-0.305281500259386,0.068048996444965,0.253458787990917,0.158595707485678,4.49,0
1349.0,1.01413882893255,-0.347902299011969,1.42947675264937,0.499377037196001,-1.09469129811007,0.264667970464755,-0.889718462529376,0.298060038775721,0.390255984981013,-0.0288280432325987,1.79195254197751,1.32262150545325,0.737123139877014,-0.102307395922929,1.06753569080376,0.667914520272955,-0.607268927448293,0.311313730057938,-0.744143917236334,0.0317775592196012,0.344028958703872,0.9790384986422,-0.032699138315697,0.296060755842192,0.0622953557684169,0.57087098081679,0.0225389231759938,0.0280619033612631,50.0,0
1349.0,-1.72619114191871,1.75268963373966,0.397424266462979,-0.986224591518841,-0.212747476219395,-0.565844651257042,0.268270442335307,0.532598670093494,0.80869702566831,0.378111822544266,-1.7088712074932,-0.519968493393536,-0.976419520881582,0.0844270146585009,-0.102780330351203,0.321450777649312,-0.402658615454631,-0.209040585137796,-0.0257063339667836,0.383082839063341,-0.335730392906285,-0.718342646949174,-0.0841668771317455,-0.469788863583653,0.0877455867876446,0.368267908516506,0.587415043767363,0.352018842609834,1.0,0
1350.0,-1.21996955093069,1.48497390082466,1.24716152208885,-0.792609448871196,-0.127246157020441,-0.913875625672799,0.806928830181444,-0.0672424577356677,0.451154177766481,0.234394652479094,-0.521515895636599,0.552518225128231,0.635789217113918,-0.474565771149376,-0.339145463077282,-0.10737062413685,-0.362410730998102,-0.727684217321061,-0.319117182644134,0.448969797541937,-0.274254384593563,-0.379031393539675,-0.0558737980839979,0.425686833335639,-0.0349667216718027,0.303731261796639,0.62338434676943,0.365636678822936,5.0,0
1351.0,-3.5627258398451,3.44195894840113,-0.28994384891866,-0.860115125065833,-0.413767733852855,-0.551690159243856,0.170906316214073,-0.532137703170257,1.96275726707283,3.74867998610653,1.43155132470816,0.525991477645728,-0.228273244894396,-1.08519727447336,0.431922823314605,0.423805464709966,-0.398919918072413,0.303264015414816,-0.0812321938264528,1.59994685851312,0.12818632016189,-1.20634895675171,0.212357962175451,-0.123132625761232,0.540725021539441,0.140796699444239,1.60236724269392,0.983275196792215,1.79,0
1351.0,1.00425500818319,-0.0012388398165043,0.332105469225947,1.45525109552621,-0.16501075994285,-0.140004447139018,0.232575181976944,-0.0828421926955806,0.163270862510745,-0.186217892302048,-0.401100923047776,0.948552096300224,0.662264771065439,-0.0701012288293298,-0.169870262363744,-0.749535786912198,0.222389417961771,-1.05776237221188,-0.400187530669874,0.0286005248625106,-0.0422356767406709,-0.0352634572515058,-0.145212468852722,0.107749041706242,0.658523295894275,-0.323731463372048,0.0293356114927956,0.0320893919456921,91.64,0
1351.0,-1.78399360524451,1.90702735440932,0.787050422125833,-0.806650640051883,-0.459586191441952,-1.00318293704025,0.409718960356517,0.375377367946098,0.475486073211068,0.323412469516494,-0.647308738271205,0.725408100687748,0.697046254048686,-0.22750858679894,-0.363931308985054,-0.0088540911809663,-0.201406872283164,-0.70638029100833,-0.354504304804406,0.472513623918354,-0.259585131144964,-0.414593611029534,-0.0022101482655634,0.42111469538269,0.0372723314515376,0.310091200752416,0.600417057050466,0.364445035676421,1.0,0
1351.0,1.07610614563643,-0.986371458851205,0.268873133323069,-0.0328707366028417,-1.06179950250015,-0.150791590113412,-0.446513539927425,0.0298373733115755,-0.682958161545543,0.731717310286009,0.374052975444315,0.276206331635583,-0.657079921279234,0.156545967609664,-0.911244335944051,-1.42681154431145,-0.0084439723993178,1.33814557063488,-0.120847311321536,-0.288767603329093,-0.500737609371802,-1.16844322620973,-0.0556520671039295,-0.0060539713005633,0.248209675541675,0.402262866662632,-0.041972371045428,0.0228883587894712,138.0,0
1352.0,1.29926838042254,0.353623953517138,-0.152562663787052,0.779753593383544,0.432925261995659,-0.104665121064513,0.244949024830705,-0.175606949735265,-0.0679496459088786,-0.0453810668592473,-1.40487611717725,0.342780759211303,1.31108233542218,0.090538342733889,0.976710004912761,0.519306708701315,-1.02273344262502,0.0070406278516931,0.224427776404546,0.0077204597274243,-0.248178511575127,-0.695573454609983,-0.147770102494369,-1.01374742898513,0.673179786597956,-0.481883149061092,0.0204176595491046,0.017876515192056,22.5,0
1352.0,-1.03959030407373,0.245659302813494,1.23230579664826,0.371132573186026,-2.49535576503337,0.841093847446629,2.24831091593068,-0.502783939136985,-1.52271384836947,0.229856661055331,-0.83924002973247,-0.555521341485515,0.0852383401646987,-0.18217076835193,0.431638282940191,-1.83380180155948,0.278422564552863,1.1680069877529,0.0497950394408854,-0.708144956232266,-0.633342764656603,-0.918927578313295,-0.137991511085605,0.356231465911781,0.241930748396894,-0.384027638257617,0.193304199472639,-0.102720339134052,479.08,0
1353.0,-0.476553771893942,0.884006976113371,1.42711229954912,1.32311381076116,0.169073804166162,-0.0129027110437782,0.498654241797144,0.169889071828359,-0.141048669220459,-0.0700688260899994,-0.791439360575615,-0.360932809596727,-1.13583539184927,0.21616333619374,0.328498472114329,-1.17620379594886,0.687903918293207,-0.556141186210714,0.730395077859421,0.0988836660769493,-0.0377179573972733,0.184445978144741,-0.11813766698288,0.0711723957070056,-0.118801294604153,-0.220408860296518,0.419341130484431,0.204170035217454,11.45,0
1353.0,-1.48175986319884,1.56651773647939,-0.507326379558534,-0.0108145541754897,2.36717774384456,4.04525222911473,-0.243856586400862,-0.107668963952188,0.195233002910959,0.958633638461615,-0.570233016050176,-0.0650079971351165,-0.228434051529741,-0.121068609649397,0.198736159395609,-0.697126499124121,-0.134695021548571,0.164862847236222,1.46303228378734,-0.0181807575475763,0.78449120311764,-0.423220988886404,-0.108265965197682,0.997294133941293,0.0535651130443386,-0.335735685985077,-0.642841309793626,0.209980217556903,6.54,0
1354.0,-1.18929312444306,-0.747636991407764,1.06471172787621,0.862308272387059,1.60591893026114,-1.74642582599766,-0.205203912078362,0.0467586410580997,0.199540612879093,-0.391552026879809,-1.21986781778708,0.0161632220841718,-0.79474099086902,0.118012174658194,-1.02610713475608,-0.296757601705315,-0.269948934439718,-0.296595571000476,-0.591338031368826,0.097454052239634,0.172413373616898,0.211261369755321,0.304279660352488,0.363804832557527,-0.725849439339748,-0.686207435297037,0.184406144630396,0.263225108614383,4.38,0
1354.0,-1.16090404360803,1.4554176274991,0.893347879744757,-0.988920605999548,0.2733098533598,-0.435557639567072,0.782337974199531,-0.007874362232195,0.52356519232874,0.238505087890605,-1.28934338777238,0.223189594466202,0.684741091713785,-0.505412640889338,-0.266973229401635,0.142139131946504,-0.662088983204338,-0.441664460330808,-0.0019482679916874,0.469895199442623,-0.330596020751288,-0.541718359583397,-0.158504626272085,-0.418058422986051,0.0737854681546121,0.356136025837375,0.62164219781802,0.356909684688975,5.0,0
1355.0,-1.72492809792185,1.87747108108376,0.433236779781736,-1.00296179718023,-0.0590301810617112,-0.524864950934521,0.385128104374605,0.434745463449571,0.547897087773327,0.327522904928005,-1.41513623040698,0.39607947002572,0.745998128648552,-0.258355456538902,-0.291759075309407,0.240655664902388,-0.5010851244894,-0.420360534018077,-0.0373353901519588,0.49343902581904,-0.315926767302689,-0.577280577073256,-0.10484097645365,-0.422630560939001,0.146024521277953,0.362495964793152,0.598674908099056,0.35571804154246,1.0,0
1355.0,-4.55454496331659,1.41986650888338,0.212261697083548,-2.34155318732403,-2.62382072365445,2.56634517290997,-4.53310174477275,-11.2851049029528,0.743721007005504,0.41401894798357,1.41462402907454,1.19726536584618,-0.854046449592349,0.46566616064001,2.04728460279588,-1.52704904676016,0.580691308242571,2.30506001065873,0.0481659921223991,0.635598399942833,-1.18451691074884,0.905380031464202,0.594791522232866,-0.0296506697217035,-0.615248986466762,0.153998857829421,0.186241906630524,0.653323602387755,200.0,0
1356.0,-0.708659051326077,1.36057285362907,0.704554096002038,-0.103318880903186,0.069847426157076,-0.72813343540472,0.723974025656942,0.171745587306504,-0.84524638872153,-0.632980672203175,-0.83936199562557,0.457526052802984,0.994488244462002,0.399958558126277,0.509658254652196,0.290171882000651,-0.400610700201154,-0.598574405797107,0.419263239626244,-0.121716221908326,-0.34082335427788,-1.18194142726382,0.202594326585622,-0.142190735941813,-0.68422850661324,-0.221155373743189,-0.139790154702258,0.0834031612832774,26.59,0
1356.0,1.05746967717017,0.003262976872745,0.339138409753783,1.44389590536851,-0.241933478896643,-0.17794331818383,0.115969777116485,-0.0090370991436042,0.343911654611888,-0.138780695783567,-0.60124172428695,0.3244866088921,-0.513969473108727,0.156654027120201,-0.0448858425620438,-0.698286838387976,0.288489621887084,-0.919799601606462,-0.383340039690906,-0.103442205179037,-0.0726621464028893,-0.116412876832178,-0.106483709268093,0.0742451596651277,0.629170862034249,-0.316821344121221,0.0269675288853603,0.0247003812480776,63.65,0
1356.0,-0.703267986331445,0.868362215187728,0.704652550199587,-1.17906131062836,0.670280829562394,0.376444069795711,0.531071565576914,0.296675881188154,0.271494621325864,-0.14287362530086,-0.797831562540526,-0.544736821095179,-1.39657319969716,0.20690604970058,-0.6950427311212,0.741500147841931,-1.0954261249762,0.639985613802722,0.698222125284873,0.113304429985713,-0.303108098199719,-0.725670753382011,-0.27757645779095,-1.41239378577082,-0.0133026572390001,0.392035029898461,0.393446609305707,0.210144327994034,5.0,0
1356.0,0.817889546477459,-1.10314911534475,0.777374487756624,0.158437348529475,-1.08019410196564,0.626879258656257,-0.70373960075882,0.392162261309239,1.14552615525641,-0.367287286721758,0.608367142989816,0.542345366402129,-1.36951511371364,-0.0474164061164094,-0.560242493860244,-0.0357895904165079,0.133849375114629,-0.287890503653474,0.475019563381887,0.174784660716603,-0.0880371640825604,-0.445073849575744,-0.0774739976115102,-0.248966138581103,-0.0303067878686143,0.960999822347895,-0.0624135861929613,0.024360618788635,179.16,0
1357.0,1.09142477344599,-0.352774314718845,-0.0620792101248191,0.468060810777891,0.0949700037469758,0.75219197355542,-0.207139993468417,0.267812127728823,0.436171087679093,-0.0681726188641686,0.0289214102429383,0.290438884209367,-1.0062061322657,0.31661405644908,-0.446317061962311,0.0220143214635903,-0.301064481986278,-0.139058555464806,0.574724194607105,-0.0285450341755136,-0.199321191111886,-0.599532464106838,-0.163203181908564,-1.13066812645298,0.444655187105553,0.349555464838472,-0.0316031510975922,-0.0025244854421645,77.26,0
1358.0,-2.02982240783232,1.86686856707923,0.604924258880996,-1.31079544033143,0.571774150065893,0.386385069667189,0.331670445434996,-1.69433135696686,0.752594662767282,1.17571557097671,0.328246754071164,1.16424307993378,1.19217613010439,-0.717345063101044,-0.97769624713911,0.313715082186899,-1.06455461914743,0.0590047178807055,0.370919376936602,0.289391253780335,1.1346807714603,-0.941046659611297,0.0667334551755095,-0.827689427063256,0.184809812561693,0.341179084970982,0.543111346523353,0.173461522965784,5.0,0
1358.0,-1.26595564055958,1.29289599736826,0.244322587075535,-1.19361162065359,0.335996121531854,0.288527161586815,0.135064165752801,0.738729248722751,0.295976721144777,-0.0536749029370927,-0.923443383506552,-0.371949981892573,-1.33533251507698,0.453693284441242,-0.71970382442256,0.840314166888632,-0.934543972608192,0.660886789034991,0.663043243177183,0.133753466959095,-0.289444087206927,-0.761085764980048,-0.226402582885358,-1.41674492931372,0.0585505275756134,0.398471227375575,0.371640896663775,0.20846448152543,1.0,0
1358.0,-0.368093133179396,0.193260764348145,2.09464380752499,-0.398079691894284,-0.746666182547023,-0.088170402583246,0.0352171232543229,0.201767252819575,0.326741407124843,-0.692417987124659,0.959855590344775,1.34878736463035,0.377246569518984,-0.531343173406192,-1.40181792100378,-0.13186822841589,-0.0868807840410948,-0.078261289742231,0.801954260628816,0.0708900414304161,0.0061465680606993,0.198105715298404,0.153753236429489,0.617062858362261,-0.994865602782797,0.758272087353042,0.12847447361533,0.175824159186699,37.73,0
1358.0,-0.589153288421997,0.756574341561263,1.34856028956124,-1.48967017903969,0.0462954472436991,-0.804691987327843,0.780204742493069,-0.330465093094211,1.06825059462539,0.431670985672937,-0.99652518571521,-1.23134258332289,-1.62451425956496,-0.340315198997066,0.828246673748578,0.67604764848634,-1.01763740616785,-0.0807792008885377,-0.599915455226578,0.317143261738045,-0.324496751807276,-0.48602217178527,-0.130672465586217,-0.165253917422233,-0.189634839098896,0.713831692479057,0.0465137554426992,-0.262554871356314,2.31,0
1359.0,-2.5906414455474,2.29356122498772,0.143641655207774,-1.32625684097856,0.230197875669681,0.303366492562187,-0.0560971627767706,-1.25211270666247,0.775707366933094,1.26296692722489,0.202416275252306,1.33591184409754,1.25336197753139,-0.470803189125424,-1.00283102773139,0.412502177020414,-0.90395753265862,0.0809316920264554,0.335607008678844,0.31353690331923,1.14931208553889,-0.975019628388491,0.130625658995021,-0.832881547113301,0.259559797892248,0.347719727030056,0.518751098089648,0.173187242664214,1.0,0
1359.0,-0.653732099534761,0.728181158861654,0.601161795207762,-1.62542496397304,-0.463195047453569,-1.41720899123981,0.446966705276186,0.276417385775418,-0.0953557774513465,-1.29919128038608,1.46827683580195,0.760297347188255,-1.01368489630721,1.21977221139388,0.910020849732553,-0.748165501913576,0.283051258922485,0.135326640248889,2.02185208955815,-0.0565423669346534,-0.154183094193267,-0.652723847482031,0.0886421366334508,0.513121711001769,-0.411220996332624,-0.279779401328956,-0.0287933880880102,0.043671835802985,17.39,0
1362.0,-1.23036607698818,-0.16111271011961,-0.0473791912898396,-2.1540592064816,2.96551142945784,2.74330465608999,-0.203573406179721,0.903027754977172,-0.20671038135393,-0.480032985085883,-0.161926697542225,-0.232816901945569,-0.0752218249808314,0.152608767875166,0.827573705441316,0.747382446401801,-1.02956886535622,0.0260583820532086,-0.0888595413523769,0.253658596926598,-0.148673017470567,-0.667846470892711,-0.0500432832847202,1.04312351012078,0.587574547592152,0.90912713861769,-0.0627716529028265,0.121454248857321,14.9,0
1363.0,-0.367520708159454,1.14280204073328,1.43544801739018,0.139377686174524,-0.110485838705511,-1.17610086208416,0.715023285479103,-0.0985378447619896,-0.430895532197702,-0.512847970306706,0.0967836536402878,0.0810627214948955,0.157625168257374,-0.428793659309915,0.859549261536081,0.282299184129258,0.121801843171025,-0.257337741494606,-0.214264416545929,0.108428404772576,-0.241371501594782,-0.621587331994648,0.0225121964101113,0.663185215208242,-0.201086467508053,0.0513830349436284,0.246912539153364,0.101869381893503,1.78,0
1364.0,-1.1960186788432,0.648529343027811,1.06188605333722,-0.745839512345839,0.446376480085395,-0.374308820599098,0.603439512777486,0.0453791591403031,0.586971040424624,-0.274362170771351,-1.82408395624963,-0.576468009149329,-0.839658918904059,-0.253425962183771,-0.503879832232903,0.096823616098901,-0.456610652650199,-0.25986867498506,0.297643354059897,-0.0311029348018875,-0.342214026662967,-0.57026514680929,0.0136054085932159,-0.581060364462848,0.231807300698984,0.448944583187055,0.32861606908809,0.161309262864422,5.0,0
1364.0,-0.769546835122188,0.882482282595322,1.98498579023756,0.98715667933849,-0.260967486985689,0.329473889876058,0.0457834698897434,0.222629017155733,0.391435258443141,-0.0506647145420788,-0.736044137803565,0.0564783718450669,-0.257760448188022,-0.355270193627065,0.483264670177952,-0.789557322433622,0.344012146381606,-0.184852266145065,0.212206226414381,0.0553464163681398,0.207555000755347,0.896857321232079,-0.190288971954866,0.110994150837308,-0.137128123569292,-0.164592866966232,0.175586121489521,0.224659480715936,2.46,0
1366.0,-0.722356943204629,1.02917787737581,1.08447926382227,-0.863463722534207,0.279742091121301,-0.437384858625304,0.734814366994853,0.0231871401885736,0.29032647415436,-0.347828559454748,-1.49726806750835,-0.306320536580167,-0.278796518473263,-0.172717921254785,-0.190989010961466,0.229203676696685,-0.588624823515574,-0.292374825158115,0.0649893223825746,0.149016122452917,-0.282505841518604,-0.575762018143996,-0.170050898891057,-0.448930531790493,-0.0620815088359699,0.350951655784841,0.406299113471132,0.23177189260001,5.0,0
1367.0,-1.28504459743276,1.45371165955634,0.624149300698221,-0.878014032559432,-0.054542616909239,-0.5253017668342,0.338806967170741,0.465240507723171,0.314808573973272,-0.25862983709098,-1.62287988847437,-0.133533697377561,-0.217555833853086,0.074069313485877,-0.215650104262827,0.328017695743387,-0.427742671147569,-0.271473649925846,0.0298104402748836,0.1694651594263,-0.268841830525813,-0.611177029742033,-0.118877023985465,-0.453281675333385,0.0097716759786438,0.357387853261956,0.3844934008292,0.230092046131406,1.0,0
1367.0,-0.183549054192979,0.846339329276431,0.770861336536382,-0.0787663234409339,0.618272646020743,-0.613899667821685,0.818832602364339,-0.0336976498957698,-0.573368940053663,-0.300254350268463,0.685150353119894,0.628658491766938,-0.0168135040175576,0.430741365655002,-0.611089955862655,0.499887739814941,-1.14530717308653,0.54215949593689,-0.623129187072669,-0.198205676092495,0.251105687030782,0.702443269643584,-0.0502764739707305,-0.0013634133596016,-0.791701549121832,-0.682876010468141,0.224821913548071,0.223322927161563,3.67,0
1368.0,1.36866949324029,-0.816715577511202,0.272572280220881,-0.734466347991388,-0.90074544750256,0.0027861322934831,-0.85462427783565,0.159652813722198,-0.331522422067779,0.687007752086061,0.0989031049441323,-0.775332924773099,-1.53228758690441,-0.0356561427552516,-0.874880265786077,1.18948158374532,0.189193280120694,-0.810858190017426,1.54877249732664,0.0105077666906675,-0.100375816713355,-0.357810850893299,-0.077421613233955,-0.52969139665128,0.459167588252772,-0.294802806756449,0.0024266273859815,-0.0020264329061595,24.95,0
1372.0,-0.96174708451517,1.07403318432515,1.46595282290359,1.11482598593975,-0.0012623083609367,0.375769927056921,0.382776157380295,0.314896836912117,-0.0007767439077654,0.504837831161553,0.742312986332445,-0.457154819005895,-2.59838702511921,0.505083981293643,-0.137611930590365,-0.983663298955755,0.485137725293212,0.0687131995632955,1.07257978410601,-0.0009884747010368,-0.0665587460587495,0.137917568707866,-0.256307968299714,-0.0208980148842461,0.0170823323332439,-0.263690253254776,-0.345546224689617,-0.358687741791875,6.4,0
1373.0,-1.86756571744943,-1.5168253950615,1.83245730632265,-1.25681389129655,-0.660334122883715,0.389045765953873,-1.23795503186851,1.02646078529707,-0.372089480161527,-0.540229313925603,-0.0691023100024144,-0.309358906968581,-1.39722329837782,-0.438036202790339,-2.19986382419381,0.890305038448648,0.748599603710003,-0.907657762082405,0.324794011257553,0.328733190124939,0.503358925907735,0.925008432761725,-0.110398473030605,-0.270427848184473,0.270807666145532,-0.126040563837762,-0.0171687046066516,-0.147995711118729,104.48,0
1377.0,1.31538387699411,-0.0441603921647813,0.0308032123698733,-0.374107565444274,-0.182137424565135,-0.369705351839575,-0.156686154242736,-0.0257482371593314,0.0805816567961741,-0.0137106304449827,0.70545230463624,0.514829393171799,-0.0492719499839643,0.424812740331183,0.518458965614321,0.702796137108281,-0.842470264929007,0.29217744901714,0.673588579137652,-0.0469342363346336,-0.115441770381558,-0.354744701208685,-0.0659177419891227,-0.442702024614659,0.313711398545342,0.995330623698964,-0.0898878639697449,-0.0155645941910695,1.85,0
1377.0,0.920251553008429,-1.19482644801961,-0.655345455249073,-0.782560834845424,1.14954180468403,3.93684161563862,-0.995843448679496,1.0076877650451,1.05452954677822,-0.474775660007314,-0.56716282115089,0.40204508077614,-0.0541422617022312,-0.370908231212668,-0.0911362485634442,0.230326864249324,-0.348911357008461,-0.155882439484938,0.780850402616313,0.410718727065334,-0.178586047110905,-0.813214887487862,-0.113357561384826,1.08653367436775,0.229357649064703,0.938714943119698,-0.0653518303521147,0.0387761125495763,187.95,0
1378.0,1.20972758732556,0.579322789874188,0.069218223197096,2.51396590238724,0.0126128313775408,-0.892993050522056,0.443577877587871,-0.172663850446097,-0.752470124969733,0.791759238330631,-0.872963543237817,-1.18526987566267,-2.04037055000773,0.920843127853232,0.426523490623219,0.423459397932867,-0.361230382877387,-0.254470620383585,-0.877090284391924,-0.275755483711554,-0.0323518106525798,-0.231148210097617,-0.0886640614895062,0.329877583301081,0.658410240455272,0.0744554833343064,-0.0545336748145038,0.0073490431303754,12.33,0
1379.0,-1.31183798654142,0.325574306092352,1.61045515555559,1.60361515547481,0.515582588443362,-0.740860322716201,0.0194483651768362,0.0674180286071226,0.0462102697148543,0.254919852039316,-0.276332626022021,-0.130446596039985,-1.18801212582047,0.172016905903776,0.368972421626591,-1.33899629294115,0.87097867485138,-0.772546837407837,0.584369468359106,-0.126546469602159,-0.0369560864722955,0.232325456495119,-0.189234833839909,0.613824632020768,-0.171096839375836,-0.261469756148761,0.194658307316135,0.29447114410786,4.49,0
1379.0,-0.715606083405599,0.513689238785275,0.961014765399873,-1.19839417145114,0.583520617089756,-0.829520213660769,1.32061522981427,-0.43936928175922,0.0476547420561192,0.408184496508076,0.911647625180147,-0.263572031931531,-1.24797548075721,0.12361178828544,-0.288852903348067,0.342059917524482,-1.00053269008845,0.141951283714428,-0.0564684774044852,0.26024907266052,-0.127502253623934,0.0589322593363871,-0.101982668361407,0.0200720429705018,-0.306187562326247,0.765074716136409,0.0496699628295537,-0.194371269491497,48.76,0
1380.0,-1.50178763996356,1.16264359760004,1.14545380349912,-1.53436355975249,-0.715808151745012,-0.987540105991697,0.437773329322262,0.0860343826441518,1.39439440340081,1.34498876766661,1.10824270292888,-0.928590508920056,-3.20271810062817,0.169933443331853,0.248482413025299,0.752449060670559,-0.848062734120141,0.32471305736406,-0.671094335661957,0.505556081092236,-0.290013145365533,-0.437872559658012,0.0831627073804451,0.472637830895353,-0.170339846148277,0.698725042763712,0.505433320541689,0.179971709525598,15.38,0
1382.0,0.956071231995512,-0.408414848782156,1.23396182666296,1.56816188869788,-1.3662360792336,-0.456457499596568,-0.551829362908843,0.129039001747284,0.968104466980737,-0.0697606126403082,-0.740679566858063,-0.559627110299148,-1.82972607864724,0.154377119924429,0.777185568731327,0.289919278385534,-0.192248230998323,0.345667167247142,-0.62634159948211,-0.0688664138623499,0.181774373745797,0.386717546429402,-0.110077753183864,0.693872399555452,0.363474514750643,-0.26695308309162,0.0376892326607077,0.0520562917031674,102.0,0
1382.0,1.23252030002253,-0.576552595018943,0.650583108319498,-1.75898602827878,-1.34521550122191,-1.27938367592264,-0.381415722027025,-0.22066141661514,2.29659638981616,-1.69743678279842,0.0140009552706604,1.70963784393053,0.911825696703345,-0.363887495022269,0.95765657830316,-1.34882631894794,0.271069803971452,-0.0314353358482952,1.07244378545721,-0.0181522075151226,0.154317471123108,0.847685214284509,-0.19319538259495,0.820843519297546,0.805782037621024,-0.623072812473864,0.10074702412342,0.0340213730080944,22.74,0
1382.0,-2.00605360931797,1.06509350866492,2.46215558322432,1.40249482241031,-0.723036610886774,0.151776582305966,0.447397520249442,-0.695231864969085,1.87172901054399,1.23578031326568,-0.861189399204112,-0.10315627871721,-1.52239752738082,-1.4607755801743,-1.53020883727577,-1.63493668113481,0.713979107199694,-0.843040445379357,1.26207361010232,-0.363358189312692,-0.27091781354849,-0.488208396670946,0.0714015534187806,0.882623999710538,-0.368854709176453,-0.726079776380086,-1.90881014272996,-0.217978112007991,11.84,0
1386.0,-2.56196430334835,-0.464930680562455,1.43375117445508,-1.21920041733703,0.586426840599061,0.892221812058956,0.322053873092609,-1.01016839559876,1.90458187665101,0.360542040571793,-1.82304653996149,-0.446112168629908,-0.33373607102768,-1.45238037945374,-0.373535590562759,0.0692712425887868,-0.6260745794668,-0.623047859328979,0.0251816149719757,-0.388568686338149,0.135599688450427,-0.611119506052964,0.223339198535784,-1.28592909081378,0.141065104315129,0.807816929560258,-0.762948400618827,-0.349157473803458,61.18,0
1387.0,-0.247634869688108,0.367929888904291,0.853268675571959,-0.727000726890593,-0.107908721037096,-0.22037710796592,1.06446481188875,-0.0006308417559586,-0.751445285863326,-0.552050302076081,1.73568164963914,1.13703340068382,0.536816218583375,0.362532512874696,0.193586929151093,0.0230577624481143,-0.266177979973689,-0.851783578383665,0.324952835117456,0.232123533663041,-0.268825004558442,-1.04094236076188,0.556684643695212,0.0040713886942687,-0.876036305973275,0.444537416357793,-0.0650310481330267,0.0249967670489961,126.85,0
1387.0,-0.779631566189622,0.962096807751904,0.939397419442645,-0.256240399512609,0.996237107636171,1.23573322760756,0.314054422202988,0.495536973672534,-0.200377439479131,-0.468941927057786,0.387837859025131,0.0084134189207099,-0.202258331308279,-0.340213712887167,2.06189879671563,-0.7883050654586,1.08516958557441,-1.94102010765951,-1.49432395933426,-0.0664847549197473,-0.138548849435713,-0.28316296389201,0.127714682210071,-1.38519477526423,-0.450078029729195,0.199346603773243,0.0381737253356226,0.0872776632334484,0.99,0
1387.0,-0.265718643885989,0.970980865209697,1.32893822322391,-0.117593671716976,0.398389900317525,-0.625176747092976,0.771205692112999,-0.168062330894043,-0.640116018150668,-0.50199760582751,-0.68847091620754,0.47247944631884,1.40569959372648,-0.0800467423323592,0.666843598713341,0.268363928308281,-0.666913747716026,-0.321107232919147,0.2208780852284,0.0493575359564656,-0.146130426769901,-0.40440861813732,-0.0180696973521478,-0.0939189962969694,-0.578626662192322,0.0081513769870126,0.122335053120911,0.158807698401787,1.98,0
1389.0,1.44774299046215,-0.179019457068721,-0.168095055830135,-0.67232730610865,-0.49418447184097,-1.36009804271623,0.0778092046780889,-0.497075058010693,-1.38456192159707,0.640817766482575,0.0278428899146775,0.196594812341704,1.65300188957158,-0.1903246011781,0.255468650616466,0.65663554844748,0.318128757163926,-1.78709079480322,0.626583803529369,0.166289840740019,0.208388810198841,0.607767723811542,-0.184150789445616,0.477401912057684,0.845254584332263,-0.0903288377870045,-0.0191384041766291,0.0054973560114153,15.0,0
1390.0,1.1051401853603,-0.301951947049459,0.410208533653807,0.825799030573882,-0.816901121271125,-0.754498401450355,-0.0774279583560284,-0.0435830285251266,0.77369303522661,-0.180444953173026,-0.991188597248846,-0.587068079537605,-2.02044301346184,0.336678591751946,0.025795606674517,-0.173842579057291,0.161509695878972,-0.479756034160158,0.243783673510538,-0.105208160054091,-0.218370536499644,-0.697759492045684,-0.0172874536192461,0.384808222354796,0.338868394389212,0.373935348209762,-0.0562139715678118,0.0187749800347982,74.22,0
1392.0,-0.969932071798346,0.80820330999872,1.66804225128608,1.11679746771715,0.528043711749706,0.542457335040547,0.358496868236438,0.228694372163046,-0.533509598861747,0.0170018596346496,0.710542303211696,0.297777045224297,-0.91429048604665,0.290516838128008,-0.252316541666526,-0.916060273146565,0.341432914528924,0.0002854151899363,1.25793155157337,-0.0193989919131113,0.0122166983662549,0.0785643563688624,-0.345593615044742,-0.298420741966321,0.426561355470454,-0.152631788587598,-0.210270044230106,0.144746683003927,5.08,0
1395.0,1.22850663342373,-0.070446398793429,0.198873302289679,0.462774575061237,-0.0223665101027066,0.348404999798215,-0.205867878400391,0.109798131850674,0.32338110643874,-0.0515292858785249,0.0351986786388791,0.888363820598057,0.267388862618605,-0.0198086664189436,-0.771114454340774,0.344475994055915,-0.686274108843318,0.132895532850064,0.943361129318268,-0.023365690172686,-0.311209270651255,-0.789218671700787,-0.0973075512759092,-0.815626177826711,0.461913494165308,0.233448324146034,-0.0227192664395615,-0.0015702220552525,23.95,0
1395.0,-0.792839369087318,1.09842403509282,0.617479132641594,0.707670168991355,0.940218751346935,-0.439779897730709,1.73584331278293,-0.728396902403134,-0.135613826747238,0.92731156976663,1.61619226343289,0.161856239171295,0.14446559962273,-1.38200292724275,0.433858962586313,-0.0713453873414164,0.0012034443637783,0.897517067565052,0.688854907329455,0.629017074215728,-0.217902344289264,0.272610293762688,-0.230940970830165,-0.0796056853249647,-0.106818590218188,-0.42259425055654,0.158895773264595,-0.223085833840655,92.3,0
1396.0,1.17245282137903,-0.726810380624119,0.525916723990432,-0.590662451388919,-0.413963220272634,1.0393753867819,-0.832431409865761,0.374407429697576,-0.570824998299967,0.279732600221489,0.756216125740954,0.454836765677277,0.485822507386267,-0.440006868518021,0.513417165166333,-0.811629594233763,1.97053179937911,-3.89013955997507,-0.740980549096048,-0.0530244965467796,0.130028740817424,0.632159511302077,0.122446508182542,-0.59328445661898,0.216147045789574,-0.138316750405064,0.0884092394151781,0.0040402426021385,15.9,0
1396.0,1.00871949078572,-0.369010327344204,0.963840688281081,1.39865407835092,-0.966958409494323,-0.0480336946405678,-0.521039547323121,0.133200496812719,0.908007929657509,-0.0886409331699392,-1.23285541999664,-0.408997038523522,-1.00137106325654,-0.0282241889301133,0.749296600588301,0.456292807494546,-0.481961978482813,0.481919986022819,-0.372172003362419,-0.0053249068345693,0.143648324743516,0.319594394670252,-0.201544158420691,0.0267458667660002,0.47965466159477,-0.226613020424875,0.0418015929416914,0.0462795553993976,100.0,0
1396.0,-0.435134882582405,1.05236465703689,1.70115083198148,0.0454533489078352,-0.237642905159522,-1.08652049344395,0.707927795021121,-0.0836766147432223,-0.407626484595442,-0.310449668297426,-0.118465332031586,0.0223088541406072,-0.0935315785807301,0.175111303789956,0.831464555914779,0.106257812134945,-0.270513554399458,-0.450858693373524,-0.108854861526032,0.0814789603040873,-0.207423185210253,-0.539937870638948,0.018739862319267,0.690596731636919,-0.240054261442514,0.0511975017463586,0.265371189877132,0.124135459351438,2.69,0
1396.0,-1.03281642135466,0.641670317246506,1.42109992716315,-0.71424386580373,0.0771347063884918,-0.349414036537679,0.502999749360276,0.144357933446231,0.240660095257535,-0.297745422486377,0.321254410975145,-0.023138080265722,-1.67661101056436,0.150327561854617,-1.20394330959868,0.131932051291494,-0.42894647597165,0.110803531647531,0.363578971010255,-0.157567102983019,-0.181255855752883,-0.388225808453584,-0.0512802921824883,-0.0054366332971435,-0.0061631981810548,0.368105734072987,0.0410355369813364,0.116294043228433,5.0,0
1398.0,-0.627588668201643,1.34816957621606,2.32934806207528,2.15540465848226,0.180681730017408,-0.100331802069398,0.773564662510485,-0.2769516347919,-1.10424218817759,0.762644071582285,-0.478249331471862,-0.380348741820571,0.351297738870594,-0.219652324319172,0.846850910487342,0.368813457440432,-0.558734295891147,-0.0439386736056966,-0.182329395108272,0.0714045467840726,-0.0273123451803194,-0.0482665341771003,-0.17309577151711,0.376041347078885,-0.217832363310956,-0.106502617894674,-0.328117035166425,-0.098808579745106,11.72,0
1398.0,-1.37988896403895,1.40968352210612,0.84837342492207,-0.741552413228883,-0.25364224385003,-0.562808005713122,0.327013867677656,0.484952327531167,0.427126377710403,-0.334007243760784,-1.52035614513954,-0.077853953395795,-0.523705494781682,0.000425061928444,-0.633818267658069,0.0438387962035528,-0.139696558816777,-0.41615759707366,0.0550890468510591,0.150467985700147,-0.260693801736136,-0.533448377194991,-0.156094195089831,-0.128694284752147,0.196493164069729,0.423270747550727,0.36714055284391,0.215510882049269,5.0,0
1399.0,-0.179570206533201,0.859903582060759,1.00297265887467,1.27136922784257,0.26375839284145,0.387479679462766,0.613968882301523,0.0424052367090169,-0.176548270618382,-0.129193031439906,-1.08254083992189,-0.067668968338124,-0.205440507770657,-0.0099405566772765,0.265100794186607,-1.01957568126796,0.426440736759252,-0.517556194305057,0.874129638693717,-0.049798574157372,-0.0201836218030395,0.158790309416829,-0.131973606804972,-0.419513255216033,-0.118794202026475,-0.234293245792462,0.0062742062305846,0.0528725724266528,34.32,0
1401.0,-0.0427015894542016,-0.393962955832324,-0.374632731353376,-1.64112310778805,-2.21645498826766,-0.0448187661989246,-0.321043485386749,-2.73695929239141,0.375985175859613,-0.12653553018012,-0.37708378287008,-0.480085966918213,-2.05454593160023,0.790046845150636,1.43646784961026,-3.09530518416986,1.45874511893038,0.742129625306711,0.53394731251695,-1.23949051346113,1.88664618853118,-1.15206917555031,-0.688249156828653,0.439788954043653,0.073333525201967,0.212931607000819,0.5860301481311,0.196739192296867,333.84,0
1402.0,1.16749086564879,-0.0145375427303637,0.791352754127262,0.393638975146927,-0.400196842240567,0.265557881454243,-0.511405682005192,0.22594959222524,0.0956688240247936,0.0342965896405217,1.35463250237352,1.0412532695612,0.421596135539867,0.201720485701748,0.854783415578096,0.562058495354261,-0.653706676868811,-0.0114860440687861,-0.268372258296937,-0.0835797183403529,-0.0274878848503208,-0.0542874513081894,0.0676028079458732,-0.286483477130288,0.113202936537801,0.245470399924805,0.0082203435988513,0.0097489694694045,3.23,0
1402.0,-0.0180662497548388,0.64040901084713,1.09703313526674,0.235096983627181,0.347752704887873,-0.411685510575657,0.552635153567416,-0.240130699358083,0.0468194505782459,0.149082408188989,-1.27268992306202,-1.19587069406633,-1.26123121725743,0.221229211414629,1.42422114655055,0.198907820067407,-0.514758246855294,0.145186714455916,0.961227588533103,-0.0233064716258482,-0.262232129929961,-0.696157886652081,-0.0442944280973463,-0.504117310637944,-0.647640403193697,0.108582851061397,-0.232884442348377,-0.169556253242525,1.98,0
1402.0,1.13354699807996,-0.76008490376445,0.728058499510012,-1.40909884488632,-0.992751102787757,0.163484770792796,-0.815753861284071,0.271776176492454,1.81344778613753,-1.11237111132146,1.12700735688123,1.50471852642247,-0.0801255708301946,-0.116339207220331,0.471512072924837,-0.581087982437972,-0.0083635841962238,0.0864253803043261,0.940821534996567,-0.0349734151386965,0.0018296005828136,0.231610307443596,-0.0672785981474816,-0.239733971716184,0.317102379948479,-0.0071950509003018,0.055127854702884,0.0140877968367422,37.1,0
1403.0,-0.657065612313695,0.759619011573901,1.5313209163729,-0.735322784890269,0.116701566800915,-0.278326909915013,0.608786225640678,0.16678947894436,-0.0664894389353458,-0.559763967493522,0.471846994080256,0.525406099197089,-0.658199871034996,0.0253594840049109,-1.34613154958751,0.0971959078598421,-0.468927961841805,0.0015307538658239,0.331979838689459,0.0192443504410101,-0.174547479368685,-0.323149259998333,-0.209850454638381,0.0185111470696213,0.0155212847312393,0.382076048955736,0.276098196199076,0.149250823586457,5.0,0
1403.0,-4.16987854278261,-3.10328482708667,1.89554640714204,0.46040690830408,4.75420358584854,-3.4350227111418,-1.01955788920582,-1.72509829303518,1.32134109896008,1.6053932754038,0.496525931694453,0.329306384415098,1.06273793125155,-1.97821839360627,0.908051433793871,0.432836124362731,-0.988789429170653,-0.857102594733784,-0.453676090450624,-2.4473065438515,-1.22298067795542,-0.599160357339746,-2.27253595827559,0.628432362760978,-0.805342767723143,-0.24501489546344,-0.441132622054128,-0.88769292462869,16.0,0
1404.0,1.16220043491559,-0.793072455259464,0.707449063584881,-0.659304445324775,-1.31601071634558,-0.713437915190306,-0.616543661518896,-0.0724239828802661,-1.03286696494014,0.720384853224567,1.75280015804526,0.428949528099957,0.53978059462835,-0.0794675904206367,0.158366189770381,1.44603021201498,-0.0282522990189178,-1.03004736312465,0.703514727680077,0.294323614830903,0.116895589654059,-0.0008300227874869,0.0269393679883084,0.549120784544488,0.165753064899869,-0.452973919147013,-0.0007094895010385,0.0334058447049075,102.0,0
1404.0,1.53163160957859,-1.06540215578685,0.106528290062876,-1.62374311897759,-1.14669208977887,-0.247729458665383,-1.06732080874029,-0.0186292159296598,-1.96020508697966,1.62757601433631,0.382764008651085,-0.772645543508612,-0.0265399107200612,-0.0435792656669992,-0.0091406975838002,0.063200866443362,-0.0085438935353313,0.794618534379831,0.359721725583841,-0.325735376504475,-0.222844985799547,-0.310997814294067,-0.0742731646946234,-0.536037647957464,0.447156237915837,-0.170538853171738,0.0210211884566236,0.001381954652832,15.0,0
1405.0,-0.740248500144135,0.969781512498319,1.4557298210182,1.02989660432613,0.165567210406212,0.828861365170282,0.984498302527011,-0.0325928721681983,-0.243960969955978,0.411921857979482,0.821260750735825,0.278463318283727,-0.794676956158079,0.013201873724198,-0.285368494350166,-0.975461292441176,0.185393380287977,-0.0478864921256929,1.18425217916138,0.110437469137401,-0.0844073887336064,0.220476170599897,-0.267584609065023,-0.29449963537834,0.141757916684967,-0.218342797664665,0.0087882264864663,-0.100369960628198,77.7,0
1406.0,-0.897764656864088,0.943783143365711,1.56301378816997,-0.714288882540374,-0.108452682393214,-0.481893462695692,0.60311857525828,0.161311966177014,0.117974617320633,-0.248991768063107,0.771929144962632,0.583928091662868,-0.828528257034886,-0.003549501894572,-1.34319079506787,-0.0146174924196166,-0.351284738618802,-0.109868374180511,0.177978183106827,0.122368223488191,-0.186294880901938,-0.292764773499432,-0.162413149990793,0.343572563225628,0.018085727323646,0.366588963613372,0.382679447598778,0.214165573210002,5.0,0
1406.0,-3.96562271286613,3.07592364850594,-0.631577101227187,-2.83497653785006,-0.719600710281891,-0.310427040501542,-1.2665904760148,-6.39094000171396,2.15189585990222,1.39205887954946,1.65612269859478,1.45084050012194,-0.639590121918154,0.254250763487797,0.320821979365419,-0.731976672943616,0.0474681466147157,0.264720753646012,0.584135731865086,-0.710293884283696,5.881404868533,-1.6331299115319,0.881462667664483,0.45047653889205,0.246250325149047,-0.189721351487794,0.286569581225438,-0.414996355337776,4.0,0
1407.0,1.13362030321227,0.0554806010408362,0.362290228234933,1.42160026280619,-0.29490137967099,-0.216857440085206,-0.006971928715934,0.060007664710126,0.505080683971922,-0.0898852829632042,-0.77805307422664,-0.226781892117205,-1.55451765316883,0.353310684474589,0.0634933280745837,-0.655060492333253,0.34636527641435,-0.801164194420004,-0.363647680588765,-0.250727400709691,-0.108666428562585,-0.180038875896334,-0.0589907355220134,0.0439074283525808,0.608820757068274,-0.309112350333466,0.0277335883766769,0.0155492348285982,23.84,0
1409.0,1.13878452243806,-0.0993993348099987,0.464924733547974,0.818293284146296,-0.453076763107759,-0.248067696125617,-0.111776703375765,0.0350215524527781,0.561227007137303,-0.229508840103133,-0.558083249902091,0.195655819316115,-0.738968672827879,0.101336164498863,0.119727233047634,-0.539555633567583,0.350488344897467,-1.07324347121772,-0.143497177985865,-0.143277073322866,-0.196775192445361,-0.44087601248983,0.0283480108891795,0.10121369785305,0.348649213641219,0.298016874821359,-0.0152170223972388,0.0125596271668828,32.52,0
1409.0,-4.52652136630502,3.50231030364162,-1.09279058302573,-2.85018565918722,-1.05944849875346,-0.394678767287822,-1.65702666514405,-5.94916989726268,2.17555203509514,1.48002146855529,1.53043397620013,1.6230007366885,-0.578437330709989,0.500982704105871,0.295875025358764,-0.63317851027932,0.208235563254934,0.286135773971319,0.548618702266803,-0.687134067358483,5.89585276010384,-1.66817542007267,0.936892439891579,0.445784026197871,0.318960498166286,-0.183302073118148,0.263424500078742,-0.41527924146625,1.0,0
1409.0,1.1541666716689,0.182026068248521,0.397237979669225,1.39840831557717,-0.162849401748121,-0.180885046744105,0.0674621398725811,-0.0098944527623238,0.307927924506434,-0.123805890734146,-0.556299791130429,0.467733099946449,-0.246934659064861,0.0902417583225868,-0.0804581914854576,-0.716943063891901,0.270432531165064,-0.962758007898581,-0.368659464074288,-0.186632642251286,-0.0998573000521012,-0.0688321233105728,-0.0653543399183028,0.0919483378245324,0.657270064649291,-0.312999376048412,0.0380849967478864,0.0167386888936201,13.84,0
1409.0,-2.58616891428449,-1.07303952838766,2.39247956449305,-3.28043659656122,-0.185766357179777,2.25175393196412,-2.17879924948116,-1.62002749901316,2.75782255182997,-3.32720613848881,1.11219597641917,2.31306605732915,-1.04670694705339,-0.612712552437061,-1.11477493412739,-1.83450671170847,1.14052629110536,-1.18159329780086,-1.33672225007299,-0.105896795794631,-1.04411003041682,1.92134658648486,-0.379852666124425,-0.927246021528651,0.454491822407308,-0.638208447918107,0.262020636771915,0.0343287952617171,96.39,0
1410.0,-0.392638512403186,1.09574779289221,1.27299221774436,0.0124271322457151,0.253465589861417,-0.511094801259481,0.653559865726613,0.046098086722106,-0.451183018089092,-0.565682879339604,0.0694897218639666,0.192455114639874,0.447665741569308,-0.469906261538772,1.10785596803982,0.0734819317358975,0.267128247805666,-0.629936560918334,-0.452030102676862,0.108786582447493,-0.23080072775025,-0.546834620425652,0.0143165187354824,0.032242547791648,-0.220879745348234,0.100377302772715,0.263772622733104,0.0958975434572256,3.99,0
1410.0,1.30033324542707,-1.46177954695833,0.0713103495421286,-1.41848460569786,-1.41365061653533,-0.484054297989148,-0.84458955570969,-0.146900451087763,-1.66345024287203,1.37779224541988,-1.29755047761436,-1.54384313671362,-0.17174110503468,-0.161415501631608,0.832056141516368,0.0336583845126015,0.219568358122272,0.166981606079108,0.123615427923774,-0.0718273640547284,-0.43554913346424,-1.26791516257389,-0.0021311496174823,-0.528004584999627,0.151431866231886,-0.440399089638411,0.0026623625702313,0.0421257689701414,152.0,0
1410.0,-1.27912692334085,1.27366659822304,1.30874442566716,-0.836248910994777,-0.378373922309244,-0.768231408284574,0.553703815436464,0.19537166057697,0.525151048147269,0.470489742598731,0.968734314472275,0.0889582746301415,-1.7796264065229,0.191198303423933,-0.803593065001412,0.136643364287281,-0.407378651864444,-0.0180562320864615,-0.0912579437470816,0.305850227486205,-0.235407519742942,-0.415837558885518,-0.0162075823391107,0.500206392018831,-0.170306926621943,0.281935968399248,0.60492583253523,0.352470131625631,5.0,0
1411.0,-1.84315097765467,1.6957200518077,0.848633325704142,-0.850290102175464,-0.710713956730755,-0.857538719652022,0.156493945611538,0.637991486258737,0.549482943591856,0.559507559636131,0.842941471837669,0.261848150189659,-1.71836936958814,0.438255487774369,-0.828378910909184,0.235159897243165,-0.246374793149506,0.0032476942262699,-0.126645065907353,0.329394053862621,-0.220738266294343,-0.451399776375376,0.0374560674793238,0.495634254065882,-0.0980678734986024,0.288295907355025,0.581958542816267,0.351278488479116,1.0,0
1412.0,1.15869850594292,0.202965044179194,0.89520413839124,2.54068509824295,-0.265179836730553,0.520310218054393,-0.392516757480773,0.142982195788558,0.0620473575933184,0.51629870659848,-1.74511511066721,-0.175507124088099,0.121801556954886,-0.372107862343469,-0.360891377538527,0.693362077973589,-0.65604118223619,0.140320097091367,-0.556375901644609,-0.0980720084561528,0.0241495694492909,0.210285570228789,-0.213631214628944,-0.433895201643126,0.636771018136068,0.199967864129267,0.0250146386056656,0.022801734565235,22.74,0
1414.0,1.19941585354528,-0.126722350341211,0.547421184275196,0.581173150374237,-0.709410176630609,-0.6740442362306,-0.116652088651329,-0.1331436280839,0.691458968712843,-0.31713129586459,-0.718074259812308,0.574796593199616,0.0955023465157266,-0.228787194457252,-0.355141417902837,-0.398321628332847,0.128402659611645,-0.629932127121652,0.311458117482488,-0.0569436787805615,-0.0826997955474802,-0.0263054413834023,-0.1004365977709,0.467492092646519,0.535755763536313,0.668710612063017,-0.0363321975837105,0.0108609127806591,27.83,0
1416.0,-0.604138180592695,0.859458921091116,1.60067405195226,1.16079589097955,0.535470054686174,0.355590770315362,0.690064401000348,-0.0340509433086705,-0.417651156354839,0.382048711424161,1.2779066401321,1.07983101497912,0.347536380222962,-0.154586851436083,-0.502222282847522,-1.14301097422416,0.231081457030034,-0.291666437624153,1.02972952409302,0.211614124883506,-0.0223460845228535,0.468384423959168,-0.0998474783280551,0.0445004214794606,-0.109778139731841,-0.278585787811003,0.146146114112793,-0.0341716944921101,5.99,0
1416.0,-0.979179383390072,0.860958033730566,1.21252797004642,-0.395495001689091,-0.337428975225491,-0.838072521902889,0.183555046895403,0.426219574423826,0.140456698812027,-0.929810466241523,-1.12052607679816,0.451648030020235,0.000560443616653,-0.0595594740657794,-1.00039263885084,-0.183207962381669,0.0780861738801761,-0.482949263661045,-0.15402980603405,-0.0621937780753471,0.0221461992276093,0.208046136047875,-0.154289943643688,0.452422160729598,-0.0794633482027879,0.501222677138859,0.203565082492565,0.103056326284319,1.0,0
1418.0,1.33750708853771,-0.33418527339803,0.543762268513604,-0.0069900620744939,-0.945199661573628,-0.751257877697541,-0.323974538755432,-0.243957574646752,-0.886880089686997,0.611051744245978,-0.54755855395329,0.697652932965191,1.44123480445639,-0.324858977885056,-0.0304740970959732,-1.62476288226242,0.0795707298546202,0.54133311343529,-0.637984559762325,-0.419653636307152,-0.584881178435747,-1.07369529099151,0.117186776258164,0.404193228864205,0.275675047888065,0.314551845584732,-0.0025069517242272,0.0222619755662951,16.8,0
1418.0,-0.814336431310322,1.1396826630311,1.06727027653538,1.23186986600695,-0.192121496399401,0.319095396154772,0.106998266677945,0.743025847106971,-0.557680061464963,-0.134222660831532,0.735212708986074,0.409251739325608,-1.29177715855727,0.752317369322602,-0.398735911946639,-0.847130421854904,0.610239103954712,-0.0053053825048452,1.01447160587356,-0.0136673856047792,0.0521093712850449,0.278061124109296,-0.0783679604095558,0.0102837466774919,-0.130790623187202,-0.23525354886809,0.291107415224952,0.12587949679894,18.42,0
1419.0,-1.30443894500699,0.91460513543369,1.71351526175776,-0.0381532574530974,-0.187392591020342,-0.20634312818071,1.18741915043507,-0.51930572230223,0.472982774121968,0.8539703627638,1.26982052115755,0.579540203775908,-0.514100568952793,-0.58194471642705,-0.971993989266057,-0.459677629305142,-0.366962140329434,-0.192152309481547,0.6033493635232,0.117154453514866,-0.255861211105504,-0.117827105910516,-0.265449551283222,0.565720434235538,-0.133042762293311,0.111576693802567,-0.391595872259138,-0.165853652653629,84.39,0
1420.0,1.17454437197438,-0.609008683775403,0.592897789772709,-0.247656773110582,-0.742889109969428,0.412569953208111,-0.821420060108874,0.298195635242837,0.966107120798513,-0.149975658001197,-0.0754782477386652,0.002786612977576,-1.00235589458521,0.0554850560703924,0.2700164260338,0.957522748657744,-0.83333604412715,0.784580775476058,0.801955889198039,0.0066251529305937,-0.0727220040223414,-0.271643058401622,-0.12324362077683,-0.797249757951444,0.153032721789255,1.05342532379032,-0.0598164323175196,0.0005494778961686,54.59,0
1421.0,1.21212930685925,0.112033636874095,0.222312840521246,0.669416241393734,-0.425354240640066,-0.667386885108115,-0.174885909241644,0.0883082668432557,0.437672834937855,-0.247255686949848,-0.305455708717712,-1.11590335480674,-2.49403059505348,0.278057289864931,1.64206596068108,0.31269976786418,0.427333714064559,-0.416912312838529,-0.538350084322863,-0.286513462798897,-0.291332804015437,-0.936415976090621,0.191702802167874,-0.0400299658515051,0.0521076813978016,0.133220528213053,-0.0241470197359294,0.0215250883840113,1.29,0
1421.0,-1.24152832261602,1.24925085860993,1.07973108596746,-0.962119272568195,-0.126240174585471,-0.458849216074149,0.531883770822468,0.239130438759328,0.582348919077288,0.475188974600651,0.468443888538855,-0.161112337305517,-1.82417454571974,0.186480297106726,-0.748656615670448,0.298974552946968,-0.5935628455496,0.173351021679869,0.110644824232395,0.314823530587285,-0.272124588696637,-0.52630460773803,-0.0797244658393815,-0.0232217501674598,-0.103551385973428,0.314793921319652,0.603231621804361,0.34690252617428,5.0,0
1421.0,-3.80282009771261,5.2532622447816,-3.28930718786029,0.327255612847688,0.596658753775815,-1.79076310457721,1.58217334775312,-0.84859336730449,4.36860825170848,6.45650019931952,2.21550904258969,-0.387108279960487,0.148709324170282,-6.08534903382591,1.7158014139531,-0.452200983214623,2.52128141247678,0.421909582965332,-1.52059073500595,3.21278068502899,-1.01876744639377,-0.222358123315781,0.217256168463156,-0.0230732336538978,0.359034517677827,-0.522642989426668,0.907826878094215,-0.62757234044128,0.89,0
1422.0,-1.80555237692985,1.67130431219459,0.619619986004443,-0.976160463748882,-0.458580209006982,-0.548156527441598,0.134673900997542,0.681750264441094,0.606680814521875,0.564206791638051,0.342651045904249,0.0117775382539997,-1.76291750878497,0.433537481457161,-0.77344246157822,0.397491085902852,-0.432558986834662,0.1946549479926,0.0752577020721239,0.338367356963701,-0.257455335248038,-0.561866825227889,-0.026060816020947,-0.0277938881204094,-0.0313123328500875,0.321153860275429,0.580264332085397,0.345710883027765,1.0,0
1422.0,-0.487424399940219,0.849158954917851,1.45853801719483,1.10249343040255,0.392615122027373,-0.0574501752894912,0.709004900888755,-0.106886907588945,0.126810603542497,0.20408462923428,-0.706496614037629,-0.316312593498335,-0.981859299760921,-0.086944858078329,0.142915090507273,-1.16053396951622,0.436611964492931,-0.655474124152954,0.422541471448293,0.0749624157736035,-0.0695627443408544,0.257128613954204,-0.154540313235246,0.069746102482532,-0.284059437826457,-0.338947805962284,0.143169365347934,0.0038914057968099,6.28,0
1422.0,1.23712731517794,0.357114103444814,0.20713531440089,0.492048137081031,-0.0772068269893742,-0.540064367690184,0.0349781856452859,-0.0844218087334052,-0.33455266228711,-0.138521592354652,1.48516527095203,1.27141431809439,1.05640193878009,-0.281293567614477,0.323401105755305,0.730469386263052,-0.424387672222541,0.198081970663803,0.209067204971578,-0.0040772750989413,-0.247628313557602,-0.707677898249326,0.0660257623710451,-0.0134479460669351,0.258820549310853,0.0944384910028558,-0.0217154401675913,0.0191581932161662,1.79,1
1425.0,1.25957442653963,0.343698093265671,-0.0687569497350761,0.865318115583713,0.387398560128594,-9.836674880503e-05,0.171240677511529,-0.0810490770321048,-0.0700701124449482,-0.0488250651247599,-0.802885587149185,0.370452077284746,0.827712639997383,0.227436759186463,1.15584542026165,-0.0317301539940198,-0.492923734092258,-0.413036706102768,-0.417704112096702,-0.102194214374817,0.0083948487178446,0.14374860247768,-0.182208267877832,-0.735273876100841,0.750371630641662,-0.249071764799478,0.033598780531415,0.0100607834229475,5.0,0
1427.0,1.1737458014552,0.128071542707179,0.135536985085804,1.11591772400711,0.227758612548741,0.53262000733788,-0.0675449466223971,0.189609252764456,0.113339782153443,0.0527713951959175,0.507457156660394,0.868995541152536,-0.325094571543206,0.266326553697866,-0.719136635655888,-0.31547660095383,-0.224297436081144,-0.230496493412987,0.18335738763066,-0.175337668530826,-0.0991280756688584,-0.0884922282021945,-0.155089236262347,-0.654112237437914,0.717878065253373,-0.286624247386667,0.0340071204964542,-0.0019319598083138,6.54,0
1427.0,-1.33491100976801,0.215967515351117,1.92953129028008,-1.32345970732962,-0.36548048448797,0.290734517806003,-0.636624426245797,0.877961589779188,0.0163757707914767,-1.03220696422953,-0.296406339002488,-0.377281903566269,-0.939451310857263,0.300257194729822,0.49642776753931,1.80408687575202,-1.3063732741296,1.43868315831096,-0.308872624313778,-0.0512352046898343,0.289921844731338,0.406639879758243,-0.363253557829297,-0.802248766591052,0.208417887207185,1.06650701173671,-0.154521504616889,-0.0744755715525268,27.0,0
1427.0,-1.27857118398223,1.32857043505444,1.32450193152742,-0.84361328148579,-0.310738312439864,-0.750200340142664,0.605121186733755,0.152316249653644,0.410399075473476,0.448230618847577,1.09797770439021,0.492019378534614,-1.02176264072964,0.0403740160970757,-0.886743712783022,0.101093514678635,-0.450686315839742,-0.111037009593785,-0.0963747284685588,0.354406949658712,-0.22669392447736,-0.353770248140113,-0.0253041860407487,0.520956045182478,-0.144664195446207,0.279396313160972,0.609880172841176,0.354097779155986,5.0,0
1427.0,-1.42796569394102,0.351241983719456,1.63738620415883,-1.02698272410463,-0.0065815699011235,-1.07171871881429,-0.0319899989980026,0.461655276925133,-0.449002505073852,-1.24161733423451,-0.0225680970714258,0.623189145539509,0.570499648016848,0.265286575965656,0.695617661743144,0.314231600234853,-0.106026797975399,-0.910477060289406,-1.12362283918598,-0.0287953384303365,0.0959229349845288,-0.0908941390152729,-0.032554098621925,0.457895950839987,-0.238774736023708,0.749889255778441,-0.11213045834271,-0.07118096049619,5.37,0
1428.0,1.14313869324575,0.611801465062707,0.640872962855404,2.43486124790523,0.083870045913446,-0.0908862647921492,0.15639758067558,-0.0209131548005838,-0.856668593671138,0.617663133189747,-0.201919790212103,0.30538022395352,0.52474080094573,0.237744095249594,0.647097125414099,0.35685920217346,-0.35388208645186,-0.98162669579082,-1.27313461914251,-0.147199548258769,-0.158790936875493,-0.463083242151759,0.109448320505575,0.0560383257096039,0.296270711403533,-0.160013750892303,0.0071271556477883,0.0233281574861198,6.45,0
1428.0,-1.84259523829605,1.7506238886391,0.864390831564395,-0.857654472666477,-0.643078346861374,-0.839507651510113,0.207911316908829,0.594936075335411,0.434730970918064,0.537248435884977,0.972184861755604,0.664909254094131,-0.960505603794878,0.287431200447512,-0.911529558690794,0.199610047634518,-0.289682457124805,-0.0897330832810537,-0.13176185062883,0.377950776035129,-0.212024671028761,-0.389332465629971,0.0283594637776857,0.516383907229528,-0.0724251423228668,0.285756252116749,0.586912883122212,0.352906136009472,1.0,0
1429.0,-2.28286707937835,2.18671941441439,-0.0749104752113289,-1.00360100724486,-0.597392217817601,-0.620498030965266,-0.0763846820161674,0.967965856233586,0.828620735830713,0.458674548503984,-1.83352204236371,-0.3524640526797,-0.91435598011765,0.32875058653381,-0.127269582884018,0.423815725443349,-0.244056205018179,-0.186452595119848,-0.0606718295020815,0.399542370006295,-0.324603182774273,-0.748810046437567,-0.0050121042709122,-0.475137889497263,0.166578539780271,0.375759728496743,0.569585733427849,0.348021869129727,5.0,0
1430.0,1.48004598472978,-1.22646688123286,0.6779106311112,-1.49572812970432,-1.7436453424958,-0.328698396539319,-1.45352869178134,0.101518382918115,-1.63192074512791,1.6359630842998,0.660656946741959,-1.03147581730707,-0.763219015128151,-0.0580445964066884,0.308368647184975,0.205185966596218,0.0779170586976598,1.07246968093554,-0.0176996121313307,-0.384934907246889,-0.0465093892576641,0.18502090739532,-0.0375216330824616,-0.0466501691191984,0.310160036657382,-0.0953815247403573,0.0392550323233343,0.0106597979672593,11.2,0
1430.0,-2.84597164178823,2.60942864682764,-0.534849343263703,-1.01788575528708,-0.929982625217614,-0.70972982133738,-0.473711031750094,1.41092376516642,0.85272890421479,0.547480622110269,-1.95944295361516,-0.179548037105157,-0.8532313505714,0.576038527193277,-0.152268351260898,0.522035521541489,-0.0829140713587275,-0.164949375507491,-0.0964490822188319,0.42571305855103,-0.309047600177036,-0.784747615531093,0.048068782382769,-0.479832707653623,0.238542367215314,0.381936412725716,0.544872648710171,0.348568900608292,1.0,0
1430.0,-0.212561199811818,-0.0427470977684748,2.12231031626659,0.0271275924779375,-0.720181938429661,0.436876385978353,0.291808951373729,0.0080155595589294,0.687422112954409,-0.577904154199901,-0.54117087667088,0.37315886984588,0.206471466194005,-0.848546689966117,0.0896276983567717,-0.825548721222266,0.537582333578304,-0.870916004210431,0.854525314176667,0.291556092628737,-0.113530931190428,0.0069793255884134,0.190117371607555,0.140005501464932,-0.597513001468499,0.972923420656749,-0.141463033516543,-0.173137427738354,91.78,0
1431.0,-0.160686732734959,-0.201776798390297,1.62048472825006,-0.848565394410135,-1.26768722019425,-0.660693245262717,0.111833870198582,-0.114997841478412,-0.872127280143253,0.133264469299186,-0.650740246232339,0.160477196590634,0.846355700573085,-0.506982734319652,-0.0449691697668985,-1.61407570687937,0.118050063064193,1.18509680130369,-0.783946219082904,-0.266237472729508,-0.0439213753453423,0.399756173480492,0.275484133990294,0.758970096145843,-1.06631551567259,0.725576605669542,0.17191609550638,0.219947962866501,85.11,0
1431.0,-0.709932732495352,1.0799378404001,1.29392606844262,-0.324859073448084,0.231360118529925,0.0867087867652514,0.528211072352984,0.258411034709069,-0.410112334197067,0.121849529920228,1.20397270465493,0.488234623588311,-0.262503041934615,0.325578832055861,0.467942722245536,0.194400299225593,-0.482831172512137,-0.181959065396493,0.0413099080365178,0.197641425047718,-0.205038020990152,-0.471545447810211,-0.0283843248553531,-0.343168062635698,-0.208684519300712,0.109830152214803,0.387522075172783,0.160878956440346,12.97,0
1431.0,1.19241983257078,0.0769698570830973,0.583452722937819,0.66591942850943,-0.61711449299701,-0.753429110948511,-0.133272964760008,0.016383197906004,0.297070387336008,-0.0564417816825028,-0.015733977975711,-0.414740650870946,-1.5989842896318,0.65287831336769,1.46147174432553,0.0012750561649217,0.0790968957796421,-0.872413033628807,-0.588067306646488,-0.252928436199008,-0.229348133248576,-0.720418513616353,0.228258109429765,0.344679372128092,0.0388089254981264,0.110177613565506,-0.0241901714955004,0.0150073031878463,1.98,0
1432.0,-1.20306099337852,1.29481877724025,0.871723518653584,-1.09645061113963,0.209646372676644,-0.131444057203082,0.576535402810842,0.226565667319495,0.493919352831076,0.451674881448959,0.128679869596969,0.101484007844759,-0.902645236338697,-0.0104270735370293,-0.800120017184499,0.41695716623182,-0.836290358017334,0.247249258311302,0.307690560680889,0.385255171885824,-0.297960262440317,-0.557554558579187,-0.156115048271007,-0.539026525923513,-0.0038066792380674,0.34536108829108,0.607935660755203,0.343227224620111,5.0,0
1432.0,-0.572141422472941,0.527346049973988,2.85528687714453,1.82687911553892,-0.312457354041946,1.44719184694896,-0.318599568993545,0.568257187044173,-0.262653852636675,-0.0607784498344501,0.522123814060024,1.44376607671771,0.599583511687332,-1.01481710343061,-2.56805795845732,-0.677029671748622,0.628024228274743,-0.770880558191728,0.869906988676215,0.0569824832988792,-0.153491495188718,-0.011272808769946,-0.0726965013879548,0.107581578604006,-0.480110631259572,0.934985908274687,0.123867973941124,0.113105719008747,3.6,0
1433.0,-1.76708504769234,1.71687223082491,0.411612418690563,-1.11049180232032,-0.122693661744867,-0.22075136857053,0.179325532985916,0.669185493001261,0.518251248275663,0.540692698486359,0.0028870269623634,0.274373883404276,-0.841388199403929,0.236630110813406,-0.824905863092271,0.515473699187704,-0.675286499302397,0.268553184624033,0.272303438520617,0.40879899826224,-0.283291008991718,-0.593116776069046,-0.102451398452572,-0.543598663876462,0.068432373885273,0.351721027246858,0.584968371036239,0.342035581473596,1.0,0
1433.0,0.931754747381863,-0.215061049108612,0.517964139514062,1.27894939548875,-0.660010307855087,-0.490740859325333,0.0672733892711967,0.0136159828658342,0.134163104189676,0.0346696145749799,1.15322653872905,0.715152485602238,-1.00875489186851,0.521625333636128,-0.388115839753747,0.0328922798595935,-0.31769885817491,0.0938534410141105,0.109372171322067,0.0331552200271969,-0.083784026426999,-0.459965448265595,-0.0604469371217445,0.496060311221994,0.403590218111791,-0.552572070630968,-0.0013952807583773,0.0357795682480123,121.49,0
1433.0,-0.782672018871256,0.897196420396139,1.67051785243719,-1.58332550577006,0.0152477160431421,-0.744538395564921,0.942616561330349,-0.475990338787427,0.971462995427243,1.09215091135561,1.44578410209077,0.0289945399364206,-0.934279297029871,-0.568549156195157,0.0336503312359235,0.569175969690017,-1.23715514614398,0.086606418110254,-0.545027880194124,0.569904759671059,-0.307641534113109,-0.196698990690849,-0.117828159307457,0.33750439931166,-0.237130298550898,0.636227429981584,-0.0071505172829888,-0.434779255705079,1.54,0
1433.0,1.36208829243251,-1.20762773052447,0.891732321033296,-1.32370298193671,-1.65082893868057,-0.0545078571941768,-1.38605823188063,0.11333112382317,-1.62299440050256,1.33266267887922,0.226684226896347,-0.639788888827684,0.459299965409561,-0.411391389132653,1.32689229054297,-0.833800138418551,1.05887654802215,-0.700450714330502,-1.29414830544587,-0.369493194193916,0.0249944215588315,0.52432561335482,0.0888926064404822,0.0871564909318702,0.142785704134371,-0.0655396378617917,0.0828521703108066,0.0260451925454691,25.6,0
1434.0,1.38324977075241,-0.398269756679245,0.0873332314895929,-0.57931449386575,-0.923514142145525,-1.2907404137906,-0.135701885895218,-0.287045587072748,-0.98726186854148,0.692571166588937,-0.532659875649266,-0.498325515975797,-0.567561514114508,0.451459611011402,0.797510917562071,-1.34344656605663,0.104158711950385,0.445915033707117,-0.478580560210162,-0.508146973940725,-0.807695654458738,-1.98607472656656,0.288089928580254,0.320780527201396,-0.0450608073644657,0.626013637631693,-0.0834794487826548,0.0089843193242002,21.95,0
1434.0,1.2525202868339,-0.0329412269975893,-1.16887177734606,0.269500670904029,2.18094141848853,3.60886066594932,-0.431688671974942,0.847706312453151,0.171799771904627,-0.0208762054791815,-0.542253973219731,0.236358996467847,-0.221821964603381,0.192747859497097,-0.150455552652144,-0.100561677626217,-0.510666492563005,-0.0751824959637968,0.361785155490596,-0.0273976526240297,-0.180045164243075,-0.483764079025179,-0.131531667293324,1.01016387326381,0.891151908853251,-0.327225041724002,0.0242832370195664,0.0134311080432767,13.99,0
1435.0,-3.70157847611438,3.30623414862591,1.70459784545168,-1.58939973188757,1.06179288434752,-0.751379510359744,3.45898878906688,-2.98056432523501,5.48104669107762,8.90415933652628,1.43352807081948,-0.968886017241497,0.0730539600100592,-4.39860709231105,1.56123204106426,-1.46178326352228,-2.11677775247643,-1.12587270818883,-0.500168766864464,3.6040104892506,-1.64783221770627,-0.532836450168544,-0.417025202160043,0.297910654252168,0.374264868777222,-0.352613702313707,-0.978836619401064,-2.73856648562625,11.05,0
1436.0,-0.950548127977501,0.672939433311853,1.48710171676611,-0.154086405015375,0.142597395746254,-0.303363559996933,0.615363040629874,-0.0644844320119609,-0.007532172082447,0.458802361117484,1.49116030456947,-0.191300372194817,-1.80500610654612,0.413543633020032,0.576502199460925,0.0030048950888887,-0.352643151557814,-0.200894557569623,-0.0876652594317112,-0.141510723240115,-0.149953794367661,-0.266863095836512,0.234936214582959,0.161516710766207,-0.833377307608059,-0.0525466224108701,-0.161532367688106,-0.0220459546595558,15.98,0
1437.0,0.914503378538541,-0.408712386236217,1.1001056378823,1.57046376316457,-0.157787001971992,2.15594898567579,-0.827406991256132,0.784954286830524,1.3482786542092,-0.547395662745858,-0.500516958936278,0.877168113775618,-1.05728170245815,-0.501317011279696,-0.783408438715381,-2.08262968647727,1.74058135632666,-2.75452446923961,-1.01465583365678,-0.338361780878235,-0.325622337326427,-0.405357747773697,0.180955349366782,-0.980062721643693,0.155571959149083,-0.409210059567618,0.139304967343582,0.0177165750160168,21.79,0
1438.0,1.20335998657759,0.591157212482838,0.0610212989240449,2.09624232313702,0.634687669365393,0.379920598197461,0.248250267060829,-0.0078210319545718,-1.18475599660694,0.829544074306081,0.319422560589245,0.758231234925836,1.14821785362349,0.300377302859251,-0.285885014961003,1.10253317070483,-1.32108403296182,0.302157583396676,-0.207525084957122,-0.0027478949196001,-0.139849636723259,-0.482660084846711,-0.148276847910819,-0.830191291573288,0.598495820215536,-0.0684836025816972,-0.021401415549545,0.0051250758040104,23.07,0
1438.0,-1.76892868496151,1.20823027965449,1.83272583032971,-0.922455223984674,0.213062059652411,-0.803722538287988,0.707415941994109,-0.155228946669603,0.358657188241667,0.656303335710628,1.44664781875746,0.999284215103826,0.11124531047464,-0.45773405471008,-0.888345714968088,-0.013167522501155,-0.606244657689227,-0.324303606547956,-0.0768685023618945,0.360090461964192,-0.353945789221127,-0.441542327370986,-0.386752157209596,0.572037102859473,0.43629902283927,0.336305930256003,0.325751259636908,0.0296085207809506,5.0,0
1439.0,-2.04570203423486,1.60612510207955,0.98476499715198,-0.862753221338148,-0.313754557386885,-0.835054181059406,0.462314556884123,0.255175927923394,0.497361814727967,0.845215014830831,1.27989813484078,1.19616141516127,0.200670477574654,-0.206587928790177,-0.979769995031881,0.0717244881911193,-0.47906265720074,-0.27441858559417,-0.101121691902004,0.355050054185745,-0.289185286739686,-0.239069878986462,0.127944091516797,0.55139934137112,-0.0246599907773548,0.25362903915477,0.371840372219559,0.0879984747425786,1.0,0
1440.0,-1.22043725702658,1.40002619058745,1.22050025200344,-0.782538167531814,-0.229006160895159,-0.938549765000387,0.727395812517508,-0.0003876812034181,0.628769724596215,0.268782167947452,-0.726094799996372,-0.0718436758765207,-0.533766117861756,-0.241949166310187,-0.210312974153841,-0.0508458317625237,-0.29753827696797,-0.582264829463419,-0.309123554004048,0.374153291369316,-0.288077322105422,-0.475916428961355,-0.0425097356841937,0.388083131629742,-0.0738318285046853,0.307997772766806,0.615725056467066,0.36306650883385,5.0,0
1440.0,-0.857440533531095,0.956092876804076,1.5246799268548,0.0465104450518863,0.295817421749225,-0.111233431966411,0.43634188402548,-0.76349821317551,-2.19820386546501,0.59749230627552,-0.941276004064757,-0.477639570537376,0.0974003320998456,0.0264795171238495,-0.772774234894824,-0.656186573238363,-0.649699149931342,0.58837350426695,-3.71881031198291,-0.934146603439686,0.540701509811017,-0.527240237442351,0.0027296932721439,-0.0017116883631478,-0.139468491265708,-0.292654830159743,0.145571702718838,0.135503462302461,7.49,0
1440.0,1.17389894805533,0.0399846798436417,0.110368695656052,1.12752174289775,0.117624595653801,0.502916696304878,-0.152412302771598,0.260206316180762,0.301180519820214,0.0894515860438512,0.29596009322794,0.209418353694471,-1.5653333368459,0.513005415151651,-0.583141128986711,-0.257376661772437,-0.153446655478936,-0.0784588182166207,0.191905972715111,-0.255914176145205,-0.113719948066237,-0.189766635077193,-0.139719115024775,-0.68809443720464,0.676119178932547,-0.282409789147888,0.0260039390002846,-0.0046911477944629,5.99,0
1441.0,-0.568089230502458,0.223633557199262,2.78480852459974,1.39855396421174,-0.97641736863808,1.18146153589354,-0.350213179943315,0.544986712068083,0.184840083632557,-0.298910430993942,1.0632239769358,0.987809618420702,0.106468316787256,-0.464711413421649,-0.0325047336639787,-0.387102228165613,0.141812932942295,0.633134656710868,0.515119150520383,0.200905204817649,0.434369067676199,1.41953719861945,0.0254510134151284,0.259867156334466,-0.494200539211282,-0.114422390515077,0.237890880514878,0.169841543326328,82.74,0
1442.0,-1.7844613113404,1.82207964417211,0.760389152040416,-0.796579358712501,-0.56134619531667,-1.02785707636784,0.330185942692582,0.442232144478348,0.653101620040802,0.357799984984852,-0.851887642630978,0.101046199682996,-0.472509080926988,0.0051080180402487,-0.235098820061613,0.0476707011933601,-0.136534418253032,-0.560960903150687,-0.34451067616432,0.397697117745732,-0.273408068656823,-0.511478646451214,0.0111539141342407,0.383510993676792,-0.0015927753813447,0.314357711722583,0.592757766748102,0.361874865687335,1.0,0
1442.0,-2.26799702503475,0.900706784006086,0.478959692945754,-0.344271394183361,0.63541070762801,-0.150940037125139,0.481618268424778,0.115880521609083,0.873353480315729,1.29356050481913,-1.07504445199635,-0.806792079707187,-0.731050511029193,-0.176150309916398,1.46124914747968,0.196723848983041,-0.55265647444061,-0.464436190870187,0.0458871642183145,-0.0282760916187499,-0.661043800490684,-0.688830700576521,0.45496211760735,-0.982329551151803,0.172182496399074,0.166560610619558,0.393344752076675,-0.298478686767005,8.99,0
1442.0,-0.844297125542044,0.710396428990507,1.25369582713278,-0.629910029912998,1.05026429370695,-0.307219074358786,0.666621398951214,-0.0414068372159111,-0.340262636526351,-0.228406349641214,1.41704082412101,0.643811929507125,0.166753001680822,-0.512145643849773,0.0060952662158331,0.529211216674697,-0.494597342936369,-0.112738995010028,-0.737736734472043,0.0329991549186663,-0.202887906585676,-0.381015633445007,-0.0750410624590847,-0.351875377681094,-0.585601115320526,-0.118691471345189,0.0894355068613945,-0.0241753750027079,3.58,1
1443.0,-1.20365416995025,0.590421388456076,1.91973906182345,1.51824711742751,-0.119937299434954,2.36136380770845,-0.60306787368234,1.34674584862343,0.517977679682612,-0.817990715097756,-0.708489893156762,0.656149728670778,-0.992137913294013,-0.24053374706518,-0.46167184875339,-2.45882802087129,2.29733769234846,-2.41390665492258,0.100485470337746,-0.0449337717747261,-0.225590821656432,-0.180094206661377,0.134218565383608,-0.97797976014209,-0.283619197724138,-0.268299920382745,0.364291047806347,0.0915009681501012,33.45,0
1443.0,-0.572972950028906,1.05340490239207,1.48505790559592,-0.756460545625213,0.459226794287843,-0.70926166279958,1.08253172697898,-0.312259400782329,-0.0930374180363695,-0.247325012484761,-0.840335668763282,-0.189690922181905,0.171119204648081,-0.199916205296191,0.357800980375082,0.550552151995211,-1.026542768335,-0.334122203298993,-0.646452501066133,0.0651779456311451,-0.268096358335247,-0.610694126381833,-0.116636426380682,-0.138673600199854,-0.283384060189569,-0.113378303134345,0.0079034596335063,-0.0400866070594921,3.56,0
1443.0,1.2332217177434,-0.660300585889254,-0.248274737239362,-2.1528257548679,-0.60338198200396,-0.61524044944862,-0.256466433254323,0.101838654457358,2.01723297425565,-1.40852968141402,1.05225722644401,0.59261293649154,-2.21621665751079,0.855749844346931,1.02298398361489,-1.2203905121114,0.246710651101717,0.155640190343884,1.43368849112195,-0.22269846187707,-0.106683523968387,-0.168257836330575,-0.0988627622557145,-0.332948921234384,0.629756474599385,-0.809704604661723,0.0575078136179369,0.0008918914787617,22.1,0
1443.0,-0.762816873685508,0.797958201237236,1.32041815013184,-1.62574419963856,0.275607581559134,-0.660058355791264,1.03849752759628,-0.621553631766471,0.928059774505196,0.974790261139453,0.911598545717644,-0.802541491666476,-2.18651825534797,-0.218889143073711,0.0680506778614126,0.556568392780316,-1.23386964352518,0.28144930351639,-0.293456599535437,0.194936978899656,-0.172427953237163,-0.217247040552427,-0.182650150319034,-0.0145182013484702,-0.344623309358087,0.642529644713479,-0.772044507516837,-0.54611860664865,0.76,0
1443.0,1.07669964934738,0.136318699223954,1.45956758846995,2.75420529991268,-0.642823462446441,0.681681495683721,-0.64358516806686,0.354308618684324,0.325719972333775,0.406610208672651,-0.999837208990072,0.0010269117519205,-0.770442752780127,-0.354094413831894,-0.573710561741181,0.0789753720182086,0.12216634382473,-0.812831361258335,-0.962203729624461,-0.253816150364729,-0.182605449318902,-0.30274328842001,0.103533409069235,0.0547462798726608,0.22555209844086,-0.059310632254081,0.0552426527860942,0.0288153390186768,0.0,0
1444.0,-0.839634134532306,0.924464513018604,1.21818008420298,-0.90846932784794,0.297070087375471,-0.0087515172602347,0.588061222898067,0.212018572569878,0.168802311610264,-0.24889415089989,0.0404172452466253,0.331721847058305,-0.646255538621477,-0.0605596344322992,-1.28700279382529,0.224232998134363,-0.653387468067176,0.154685402673112,0.488692179429628,0.151524333743364,-0.240108082283352,-0.441616647623724,-0.264858930740563,-0.481737344263686,0.129475211074779,0.417627245875562,0.381844927901136,0.205879431267166,5.0,0
1444.0,1.04095773197955,0.21609187923736,1.53595339052234,2.53650724069426,-0.481435274041387,0.966521940522117,-0.68604648864028,0.407032298300565,-0.269951773655605,0.595640012376786,1.09472330109074,1.35093915948218,0.709278892520704,-0.343987755042817,-0.836348777487169,0.489318051591067,-0.432900196538757,-0.248073106230272,-0.915052368215916,-0.134823248856496,0.0014370865892438,0.19537510847639,0.0534580981863879,0.0406374598339955,0.221507406264301,-0.03378516040671,0.0606646239509386,0.0237820171189107,0.0,0
1444.0,-0.960402765914102,1.35531588640372,2.50117133649655,3.03648845550012,-0.712819502365982,1.05734348513293,-0.518910756828061,0.92723539282841,-0.656638792058169,0.277072240976983,-1.10968171014067,-0.273956037777502,-0.653900910465794,-0.0650200129488132,0.185245716464043,-0.559372019066028,0.954904217582213,-0.408461346354068,0.855585048312363,0.0806193513506753,-0.127067725772183,-0.131586666448414,-0.114278998278356,0.0701706564977442,0.0075698427483728,0.245045453869835,0.261885825193241,0.0932025972189036,0.0,0
1446.0,-1.18839478557347,1.35257210864198,1.89547321004306,0.893222238156086,-0.605038810525694,-0.158180796635604,-0.122701615718837,0.521671121758078,-0.440175028438074,-0.238494637318605,0.10748517822699,0.681068211002452,0.931772192724847,0.116681311824668,1.65573818183537,-0.182117316671113,0.174475066718344,-0.358376054028975,-0.172156062084221,0.0149141638158249,0.0527844774501314,0.147021342618532,0.0095480943065038,0.387486755424301,0.212838349327328,-0.369760848488242,-0.0725514718235381,-0.0105851030203131,4.99,0
1447.0,-1.40263948193414,1.34952922203218,0.750454857101075,-0.923128705237815,-0.0618472399213257,-0.0808078413014639,0.217157974776315,0.650294549360603,0.191454491922401,-0.163817610316262,-0.0845170841625039,0.502227825774803,-0.58423630362568,0.185138717533343,-1.31108037034119,0.325326485112746,-0.493651126839677,0.176119968058243,0.45358066552557,0.168678193356454,-0.228202968439534,-0.475329124900054,-0.204644189322864,-0.486189588631173,0.203750821948739,0.424468354846076,0.362864972035324,0.202212976046238,5.0,0
1447.0,-0.236628117081155,0.378507060808547,2.23923736480431,0.61210745872279,-0.25006028553047,0.803220480025226,0.163436651370637,0.0805327829153419,0.36873867666336,-0.280979123685746,-0.948520094910535,-0.0621292208468705,0.177717765477262,-0.651022109913983,0.81009439947682,-0.55588494281367,0.179657111744864,-0.246030674995558,0.908588291481854,0.205679078301826,-0.0155789528291674,0.335400882083964,-0.0707728138328136,-0.38361816643317,-0.580536114398539,0.41933757140357,0.0066443224448667,-0.0755893473524281,39.5,0
1447.0,-1.92368144715057,1.20177199452236,1.24104737870984,3.17423061888527,-3.15445082757534,2.27090053493161,1.27960485083926,1.01498323124546,-0.790282586700949,-0.0371999993195008,-1.17666127737441,-0.265383536026171,-0.496903614416549,0.142162884148541,0.234390404947887,-0.254190282816056,1.03351504545839,-0.314609534325039,0.761533200175209,0.212351443541735,-0.140446141504194,-0.15073483353074,0.347169379004659,0.0756242264854013,0.168593989420918,0.260686267156851,0.442666182703569,-0.0310145549496885,513.72,0
1448.0,1.09951118276436,-0.714102125884552,0.303978650264835,-0.1773170019868,-0.401430900673871,0.835766231993379,-0.69295058820149,0.260082920619098,0.779040383165725,-0.134565633013489,-0.44476421563588,0.347907465390004,0.213706651295483,-0.200990471645792,0.151959707112353,1.08662486165226,-1.12093200856388,0.98427078338745,0.850528184282447,0.210451556706715,0.071235849784389,0.0891610738442227,-0.34437901546076,-1.29341594417959,0.369669571583718,1.18729692355141,-0.0625606355286012,0.0055816647544665,112.5,0
1450.0,-0.669050729768376,1.13796866471006,1.16932045285018,-0.14712380390367,0.196540997281206,-0.234214514349135,0.461927531895983,0.258222958380999,-0.372343654593153,-0.0571020598300105,1.62513509761867,0.380793083418581,-0.595353668545775,-0.15325046456958,0.52909564537379,0.29533331045567,0.0612610700385706,-0.0335797022008028,-0.183702382399764,0.176081415926123,-0.223611142648619,-0.53602780318559,0.0142415646530491,-0.0530425398118895,-0.233446513952452,0.0912254868066428,0.3643712217514,0.142857788427094,3.59,0
1453.0,1.21118896828414,0.0130527054875513,0.955713747902794,1.13932558464049,-0.494404954908354,0.294583815455375,-0.512568106805069,0.0896410126741855,0.807282383794656,-0.228232365366195,-1.37963641798337,0.704815412059719,1.11724623716423,-0.596066675818075,0.136072258951429,0.278005221086633,-0.605892589448629,0.0954205023288283,0.0977713480984259,-0.0460868831981525,-0.106273279325206,-0.050231750995579,-0.120294318131453,-0.432068872592355,0.557991909075449,-0.359828377030587,0.0774758603840806,0.0318287555200894,9.99,0
1453.0,1.26076951707076,0.304055829352842,0.526804872550792,0.612919396658564,-0.411675423875688,-0.972701902181287,0.113089767138169,-0.248101744717842,-0.0684768207184974,-0.0878643369140431,-0.0914523927938106,0.767566590185918,1.06730342086832,0.0895465492407084,0.949731565691493,0.268797785372359,-0.467474226620158,-0.633121222536633,-0.122464720687787,-0.0446019181811318,-0.248965557785742,-0.683749692443508,0.126768416004285,0.395317131358698,0.243378034166804,0.0923235043366885,-0.0241853045449418,0.0206225559460283,1.98,1
1455.0,1.19083685981189,0.379965398705043,0.648783258440482,1.23937867842501,-0.576327762180615,-1.22983187948795,0.203695985374189,-0.241452081171915,-0.0433739008525064,-0.0182157593956634,0.145037725002426,0.486606841611291,0.0218312868002455,0.378554512728496,0.883046637029763,-0.0299753563682057,-0.247794790558219,-0.51814182265102,-0.479168639890071,-0.146456890339429,-0.137042422763744,-0.388808773372988,0.107685385196504,0.896821769743434,0.40391321809676,-0.586050410806003,0.0196452661620356,0.0324133573534347,7.69,0
1458.0,0.87627953599025,-1.69440375442574,0.477552379901542,-0.350627798538738,-1.38640942306692,0.327026169826772,-0.753853889423837,0.0273162575080579,0.129105648178549,0.246766191596749,-1.62650808872154,-0.408748026302068,0.527135275334393,-0.96268033410568,-0.602418413867193,1.0458967947508,0.332437075171917,-1.20173888962996,1.18991043216525,0.658745840363624,0.108662570916153,-0.11978929960054,-0.359260481921372,-0.522537929288878,0.420250359242604,-0.214820750518543,0.0022363482864448,0.0641454644527085,285.96,0
1459.0,1.05542791986669,-0.27055950141384,1.35788647784101,1.21803892455365,-1.28296861035978,-0.318301185574556,-0.744704931090151,0.144449214587442,0.885431899299176,-0.0599279510455668,-0.68175605685977,-0.383630225990255,-0.860035840276872,0.0491119570797993,1.6596205807393,0.801694088986265,-0.685942824229614,0.737052670438148,-0.786510237940866,-0.0659874195306674,0.270754055072996,0.677372621739107,-0.106543540016886,0.367520974477305,0.315219649467842,-0.2541965055689,0.0601951513744669,0.05064604569176,62.64,0
1459.0,-0.997814018306857,1.48587928961616,1.28747666119955,1.09213952703464,0.184354210746045,0.0505109400506412,0.799416626221415,-0.0894843807691728,0.418922608345278,1.03308212224707,-0.454040484792828,0.117681743848444,-0.135443361309787,-0.415132582166205,0.290567925200196,-1.36442774960895,0.495772723350363,-0.765792791742197,0.63941504187423,0.558848140593515,-0.187559319315466,0.234848080380088,-0.183144430957313,0.0910458158048503,0.0357427705014493,-0.237700423142453,0.593249546892653,0.16946059635467,12.94,0
1459.0,-0.589969283834441,1.36499605822386,0.34765456408798,-0.226933287702992,0.424098982071002,-0.218881889344784,0.371373944612978,0.416357871313195,-0.538404331324319,-0.750578561129034,-1.53278819737474,-0.137871742437822,0.884038448670238,-0.288070090419045,0.907081601155995,0.892089071339062,-0.358436058212949,0.301863125734855,0.42730788886745,0.0908050214566286,-0.305025605836025,-0.920850560037375,-0.125556272906828,-1.05710193010616,0.0680913789526825,0.159428932501868,0.119670903721116,0.0225166510045209,9.08,0
1460.0,-0.959399376388089,0.542386845175085,1.79498654579928,-0.452459201718786,-0.0700800435391135,-0.391799953150421,0.622554473080034,0.199170725481537,0.357839547778577,-0.760568238770623,-1.67948148969118,-1.23310537824707,-2.37971295487533,0.133786043707645,-0.390623436005627,0.20771126989288,-0.244969058294552,-0.19724380218496,-0.0448218899714214,0.0216569790852787,-0.32937628347021,-0.971206124369502,-0.146849978769825,-0.17398335228859,0.392328922845523,0.262251854548407,0.204510747002949,0.113103099238705,44.6,0
1461.0,-0.655627131613611,0.877027691609004,1.31723525740809,0.0348236813143578,-0.0683347591396355,-0.849075596329006,0.511731044395485,0.0931741735649185,-0.401152439978595,-0.193252460088162,1.46490234923947,0.0062985103778899,-1.24872984931296,-0.0104352344908826,0.335294800411101,0.575361236942207,-0.108676500655912,0.443102485496839,0.146989570922305,-0.0016851446651208,-0.20788442425185,-0.628184534192836,0.168161227076037,0.446456194632558,-0.234646616912986,0.039539430731487,0.122093131622863,0.0664530591629076,8.98,0
1462.0,1.29444554940717,0.499666199954502,-0.792481341375181,0.527639357859238,0.481295914777182,-0.622904603172277,0.249390356995545,-0.0955264612255463,-0.303470637314048,-0.41562774998477,1.00534571714641,0.132549699293417,-0.377755209450667,-0.791212160071384,0.339205535764533,0.913849112360032,0.285789773276522,0.950982066193214,0.280121599219312,-0.0641734953570536,-0.14520527779054,-0.413296248395952,-0.189173306081042,-0.594399578510951,0.638510394081906,0.403842897225471,-0.0414122912978589,0.0172493313652311,0.76,0
1464.0,1.31489400083415,0.343270674490471,-0.0390081115436101,0.49720721888475,0.046249006817865,-0.597255179238946,0.0811229760169239,-0.16112506206927,0.0657717904542298,-0.286126809475575,-0.788250814845295,0.0447492330364161,0.533567940837357,-0.369556053169987,1.13678066388025,0.715017764141595,-0.318845393605436,-0.0460296930877443,0.116248170656979,-0.0434342267380807,-0.340656681280813,-0.970182871640265,0.0229298347658128,-0.503987206405538,0.333031152794188,0.146485823896388,-0.0230625672746657,0.0225686037455809,1.98,0
1465.0,-0.869764061598998,1.17249696053134,0.786109815471294,0.78213443242104,0.3623076797579,-0.895910391582635,0.915683263125347,-0.173066775178713,-0.706873995530277,0.553797598986397,1.26842692424491,0.161425074549164,-1.02675692969297,0.764203600125318,0.20915555622917,-0.443627486075909,-0.227980665130889,0.405826950859513,0.7671573589255,-0.0530503546119795,0.161280548046058,0.518571755105769,-0.0167869347980431,0.529791444015963,-0.110248960480265,-0.343245980817267,-0.0075190249875881,0.229843294452466,0.89,0
1465.0,-0.135109298350287,0.946577558149252,1.41961442434159,0.30439725454402,0.252501990044953,-0.497989866544765,0.599650561485819,-0.141484057961762,-0.714335487378484,-0.343992365233973,-0.549820786633672,0.450080252039808,1.47400757294586,-0.0838488969905417,1.1361287342093,0.0671857535872976,-0.403332191721763,-0.276147534238537,0.84352447389829,0.145261222898367,-0.212914854639152,-0.592835790586632,-0.0938229145881999,-0.0896821294150826,-0.0642930628266204,0.204993153818212,-0.0093990828562677,-0.0033911972113482,0.89,0
1467.0,-1.2757590189628,-0.328071765895116,1.32145362798252,0.799366115222173,-1.01554709928597,-0.388849515783608,1.26655590201677,-0.411009483954796,-1.78188380366922,0.421245658844695,-0.5316776936078,-0.219075091996341,0.350362968931421,0.0065824569597566,0.336800614198666,-2.40912388806951,0.637377036369582,1.1067342960743,0.232489483718788,-0.359194169345001,-0.334141205778286,-0.304707202292221,-0.133338729963299,0.723806499355852,0.513181157278902,-0.117061043396347,0.153940116093567,0.010983215063976,306.59,0
1467.0,-0.377371621088356,0.928868739977781,1.70307586280509,1.1872185221942,0.260669840707402,0.33140430269466,0.772613937675709,0.0086624022242364,-0.452062267745999,0.261780968644981,1.37586013892262,0.904160550514064,-0.138870617073705,-0.0155250338017085,-0.485771549479244,-1.17190782000287,0.339451357221249,-0.295465953698859,0.937087405311851,0.235288251918764,-0.0157961029221234,0.460224858554258,-0.162982677834656,0.252394728188889,-0.1655982205584,-0.282986358094156,0.261186035911656,-0.0261265638938902,18.29,0
1467.0,-1.67302546436564,1.00626324474469,0.726009450159989,1.64377229100815,-0.762650338294375,-0.384575231502313,-0.007271296806319,0.876679562117053,-0.547453952472833,-0.474050502347336,-0.475863548748967,0.509455271005599,-0.373957797055658,0.723013656341607,0.179958150722217,-1.08679505496954,1.16540995479571,-0.733642284800554,0.506733585546198,-0.0418962401607926,0.115767272452924,0.274870003678932,0.0170395601412962,0.632757936122379,-0.139779649324391,-0.269255635132531,0.0890005656123531,-0.0251772469961481,64.61,0
1467.0,-1.58872503798123,1.0989382848544,1.11220099574043,-0.765879472081016,-0.550190916708069,-0.772322635443881,0.158381161945634,0.556969290504021,0.31050351301123,-0.265186866905816,0.598877127981991,0.234848964681829,-1.94329158605956,0.461201772874261,-1.41961947895541,0.186412902509674,-0.167405866601323,-0.0492195779223339,-0.157660767915178,-0.180030448500553,-0.116235339566657,-0.344570849208366,-0.0154400173976533,0.516316477296516,-0.10818473932438,0.276625174407292,0.0062585212638143,0.144681050471904,5.0,0
1467.0,-1.62982644169406,1.32652887818658,0.906348574348931,-0.800461371113635,-0.283720414432307,-0.383246938078474,0.200999976849417,0.585984395195548,0.253948132156592,-0.0439349232979402,0.349153622759712,0.594569484088522,-0.795832413307288,0.199819201192055,-1.31646021232706,0.181867235457385,-0.3164636194204,0.0219773034136657,0.281429733343367,0.0807210751854041,-0.197778559127263,-0.385303758444337,-0.0666933437413564,0.022864112919774,0.141283830921965,0.385285517287995,0.250911218099172,0.19246245349306,5.0,0
1468.0,-2.44505531173359,-3.36875321679168,1.56804766283851,-0.55174975074728,2.64679190435686,-1.01680513628018,-1.75123755384405,0.333655061797812,-0.279417283473639,0.396931906549194,-2.34593412809359,-1.32053134747894,-0.952506131176724,-0.291817338142847,0.302362217624664,-1.16651902514398,-0.457029179547618,1.61473611942925,-1.315594247226,0.390946844556086,-0.0139395782704365,-0.33904195593303,0.418651347045428,-1.38270609000824,-0.0097501226760758,0.404601650504362,-0.174552316544258,-0.0477055926158748,85.06,0
1469.0,-1.01028315379816,1.06626131699313,0.68481681327127,-0.567201499104578,-0.523321671329738,0.711475420830064,-1.22831156081607,-3.77596377019549,0.389921700077598,-0.233083421850558,1.09830973391029,0.794758247041799,-1.47567304246325,0.647700177589556,-0.540644841372771,0.132017450652673,0.0867064205501993,-0.512668139576612,-0.58516473732229,-1.12556968162358,3.61299428622962,-1.89382084831415,-0.108467421926418,-0.0180828159232578,0.592110468161072,0.427354017448928,0.31005049821488,0.197386561146341,79.0,0
1470.0,-2.4414994900291,1.67384241062338,0.63562401393145,-0.774726759901519,-0.324321555788721,0.487036372848126,-1.3688531889021,-3.19842141680576,0.118281549212341,-0.341457100033279,0.820920532476586,0.777898804836262,-1.41958691269748,0.80251078162628,-0.716792752448422,0.122260762342325,0.288662023384775,-0.308244409092526,-0.35782652745833,-1.11050077747324,3.69791618162135,-1.59196716671571,0.368238819855136,-0.0471176919431938,-0.275087452574488,0.343955782485475,0.452182063687479,0.0324301849382616,1.0,0
1470.0,1.35374150209896,-0.617974950357782,0.578664061283987,-0.324814411599259,-1.21436194304217,-0.660671518786109,-0.571235117462817,-0.162430319565428,-0.399387982281265,0.49598071839219,-0.885908385267182,0.359413677051455,0.611662129878088,-0.457018459477451,-0.538045582268047,-1.84862275639401,0.404857041792165,0.585406010512441,-0.375375420607115,-0.460698443055457,-0.468140090028657,-0.63286041854703,0.0137548141032247,0.462436988857002,0.346978138211161,1.07909518430768,-0.0375847224147506,0.0075894425846842,12.95,0
1470.0,0.507348239939259,-0.687284625763573,1.29620928982228,3.19069868186903,-1.27268942406724,0.620450214850211,-0.716889068999133,0.418536794434851,0.602244210576354,-0.143923197540523,-0.489071360125945,-0.59304739844323,-1.39548531972089,-1.4846619999703,0.237857992934479,0.833914498554881,0.91169684622603,0.38112550307889,-1.74387152418141,0.285234588902217,0.282244585687564,0.421756128534608,-0.228593328686585,0.302683184734248,0.0938983283813651,0.162332811328016,0.0409080563605959,0.108612592010061,265.42,0
1470.0,1.11771550820298,0.492611818641593,0.61493819802345,2.52188720232492,-0.208438861961904,-0.571956041736897,0.230388693261081,-0.127009834400063,-0.741453065000871,0.667839229561497,-0.555698785209111,-0.183327550343511,-0.209182625590327,0.36873879441053,0.482509513588731,0.690328595816914,-0.588814354403715,-0.431507967972787,-0.919541967562743,-0.0927889450241787,-0.173958452199907,-0.658065703897339,0.0567979299225133,0.330202224201397,0.330630806864767,-0.190031201137746,-0.0209020285237151,0.0310729326968916,41.71,0
1470.0,1.07717633144028,0.288088375157782,1.39887041347541,2.80720136334926,-0.766720277146553,-0.128994266078845,-0.31708503632841,0.026005574420735,-0.130626304682196,0.492712800534944,-0.575730255071209,0.605315879141293,0.662689552668738,-0.450462873878821,-0.527847100355691,0.3185443828299,-0.27495106057166,-0.331301129296191,-1.00064006438819,-0.0881039018445855,0.109338086217206,0.485916761464212,-0.0785121315301374,0.753687902357944,0.506449113030046,0.125202537923395,0.0314123331275386,0.036220241546852,22.74,0
1471.0,-0.663184571984068,1.1372682943074,1.02184689694895,-0.193378506346109,0.264032383731176,0.151633735748,0.20988653409333,-0.498312422775371,-0.420471634778273,-0.290818603992467,1.24024265331669,0.124613769825638,-0.93160256417748,-0.0024804967701746,0.561929263324511,0.437597697705707,0.0351508868723566,0.149396522620847,-0.0455219927320307,-0.128135813927002,0.543628511138587,-0.86415115547772,0.0874392173236772,-0.400023537746474,-0.233259816803619,0.114431652596552,0.292798746364661,0.0838660271454071,10.98,0
1471.0,1.25737855155791,0.369826703371267,0.310663881239202,0.691278777163474,-0.354410817418546,-1.06903417132463,0.0990159628963367,-0.214529156330538,0.0037513776879456,-0.288022980799461,-0.0335246355516866,0.336137952013297,0.41592478914951,-0.325444385722839,1.0730110995453,0.46948946485425,-0.0160826649564819,-0.322679803986655,-0.199602805652432,-0.0695903744411611,-0.285707600961719,-0.814052515795204,0.127530508656585,0.350550036437084,0.222686719268284,0.0938186563254845,-0.0217359975244345,0.0311467289182243,1.29,0
1472.0,1.04602060988487,-1.02714731870179,0.245128661141987,-2.00118031344345,-1.03790732674713,-0.556044651958568,-0.353042646574293,-0.143430056347794,2.32141945925812,-1.73961012972831,-0.841456007677626,1.34824190106348,1.34237240476978,-0.388541459467598,1.61774089485984,-0.626815887679514,-0.372340605151087,0.438436268655294,1.33740489439549,0.31292485708974,0.0649832212821256,0.203836363881147,-0.322702756832275,-0.384606970255849,0.653345866462056,-0.749470560493117,0.0835777704746162,0.0547770970627769,156.73,0
1472.0,-4.42295223433286,-4.84103406158288,2.07146380483251,1.68158950626673,5.03675440962446,-3.04706085526804,-2.22667622636244,0.447232678830617,-0.807601841399848,0.470983793220636,1.2245135873094,0.50400543647168,-0.465581966378385,0.416172206434983,-0.363001789882022,0.860582362685524,-0.857441624955036,-0.435670885171333,-1.45626034953557,1.51476191740271,0.248325334900226,-1.10977343415613,1.36686799755175,-0.0682585179245466,-0.374771151546896,0.330559154649507,-0.387577545947298,-0.0092148362009005,140.55,0
1472.0,-0.845734271330907,0.817315134407777,1.20991674274957,-0.891732542654555,0.257661291148485,0.0297418515932846,0.524041499522805,0.182015666428203,0.251089356763568,-0.311221124339593,-0.154170497648133,-0.167207889691111,-1.52599442299881,0.113068081420476,-1.18591135673835,0.273732691483942,-0.621848165254658,0.277938723691029,0.546208136975337,-0.0642084339363736,-0.188064764308757,-0.501912234130357,-0.256047226120459,-0.529047848185173,0.0299357964378583,0.392072671034514,-0.0014453721720193,0.138008376253432,5.0,0
1472.0,-0.814122867921239,0.727476328863968,1.62136625269255,0.727474604046525,0.563879852624171,-0.278734449174759,0.709641862772158,0.0207977386794341,-1.14287728927796,-0.222922880541142,1.00315958477585,0.60040384256707,0.376068461396726,0.445883665820133,0.439996513265191,-0.0598948927190125,-0.512005821536235,0.685685288426609,0.924903251536391,0.263094094237626,0.170307659808033,0.328134670613437,-0.286202373968506,0.0276208185792074,0.570778790650325,-0.19501554857263,0.0451854202524702,0.0712839642409704,46.08,0
1473.0,-0.526513582700706,0.333863269412932,0.238466565601504,-1.49807358324028,-0.408853925038347,-0.327946621531023,0.252324633284477,0.340855714697642,-1.92588005307709,0.141842321780912,0.303384782508838,-0.536916787693388,-0.14560078892044,0.473239329658163,-0.411707026847373,1.32238689322343,-0.013107840962317,-0.47853811931257,1.34768778379736,0.174241609821293,0.361122224008057,0.652183768068286,-0.0509948628326962,-0.489486905699786,-0.0985107345114075,-0.224168305189546,-0.0289963906528135,0.0718229263045664,85.25,0
1474.0,-0.769094826472131,1.00921274921412,0.816200553811342,1.30308881240174,0.813789687575973,0.183144896818636,1.80247833683416,-0.0766951642996974,-1.60084927443776,-0.112938915275921,-1.08774858958901,-0.640036725968456,-0.251456845729892,0.430883039029646,-0.150030208531013,0.388051298485479,-0.656572290154603,-0.596617266087226,-1.63427767896435,0.100916684598638,0.161719013048532,0.141374731127292,0.0346732657014853,-0.487481979764395,0.242405181246115,-0.0567288373140917,0.0129983875516765,0.115917973252283,151.67,0
1474.0,-1.19226137519099,0.929927607134512,1.43578981813518,-0.590854529344833,-0.220020874912951,-0.856301664748949,0.619004009372473,-0.013307533706708,0.660853887659507,-0.163074644002307,-1.05826116745304,-0.583751900935215,-1.63217478349076,-0.0989267385089173,-0.51894927406847,-0.185955824374537,-0.0669773453769908,-0.510871014520542,-0.0873198625214415,-0.025132799447024,-0.232166789898009,-0.467623715832835,-0.0345393627504738,0.373242623763667,0.0205797639987456,0.366149373617787,0.122483741906842,0.227515214113506,5.0,0
1474.0,1.08934493432972,-0.827449599628179,0.868256161184567,-1.26364429524996,-1.52389518892501,-0.715011113565742,-0.731125329572865,0.101221472432155,1.77800665024767,-0.9973190374225,1.34826560001532,1.07486239623116,-0.831962588067764,0.144672279959991,0.708635514299835,-0.241216905714549,-0.207429732716591,0.730633701798587,0.872144122283035,0.0034396739457797,0.208753666661898,0.650664042518242,-0.139739343719882,0.592505145613943,0.378386993968705,0.0801243494639813,0.0248206071736495,0.0247577788287817,68.0,0
1475.0,-1.7493265908533,1.36496628994475,0.967414589305526,-0.607670141079068,-0.586494400661686,-0.923058947114082,0.252501767423804,0.423178434329304,0.683846634548416,-0.0775302146814344,-1.18264349623171,-0.413606873198042,-1.57034938889513,0.14598821256916,-0.542771097608111,-0.0840414669339867,0.092440039655787,-0.490750226764211,-0.122039182650703,-0.0169787029001129,-0.223151880873268,-0.50115851589128,0.0157389322432823,0.369497939590432,0.0931305041096764,0.373093718841353,0.106121848997367,0.223753332283301,5.0,0
1475.0,-0.585889701391347,0.892093927864503,1.69124063982349,1.32883782916649,-0.124215256862079,0.307216100549658,1.02708876056931,-1.23392104372808,0.109943112883825,0.277340093354646,-0.304382132473053,-0.368708640980579,-1.16150045880962,-0.19257478571449,0.353601954301235,-1.39657368674514,0.633884606030276,-0.715129722189095,0.639717298288632,-0.198718959615065,0.663319302534296,0.0840010257889259,-0.0008720385349874,0.394824979669097,-0.252433115674594,-0.315217401517022,-0.172595154938231,-0.339190229617766,84.24,0
1475.0,1.18491359621901,0.0764154407691734,0.52993244365241,0.850806042916669,-0.485773478672132,-0.677905058780918,0.0814676757885561,-0.201042091713305,0.30475551519079,-0.235456482432228,-0.485904855586222,1.02474744116273,0.999582251736624,-0.269277187088329,-0.320935301026849,-0.327943964994611,-0.0260246903663715,-0.835497795668512,0.203445310105052,-0.003229006204912,-0.205161792559379,-0.413959750451679,-0.0209726355319043,0.459679873113605,0.479929033987339,0.262635911724158,-0.0202926556760505,0.0195091064647419,31.62,0
1477.0,-0.638308080484164,0.730690020066431,1.62165473278551,-0.531368661505848,-0.207588470390404,-0.814995850887932,0.635054903135944,0.069421565321001,0.354817430866888,-0.693427505490052,-1.13733384960471,-0.702805307869651,-1.85112174524902,0.0911974423721085,-0.535382078867887,-0.138607086388944,-0.0278862034454853,-0.452169795776865,-0.0745820426775394,-0.0802015400913116,-0.218486807977718,-0.475243107199238,-0.140941655107663,0.385693909109723,-0.0397243981059298,0.382341449530673,0.272287033314169,0.160316629446495,5.0,0
1477.0,-4.48116251800798,2.35359532661853,2.34031065030646,-0.921434271854343,0.12487185090711,0.507163932115703,1.73311956411263,-2.88135594669552,4.53572544036331,5.78412339631275,-0.169722484390771,-1.30361280048756,-0.962991298130518,-3.6558681453391,0.76029704628044,-1.02096850212874,-1.38974084742983,-0.40336159407948,0.383694620173848,0.452072522957866,-0.18142528971384,0.0295246131641222,-0.392381836738242,0.0189464588505034,-0.177338781564391,-0.262409852489494,-5.33628942382672,-1.40606404636599,19.69,0
1480.0,-1.68335724271352,1.50512334574535,0.843921470358764,-0.827477716387389,-0.431861752157504,-0.215336397715354,-0.102517017585736,-0.11478171249129,0.349090963636362,-0.0699117585321914,0.211947617570367,0.290003775162672,-1.51694437870487,0.405563520629151,-1.27363420573231,0.224751749624191,-0.202278477824987,0.129105429576858,0.25564637796393,-0.0639788018117428,0.558429402826351,-0.712698935499735,-0.0190369560986888,-0.0103069168708139,0.128748388340084,0.401952856716394,0.392932510032242,0.213428478420953,5.0,0
1482.0,-2.46415556297808,1.82940521583635,1.00553384618451,0.0334234753888155,-0.761330384126705,-0.695749001413578,0.580958259386025,-0.254764120339295,0.87413660106699,1.02900716019777,-0.503847941458544,0.208991031991643,-0.305995684849916,-0.49904906719386,-0.314371377830778,-0.595579218816246,0.15718624186824,-0.719489474071719,0.27462187755111,-0.124975450342479,-0.058407513544088,-0.252155873756527,-0.106542460391668,0.744204640167613,-0.153646560325497,0.0552900567985012,-1.37048891745913,0.039428997452681,38.49,0
1485.0,1.23818129232965,0.328666392970116,0.196792204866413,0.494348894124336,-0.110838097705082,-0.546887372331124,0.0061990488414548,-0.0604926661856803,-0.271630195056275,-0.12616031866997,1.40982259293712,1.05009292663393,0.644621226287679,-0.199614448109733,0.369020047169199,0.751378381759284,-0.402837705715731,0.250418137380089,0.214103744009391,-0.0313552892356697,-0.253040621224596,-0.742231728893179,0.0707339208199388,-0.0303276508478912,0.245781761392066,0.0962186728783507,-0.0243259166888741,0.0181286118895646,1.29,0
1487.0,0.453116266885419,-1.09869213191184,0.822911273110973,1.50140992897781,-1.04235597788148,0.326012661657902,-0.11781133305833,0.0615531152723442,0.606736887306786,-0.36772630495272,-0.327100752930344,0.906145304869816,0.984627771156101,-0.319950781505056,0.823961035434359,-0.0443946396647914,-0.166233791105129,-0.272586100407705,-0.907099260352432,0.601830211266572,0.373663494731401,0.539620163793491,-0.379396896747221,0.145476624379644,0.340384306695304,-0.269027306317787,0.0252764646184794,0.0951439012074584,355.05,0
1487.0,1.23789060111899,0.227157954762385,0.641062455408415,0.701950213010208,-0.680761779374564,-1.19138684161711,0.0368785479800712,-0.200164311245591,0.0927341478770368,-0.0523694509146866,-0.0022995703763945,0.231150027923092,-0.204879454783121,0.350868999183165,1.05863137712842,0.229073445140447,-0.277724611787073,-0.592360341977252,-0.238866079268602,-0.134523949774815,-0.241568213006612,-0.721825501047003,0.182887188977756,0.693724662479974,0.158355852096074,0.0759286422326624,-0.0315574565002079,0.0212535074236861,1.29,0
1488.0,1.09560523307414,0.480268867938736,0.695004685981578,2.3277918499642,0.0278343008013226,0.249907589556989,-0.0578743531144218,0.17292393845867,-0.976953329195559,0.813886800497799,1.3718954452736,0.632594993954666,-0.14665862264516,0.52176004888998,0.102465180546759,0.626425754687776,-0.609899076010383,-0.244328705164339,-1.0749474004832,-0.170242050150311,0.007788443569759,-0.0358078800786605,0.0370076392718892,-0.0116378731096131,0.31431104161374,-0.0614339655618612,0.0026323660233197,0.0113708599716984,7.58,0
1489.0,-0.695075961740083,0.728803857606973,1.73991980623765,-0.605475223965666,-0.195106812003849,-0.59207924675667,0.577042814799377,0.16951307727275,-0.0094522625790727,-0.542452466697879,0.845049093981123,0.371325747245282,-1.37254727101419,0.180796677443538,-1.31638365115488,-0.0294882278616758,-0.23904278691264,-0.0965011043100403,0.134372778659545,-0.0373340571411087,-0.146552170646952,-0.276343296321902,-0.135473210149771,0.552153140472062,-0.076670430511166,0.350282419320772,0.272649533133616,0.153483976689652,5.0,0
1490.0,-0.798976008409009,0.761253597330344,-0.045668850555913,-1.78295352921286,2.4051566867588,3.46989427109155,0.155797835107119,0.988784675971526,0.175226882782889,-0.371192693072274,-0.620330655192305,-0.032504672199819,-0.327217819001916,-0.15135873405931,-0.505228497678774,0.0936581349523567,-0.626679040670032,-0.216893208454985,0.257455501139823,0.265329517760504,-0.285930642282694,-0.672795711970632,-0.190582052414114,1.03048416589185,0.223369014512521,0.397432888476729,0.391805309684402,0.218627409260445,5.0,0
1491.0,-0.655918937453177,0.684469960315731,2.10972162222245,-0.0113680911615015,0.687018517509402,-0.216081278466103,1.13190399370128,-0.562190251745427,-0.0905684453666272,-0.256804650662832,-0.83081174332205,0.4756400973479,1.26015004633536,-0.913204123986406,-0.388139418867336,-0.511139206353764,-0.374599894531381,-0.593674619211742,0.66520392581047,0.217252049709845,-0.282131428470292,-0.3308444289811,-0.42331053255819,-0.0453336788587908,0.416532791708726,0.25959433240539,-0.434703485985585,-0.370781040972305,18.33,0
1492.0,-0.695949800098088,0.669120454277729,1.72621265234633,-0.595092770423101,-0.274255481489986,-0.620175993112681,0.522059082838122,0.214611835660932,0.115854375773696,-0.518039116509928,0.705398333007621,-0.0671077022646345,-2.19963618944968,0.345622551508533,-1.22660417474186,0.0084527667388778,-0.19096593515355,0.0038742508013974,0.139322328797303,-0.0908936860402054,-0.155875592402781,-0.342774788693977,-0.126084358549061,0.516803430966497,-0.1051298816677,0.353619823665257,0.267340356278002,0.151589120968342,5.0,0
1492.0,-0.828372005715214,0.53157317874536,1.37516106041999,0.457321994293091,0.536939513118966,-0.597881240772983,0.0575233695545384,0.0837398064240589,-0.566401179132433,0.337855465614302,1.04018081645343,0.408340737984138,-0.119121891879325,0.421188465736564,0.747190986885677,0.112657428524109,-0.411409463085636,0.387926249631786,1.41392286519764,0.122507943588502,-0.171593904591393,-0.415953821645189,-0.0888878596160629,0.0023026803204785,-0.616856823992902,0.171699194708459,0.302957198343941,0.16952241670554,2.68,0
1494.0,-1.46077000426592,1.36884785237929,1.09528856106807,-0.728948259930249,-0.467370009690011,-0.553949786736921,0.232215327136529,0.599587942967739,0.14062679763277,-0.163915227479479,0.646994815553503,0.754434070379367,-0.766509022039089,0.24214885007107,-1.36726837158377,0.0864759945587664,-0.191548397391304,-0.0884338087953806,0.14286666920277,0.139522083101281,-0.17438976705812,-0.326477250775762,-0.102198408573094,0.339120318858141,0.0923613381976057,0.373430072583886,0.363699491732966,0.210499117989074,5.0,0
1494.0,0.913351361375561,0.162819555748677,0.778282388056044,2.72281013191216,-0.657400107781292,-0.824999406221524,0.245082525046922,-0.13835624490552,-0.658599481896469,0.653368832245291,-0.186987365046366,-0.330873141039054,-0.812199953520735,0.494716369867689,0.603417306026002,0.614944641721428,-0.399726456212232,-0.355246942669713,-1.24097323105554,0.0310128675366058,0.027784659744836,-0.284200698860116,-0.0105946465989371,0.875361018396273,0.278540276107525,-0.117198026145317,-0.0364015957106434,0.0496271952664974,126.71,0
1494.0,0.988099241223018,-0.2666308978624,0.838620983835107,0.537459069569754,-0.645095083378579,0.104053896768823,-0.400057828950037,0.186203586310081,0.0699409750900412,-0.0025501184807103,1.64469219853438,1.13110455558444,0.335180489633754,0.248393074625996,0.845425304118842,0.478137607592871,-0.528472035735455,-0.097732611891334,-0.418698903904415,0.0674305109170507,0.0427350516825714,-0.0394346681581612,0.0378643899918992,0.0481716141993,0.0379003155868963,0.216462720772951,-0.006886719180029,0.0270790069748213,84.0,0
1495.0,1.19952301855952,0.204186728176258,0.381992829924995,0.639021633893657,-0.544540114666357,-0.900318731692255,-0.113646333594417,0.0148064545544702,-0.0162270618917011,-0.0701308415733369,1.5611238401365,0.201073338798704,-1.37914551998144,0.216559792524611,0.541423730766379,0.68521830384579,-0.0973251506265549,0.311869753821721,0.0247981869206061,-0.17300399609045,-0.24009552868013,-0.801196300734628,0.160553184569828,0.454744914565259,0.108922645978857,0.0694105875165734,-0.0361798345377412,0.0193788982495917,0.99,0
1496.0,1.40587855638664,-0.480540099150003,-0.39865554129529,-1.03734659971225,-0.182116715192872,-0.301716189628908,-0.233247815427782,-0.113179612608309,-1.24715636076968,0.790862690179219,0.501941078287842,-0.243511529992288,0.173959631965257,0.211731239259549,-0.0899421867273969,1.47778469966539,-0.304617333279626,-1.02653906128385,1.51618654238726,0.175420398278261,-0.210163707782362,-0.852694548656342,-0.0553106826869525,-0.856906965873912,0.458685024216012,-0.478417731958871,-0.02830621976795,-0.0020965914541737,45.0,0
1497.0,-0.782064264965522,0.96867981721769,1.40902504407518,-0.657450372154748,-0.226126003962023,-0.936781738762045,0.674159760490861,0.0361441342696271,0.405568746713311,-0.315645643914697,-0.942271786902526,-0.637816012511328,-1.5675606540738,0.104642039857066,-0.126166227100284,0.0387070613090866,-0.218911612226705,-0.425185998603469,-0.243174274985419,0.0492229253444892,-0.240605134329365,-0.515918043579301,-0.0520000031173934,0.373574470863179,-0.21230896889422,0.302135819867645,0.399838602080124,0.23795470373613,5.0,0
1498.0,-0.918129336947467,1.19805632906844,1.20427277824512,-0.28859737839679,-0.422229442336538,-0.678662141537145,0.231561511853352,-0.778358147386853,0.511500323762113,0.0628295669574464,-0.816680968448831,-0.502212114697736,-1.3788981879168,0.0760959219861383,0.238569708422549,-0.168576592102586,0.0565074663225882,-0.388566429313693,0.305098952472494,-0.0465265709657574,0.511232169141549,-0.840150517644816,0.0624659263138184,0.366249386728017,-0.0342333794478952,0.424804101128996,0.222554842795983,0.142330620585458,5.0,0
1498.0,1.33443491614548,-1.32077180396353,0.476921886673294,-1.06137921224864,-1.70033496511007,-0.717315031653281,-0.870920082043136,-0.199647507156043,-1.50042803880293,1.25222129674986,-0.800966278422254,-0.571832865412084,0.446638694736391,-0.633154616670996,-0.61941049101624,-0.892760375331787,0.923294219551521,-0.422825656181907,0.15030064327158,-0.177012998234307,-0.349519580775986,-0.641720953017553,-0.0091192683678554,0.384197568742828,0.384064702541674,-0.278647103272203,0.0261421184014661,0.0346375987323881,96.82,0
1499.0,-1.7046823111991,1.67044210081585,0.819690838190092,-0.718860905173741,-0.620754007102587,-0.85354757857071,0.0071949593393364,-0.346919548030184,0.543471867506224,-0.0509457925195032,-1.04586503840319,-0.331121888130314,-1.39016845295095,0.31622304628987,-0.176572568030724,0.123009575015213,-0.0085783717519346,-0.414064866943073,-0.293241080738071,-0.0921459315517428,0.558853256417273,-0.802191294875652,0.120297340450635,0.357147511937215,-0.128353575625209,0.300982752675552,0.271751162496566,0.247731227385244,1.0,0
1499.0,-1.34475191919366,1.39321359939822,0.948695080951131,-0.672000682179973,-0.560410711992564,-1.02469864697094,0.278152360666749,0.478197501804224,0.430050846532223,-0.226446921550929,-1.06788360786855,-0.465029173308722,-1.50631996945363,0.351429274597728,-0.150827320401645,0.137521080355788,-0.0580294598586999,-0.4042848233712,-0.27835315709311,0.0696719623178719,-0.226941123336573,-0.551333055177339,-0.0008261282118014,0.369223327320287,-0.140455784079607,0.30857201734476,0.378032889438192,0.236274857267526,1.0,0
1500.0,-1.4855058231603,1.34571449300601,1.30128742444878,-0.790652742071254,-0.44029410224452,-0.707441211365846,0.426472440381619,0.254074948147257,0.216898224614522,0.130009064769735,0.981703915588856,0.379693172070045,-1.26391044312589,0.23533810096891,-0.846105258706446,0.154938923148475,-0.359137962491502,-0.0574508655373371,-0.0095693718432659,0.0168195699510094,-0.136552213245152,-0.373011273333216,-0.0699719835695588,0.532100959500619,-0.147941248672839,0.232079472130708,-0.325921040994522,-0.0737539596915748,5.0,0
1500.0,-1.43067131690713,1.37347442858687,0.963878373592681,-0.866747670823707,-0.273848815560631,-0.430835704130931,0.250176803681895,0.519703887045904,-0.0238870460969514,-0.203092241131908,0.47944879308698,0.517078165244567,-0.728805984515408,0.364108757612264,-0.889722853095965,0.386947826592905,-0.466283123057146,0.0998732282355461,0.181810150255334,0.0005609964476223,-0.134439264515883,-0.461783900685315,-0.105695202367522,0.0118726756451213,-0.0237998648405678,0.305318851018466,-0.021732647325096,0.145604801754214,5.0,0
1501.0,-1.98563846552984,1.75031410439922,0.748873964180206,-0.793259261050268,-0.781244216230885,-0.811367329762064,0.0268234451136184,0.690485833215013,0.27774670649084,0.247338965860595,0.843595088390762,0.565267355322745,-1.19794782221155,0.485259413325919,-0.897713111165099,0.255097001513419,-0.211270426363205,-0.0344549194866245,-0.0626240932551887,0.032093793872166,-0.107434947609297,-0.359010715239474,0.0369966172552409,0.526380537117522,-0.224432126513877,0.211170130029095,-0.330932818737249,-0.0562366384504975,1.0,0
1501.0,-1.93042237440114,1.77878225295363,0.41140242090664,-0.86949955948131,-0.615354195926425,-0.534364818050814,-0.149128848024171,0.955953030234192,0.0370043239219923,-0.0857106857967962,0.341391653352553,0.702622928328975,-0.662848032708768,0.613952990740271,-0.941295084704021,0.487190846731015,-0.318450337975144,0.122754175999029,0.128814888024382,0.0149515592243384,-0.105609027683367,-0.447741310611398,0.00056248825876,0.0062153542191091,-0.100400920398693,0.284431283158477,-0.0264127577407217,0.162982725365878,1.0,0
1502.0,-0.846437827278237,0.509947644458824,1.00437177973172,-0.50623234758172,0.702630547505611,-0.931903840658713,1.0937083628075,0.0444101848360992,-0.169311148654809,-0.893575794352414,-0.932790925346776,-1.11588635380257,-2.49385050806402,0.766555545422341,-0.025137991193321,0.278624331248867,-0.612060121836093,-0.477205802438165,-2.22874930206209,-0.339349257936441,0.136807408824468,0.0994781071146723,-0.0075384544742975,-0.0100343201736719,-0.0577462509790354,-0.711682723629719,0.0741013487036513,0.141442681934237,49.0,0
1502.0,-1.0339870200929,1.04194024629989,1.06089784398525,-0.497569025041816,0.0067488410360176,-0.395604473922246,0.387252418636723,0.0517731219113138,0.294613990193229,0.407071651398329,0.623319837846039,0.230331453209921,-0.981554248706944,0.111302981368921,-0.514310267385809,0.0411750392928586,-0.431280899312205,0.154214166341901,0.765683952409985,0.0734690718409242,-0.143513497373293,-0.319702545888541,-0.0872668449417058,-0.0004032533786291,-0.520436184862252,0.323546489524927,0.0630966004962105,0.2435348951901,5.0,0
1503.0,-1.76785986582705,1.50297097632235,0.724310662555889,-0.905559083560853,-0.313146466805726,-0.504552759589841,0.181920108672065,0.499368340145436,0.322760307668053,0.262056372039037,0.449606523292108,0.393854747849961,-0.991495291938974,0.310815897596026,-0.857820256686343,0.373869515421069,-0.483526063084863,0.10956344666453,0.151095746138639,0.0372820494955887,-0.153265324581484,-0.448500252990194,0.0103186251504291,-0.0185094377176617,-0.127980186725784,0.275724252223608,-0.0122754154631263,0.209191927465138,1.0,1
1504.0,-1.02608241206203,1.344535458333,1.36481736046748,-0.707748302862395,-0.0643817707369967,-0.720407124375244,0.558180620142098,-0.882455566107933,0.108783548065665,-0.314538463988047,-0.539605480596299,0.707116309036649,0.820633694003048,-0.347843298781048,-0.407726156665421,-0.068914662626404,-0.292763797628523,-0.707720801932965,-0.275504525478467,0.0382370806874958,0.550389665397554,-0.580493417667171,0.0222883624095223,0.425626837603914,-0.114142625139532,0.300114415336139,0.451211978333043,0.251131346068255,5.0,0
1504.0,-1.147502926413,1.18795539980205,0.87996021251107,-1.50627567766878,-0.323016911180183,-0.869481400418301,0.419843571085128,0.107034307399192,1.08948501512011,0.514806253580427,-1.12151499431755,-1.06222787085314,-1.56273678342321,-0.0951837737230051,0.80363879701301,0.777246248622136,-0.858292381071995,-0.0586551432511359,-0.635029594899781,0.335454517693167,-0.312369301201041,-0.518103784753093,-0.060559882514847,-0.170313803227737,-0.113214045269677,0.720927867612339,0.0270039292284005,-0.265341454795181,3.84,0
1505.0,-1.58918928849855,1.76809733067281,0.903828978400359,-0.722368369158473,-0.402301494274679,-0.805883696308188,0.167422710367122,-0.440052375617936,0.132279270579858,-0.226794568327987,-0.665438451646202,0.879132192035726,0.881946396093429,-0.10118467929627,-0.432688408273883,0.0298499377821708,-0.132096144397133,-0.685858878072813,-0.310667168787857,0.0621077134656886,0.564965196392823,-0.614669971533687,0.0855452838041525,0.420549932643304,-0.0395838400317242,0.306701845698272,0.427816606336135,0.249614860399083,1.0,0
1506.0,-1.58655111760894,-0.160711600915662,1.01647437106592,0.808093189354603,0.959520452434833,0.0857468518992493,1.22630362857859,-0.395456845101246,-0.15109722136312,0.960554159423941,1.38143403429236,0.378495770522261,0.0676367064183647,-0.0902924696234677,0.788150758035721,-0.407075281132358,-0.57416592481663,0.181004832836511,0.565952097286707,-0.152085617585043,-0.166645571970568,0.82470963493603,0.705268320160834,-0.291444807014082,0.0030994778976687,-0.288587793012393,0.420021459881837,-0.389300615409734,99.93,0
1506.0,1.23856912861393,0.207420213502931,-0.0224400483036978,1.05219550163309,0.341801477310109,0.351660361396232,0.0697595122826276,0.0278491086845579,0.0152213749130411,0.0687178339787943,0.0099755652383045,1.0980168161149,0.664774471741395,0.0348072416091605,-1.0332701829902,0.0752316927699808,-0.726465631619402,0.266443080924004,0.713700573961531,-0.0587825761814048,-0.143995373897395,-0.220770274380625,-0.260700092115677,-0.81112354449791,0.881769161879181,-0.289688794586744,0.0215598812803603,-0.0004758883787444,12.99,0
1506.0,-2.00323753320516,1.56811528381183,0.473886906198392,-0.735265693966877,-0.633108927774989,-0.387188715150375,-0.184267370108505,0.815683313390483,0.119291620639646,-0.299100704097437,0.131108474007743,0.597290368336636,-0.996438078086014,0.536858383256113,-1.34941849709429,0.295142852102606,-0.161185162231276,0.0884914629284211,0.334706609503974,-0.381636538878341,0.0076574354033144,-0.330896576642965,0.0263810562483834,-0.0002869665525907,-0.1614808875482,0.287249367207385,-0.755515019593912,0.0176396935774169,5.0,0
1507.0,1.24503159286054,-0.0041967779378513,0.288186562990926,0.728763262964041,-0.340889764806515,-0.408936697945573,-0.0441494652686419,-0.0813078150804915,0.562003545793892,-0.186571433635535,-1.21357197293586,0.0776633267447742,-0.354631655765456,-0.0164442956546548,-0.124465158628455,-0.104903769968288,-0.139187051357487,-0.485130215840665,0.419696440895566,-0.103047606921767,-0.26445183735593,-0.625041231586396,-0.0594349148760495,-0.118993203735747,0.507177355199499,0.302109337517013,-0.0281710479532595,0.0088492612490963,19.55,0
1507.0,1.31523153664359,0.220480240595371,-0.0775297738909015,0.511035337470059,-0.101423410389682,-0.630056697528526,-0.0377582486433021,-0.0612219824488992,0.326530332629388,-0.23534718447634,-1.08333770569023,-0.872596723531217,-1.18864427979955,-0.0272200831132947,1.32660292838083,0.796562529174652,-0.22127146848934,0.166207103928668,0.128730002937783,-0.154606911825946,-0.361060717698896,-1.11215906891981,0.0447468158175266,-0.538467190423472,0.275491131984003,0.15176448634064,-0.0342876162342702,0.0188685038089423,1.29,0
1508.0,-0.798155087470596,0.731337638243392,-0.0149401524489603,-1.76653871257257,2.41549900680169,3.50310011380649,0.155923796879658,0.904190014436843,0.119174292382376,-0.460355066195021,-0.627840317831003,-0.043988953966895,-0.324079987972128,-0.151850266408576,-0.506490268754876,0.0886211957813998,-0.630871525814013,-0.216485691436028,0.292685406410222,0.109231608791144,-0.219223715693435,-0.653016099466533,-0.196825803791523,1.03310185176369,0.146002160894674,0.366561488477977,0.0118732795814459,0.154603593078079,5.0,0
1508.0,1.2703946112314,0.19201361607921,-0.0416511814373402,0.125547269986041,0.52250190556083,0.605850041849827,-0.0748316802903126,0.10619953743642,-0.287658351516553,0.0294164054648556,0.670968632094438,1.2650337522783,1.52163660618214,0.169195723607553,0.565049409166629,0.552975857741672,-0.950962725167445,-0.183890421685603,0.317362036629548,-0.0007617858183586,-0.25506045300207,-0.680175057809625,-0.0275634886991019,-1.31780408840198,0.332203059281875,0.187534584520995,-0.0111954309424545,-0.006021668472659,1.98,0
1508.0,1.07369941118885,-0.121290575254341,1.37242791717251,1.69968113905216,-0.910185217784813,0.335460809994652,-0.53917335342259,0.262779401073323,0.937922128943625,-0.210517416034398,0.603181002507448,1.80903276523154,-0.0768966559334979,-0.620788616988988,-2.70441970780741,-0.732143524482589,0.303294096731266,-0.513584999205762,0.744452383336595,-0.163128701001872,-0.377092127833642,-0.656579913780029,0.0674242969864552,0.538141613290526,0.452329401939469,-0.569455294461115,0.074064333055303,0.0238345867013438,6.46,0
1509.0,-0.275482986322912,0.99709752237775,1.33236663688393,-0.164832844802539,0.402264358243154,-0.417759332537154,0.848350425527468,-0.144493821194849,-0.536246337462912,-0.14541212124334,1.33440217782726,0.578403925290349,0.387643610177573,-0.524640884682033,0.213030235609467,0.579466123321638,-0.486002773419118,0.401097082788883,0.324235363357626,0.241183175882935,-0.278296461983315,-0.585853556768942,-0.0967211945204379,-0.0453866132196756,-0.15926763054428,0.0453778495862723,0.0777727463267722,-0.137185927382958,9.99,0
1509.0,-2.32376098515198,2.15090201149964,-0.0607223229837446,-1.12786821804634,-0.507338403343072,-0.275404748278754,-0.165329591365558,1.10455267914135,0.538174958438065,0.621255424446077,-0.121763807908145,0.441878324118111,-0.779324658639996,0.480953682688716,-0.849395115625087,0.617838646981741,-0.516684088865945,0.291141174641981,0.237337942985319,0.425258529205195,-0.272163798859706,-0.623584175557438,-0.023296625591739,-0.548947689790072,0.147265326877899,0.359212847227095,0.567139060696726,0.338038607993489,5.0,0
1510.0,-2.88686554756186,2.57361124391289,-0.520661191036119,-1.14215296608856,-0.839928810743086,-0.364636538650868,-0.562655941099485,1.54751058807418,0.562283126822143,0.710061498052362,-0.247684719159598,0.614794339692655,-0.718200029093746,0.728241623348183,-0.874393884001967,0.716058443079881,-0.355541955206493,0.312644394254338,0.201560690268569,0.451429217749929,-0.256608216262469,-0.659521744650964,0.0297842610619422,-0.553642507946432,0.219229154312942,0.365389531456068,0.542425975979048,0.338585639472054,1.0,0
1510.0,-0.372594047536566,0.291697363589179,1.43761546899316,-1.4420139641736,0.0280332557148422,-0.117852509857176,0.434628673308889,0.173717016331931,0.362929419518069,-0.266764129252607,0.854417231986433,-0.695165992105477,-2.43839940039961,0.388220107766349,0.383385460970748,0.681279282910366,-0.754068401260957,0.0507863288792676,-0.690272757487037,-0.043671074146225,-0.117483916138037,-0.26219815468902,-0.0195674068492903,-0.334041197830051,-0.413196923329016,0.734333752604733,0.0034569615073701,-0.176634295550028,19.99,0
1511.0,-0.839604941059697,0.917092767216516,1.5164479647015,-0.722513457524913,-0.280495631448991,-0.738683504960993,0.570512553156184,0.173506148078044,0.145741696588521,-0.144304368343873,0.923959193876705,0.0711654301672295,-1.77828168631205,0.331644551297699,-0.832506622570916,0.179303305417155,-0.389865464657551,0.0139524520643714,-0.030200228005391,0.0473592743360512,-0.176409628706141,-0.372164759483967,-0.0387966345045442,0.508456656931526,-0.273052137696766,0.272952438504361,0.395792714190492,0.229523131172587,5.0,0
1511.0,-2.34066954270416,2.34105713508405,0.314715680451525,-0.824027055777903,-0.844230933040157,-1.05783631674847,0.0650638360050435,0.81074455408619,0.49540978337347,0.403975195476213,-0.771959573141713,0.892912541401584,0.759109794812619,0.0168149850763695,-0.388420561517869,0.0935108566130704,-0.0428044618467124,-0.683792300990382,-0.389469800339704,0.488973154861309,-0.248457921012952,-0.445061010517926,0.0769446245952698,0.41576566946908,0.116105284444164,0.317583020732653,0.582587746710953,0.360448062196314,5.0,0
1511.0,1.17486887361738,0.252218199164957,0.717913613756785,0.692486985643612,-0.500981174117297,-0.812009964430078,0.0409241695682007,-0.136855269271433,-0.0888590404592706,-0.129978218541253,0.586917178194716,0.958271896335261,0.819058282520363,0.177490316608522,1.17752142060913,-0.173544072548543,0.0138179112553759,-1.24011664267797,-0.683046075840606,-0.097282432050373,-0.18607714098878,-0.482871978980082,0.222049690510792,0.618224465738239,0.0934268196071682,0.0889179110079027,-0.0083543545533622,0.0228022937060213,4.49,0
1512.0,-1.40229259528783,1.34162654939705,1.05611800157745,-0.737063767550137,-0.614780339479531,-0.826600413169889,0.174505153332071,0.615559515612641,0.170223796407433,-0.0551056459801059,0.798347372910679,0.243952269369836,-1.71704100169188,0.578431786038361,-0.857167715872277,0.278117324463856,-0.228983312289546,0.0348536272966402,-0.0653791101130822,0.0678083113094339,-0.162745617713349,-0.407579771082004,0.0123772404010477,0.504105513388634,-0.201198952882153,0.279388635981475,0.37398700154856,0.227843284703982,1.0,0
1512.0,-0.928265075534793,0.427466435279775,1.93417401274626,-0.645179892971588,0.429083371022248,0.0322060645593984,0.682872363717688,0.0959173719743667,0.119623621862222,-0.389753185610968,0.107788698354524,-0.161798849236541,-1.46655834202567,-0.0846985015341278,-1.15272083324015,0.325920983119551,-0.722871856279486,0.208977595886211,0.317538753068099,0.167012241347462,-0.331533056841347,-0.791276283466342,-0.247966878399511,-0.375111062854973,0.393136751316234,0.224601156001082,0.0448864512040747,-0.119116832789844,32.07,0
1512.0,-2.90377410511404,2.7637663674973,-0.14522318760085,-0.838311803820123,-1.17682134044017,-1.14706810712059,-0.332262513728884,1.25370246301902,0.519517951757548,0.492781269082498,-0.897880484393166,1.06582855697613,0.820234424358869,0.264102925735837,-0.41341932989475,0.191730652711211,0.118337671812739,-0.662289081378025,-0.425247053056454,0.515143843406043,-0.232902338415715,-0.480998579611452,0.130025511248951,0.41107085131272,0.188069111879207,0.323759704961626,0.557874661993275,0.360995093674879,1.0,0
1515.0,-0.736523120108736,1.26279389341669,0.655813456805609,-0.490411052510898,0.642769360890313,0.64607796322657,0.212408270668133,0.663157586326933,-0.923447402927382,-0.44296769322539,0.371976706955834,1.10790018170577,1.48792813602813,0.349963206900786,0.321118001679081,0.561027658921164,-0.763270642415494,0.0198384825777983,0.444867837673472,0.0860698273641257,-0.182744626170155,-0.525723859826968,-0.138945745588958,-1.32721932707142,-0.0497068632884945,0.166095934582241,0.160060973895372,0.0331735291820639,0.82,0
1516.0,-0.839994146698551,0.85199472320166,1.49434260527407,-0.716158705406085,-0.355064257120538,-0.751566458927503,0.508638623078139,0.226260596333785,0.281234996130735,-0.118128800915563,0.76987497776399,-0.406449083742109,-2.6736104174067,0.509601148430106,-0.733307354025728,0.222157423563526,-0.339515807381872,0.124897045833215,-0.0235207219579733,-0.0094372835205511,-0.186889832553907,-0.446795336987811,-0.0275113867833488,0.496648063792439,-0.30287162103054,0.27538697788323,0.389842026714413,0.227718787961271,5.0,0
1517.0,-1.40268180092669,1.27652850538219,1.03401264215002,-0.73070901543131,-0.689348965151078,-0.839483367136399,0.112631223254027,0.668313963868382,0.305717095949647,-0.0289300785517959,0.644263156797964,-0.233662244539503,-2.61236973278652,0.756388383170769,-0.757968447327089,0.320971442610227,-0.178633655013867,0.145798221065483,-0.0586996040656646,0.0110117534528316,-0.173225821561115,-0.482210348585848,0.0236624881222431,0.492296920249547,-0.231018436215927,0.281823175360345,0.368036314072481,0.226038941492666,1.0,0
1518.0,-2.5985393757037,2.0472792308488,0.511801605972583,-0.881591999702736,-0.703985063606771,-0.885713849567534,0.121113335726476,0.688916053428001,0.517716962986834,0.926297362472669,1.15576725582683,1.36336990038185,0.262687048924339,0.0369602559081229,-1.00390091561011,0.174943917309845,-0.320809828824626,-0.252987433786062,-0.135489051116061,0.362620296417859,-0.280945475150951,-0.2691144530409,0.199947383244998,0.546685086635335,0.0530646170731833,0.261339899568634,0.357347506675776,0.0825992151245527,5.0,0
1519.0,-3.15890513033919,2.47507162908504,0.0514142014876089,-0.896920131881522,-1.04056086973289,-0.972096158694499,-0.273748681490586,1.13071306751059,0.542132959028628,1.01547418202517,1.0302173289524,1.53607475406081,0.323778166166297,0.283694963970661,-1.0286440169813,0.273773379051554,-0.159917119190764,-0.23230960905517,-0.170839538314719,0.382448548017318,-0.26745002849848,-0.304750339543057,0.247925744868332,0.542443172676487,0.124237649045736,0.267672867408584,0.335014948840131,0.0821457265729679,1.0,0
1519.0,-0.715154064589696,-4.93069510607472,-0.0634454496172117,-0.167102782681605,-3.09548420601572,0.547832692075635,-0.219070117470696,-0.0538370358998245,-0.895242835005272,0.664765793591331,-0.973803703725295,-0.950163994434916,-0.512264825794821,-0.586231272206559,-0.329751654982605,-0.865891763467256,1.31834620435427,-0.29782083981367,-0.549904429485224,1.78241660933661,0.321989491196551,-0.939239081470384,-0.838176615866296,0.0882868539570583,-0.23866288039648,-0.326486588944189,-0.11783666707327,0.215738730028242,1109.2,0
1521.0,-1.40614178529728,1.79310341965221,0.985109294321543,0.324252309828874,0.049987467138495,-0.509891220359636,0.605841982959258,-1.03967840169726,0.175261012220581,1.47724625343618,1.62465245890945,1.05390288799994,0.40305556541168,-0.158517675108135,-0.0769275256379549,0.0288517458713219,-0.765382722762319,0.0874666428517526,-0.148710403814943,0.273213130715557,0.592359280519369,-0.337069461010701,0.103383877534506,0.480718609049114,-0.211867567093242,-0.693570297041713,0.260004307645625,0.140744646343064,14.99,0
1522.0,-0.892709303527865,0.13480985541815,0.952378081951186,-2.11189109672876,0.372398025452354,-0.831993509307386,1.18474004328151,-0.237213705882759,0.428697210373851,-1.81260924709299,-1.01006911844577,0.60174349341701,1.18426194645526,-0.0508238012847676,0.8715073703979,-0.176570247649033,-0.876641088258285,0.40598161449944,0.0804258076753541,0.285717387293589,0.258689870210268,0.586373282787729,-0.209061995445865,-0.417843834442241,0.751000275762427,-0.639508847382845,0.0564051067220002,0.102463388682107,123.67,0
1524.0,-1.27867222750198,1.31858791926691,1.32163693046191,-0.842274305032879,-0.323035696052478,-0.753478716168466,0.595772573770611,0.160144506185158,0.431263070505075,0.452277732256877,1.07447890622331,0.418735541461074,-1.15955605269206,0.067796613792868,-0.871625413186366,0.107557123698389,-0.44281219511696,-0.0941314136833627,-0.0954444039737447,0.345578454718256,-0.228278214525647,-0.365055213730187,-0.0236502580949964,0.517183380970906,-0.149326510205432,0.27985806865884,0.60897938369464,0.353801843241376,5.0,0
1524.0,-0.340622499376055,1.13223195380999,1.29149399868009,0.0623125393720689,0.0163865038511711,-0.977069816851024,0.723755194095652,-0.0746298172677207,-0.396654579911132,-0.514040874305651,-0.210656903447927,-0.0793460186414561,0.119112602014653,-0.429542661905241,0.893569688062781,0.382848955433063,0.0083451898631423,-0.138345253521015,-0.0918907595551443,0.116933084054437,-0.262948479375082,-0.688784569463462,-0.010937493810722,0.334061396910364,-0.160025238542743,0.0717785168864891,0.245128419969603,0.0983360240954424,5.35,0
1525.0,-1.8426962818158,1.74064137285157,0.861525830498894,-0.856315496213565,-0.655375730473989,-0.842786027535915,0.198562703945685,0.602764331866924,0.455594965949662,0.541295549294277,0.948686063588707,0.591625417020591,-1.09829901575729,0.314853798143304,-0.896411259094138,0.206073656654272,-0.281808336402023,-0.0728274873706312,-0.130831526134016,0.369122281094673,-0.213608961077048,-0.400617431220045,0.0300133917234381,0.512611243017956,-0.0770874570820914,0.286218007614618,0.586012093975677,0.352610200094862,1.0,0
1525.0,-0.48069326002114,0.646091299421205,1.57726390949526,-0.0844106534219283,-0.305957767236155,-0.534738694177995,0.860345918067723,-0.0285692522653585,-0.800705249415836,-0.420592295867067,1.44712174077716,0.753550664116586,0.155504568658531,0.306554696355333,0.0572889961612359,0.286204641013191,-0.556276390253206,0.249944163420915,0.18773733802095,0.150285816321757,0.121680625739842,0.175190438338023,0.03598623054089,0.557664682529682,-0.112300536279751,0.337153596604082,-0.0156016989627907,0.0515038821899169,80.7,0
1525.0,-0.342132146665971,1.09112493561728,1.28272882648471,0.0680759324102865,-0.0224975855722701,-0.996726520518499,0.67630411619951,-0.0422497615880935,-0.312035733117378,-0.495759200834529,-0.304700676658178,-0.371574615193268,-0.43218590011116,-0.319778148532309,0.954139112470188,0.408193764552371,0.0400887476761777,-0.0712584111298524,-0.087686736391157,0.079272396278397,-0.269849935009205,-0.734147857448444,-0.0073540956807772,0.319161064121265,-0.179145709290042,0.0736833695496882,0.241931637638696,0.0971394158195154,3.59,0
1526.0,-0.854342747028506,1.38294773208054,1.27866468593587,2.91472708102559,-0.18313948347244,-0.349329276191246,0.27456551353219,0.435277325668171,-1.57652076233785,0.64546258425855,-0.714750264014851,-0.397763646903454,-0.0611627627078775,0.679811981122161,1.1492343330762,0.0617609088395927,0.195367468121997,-0.0089615903838058,0.830299510411041,0.281262189749162,-0.0431986870074228,-0.307664770306287,0.130531375760736,0.339371938524295,-0.437575893297912,0.0099201177930367,0.260579581306944,0.118355236432506,41.71,0
1526.0,1.21661883207023,0.65802243491366,0.0866885619559817,2.49861125411644,0.109647306525478,-0.85945509061261,0.504045249734346,-0.224533945261465,-0.898032300904562,0.764617911076655,-0.714694079676534,-0.675119674699112,-1.0743094526382,0.727471687914003,0.321592870521613,0.380261691637736,-0.419323718167461,-0.370615726373062,-0.87997083250848,-0.218965935432182,-0.0235335331563808,-0.152885106176072,-0.0978803636008968,0.363317147425287,0.693346696854976,0.0713029382716531,-0.0477859030913882,0.0089871433271724,9.47,0
1527.0,-0.508662205306017,0.977653020019569,1.65104192026079,-0.153577886252596,0.0980100218810721,-0.216194510784154,0.539327656423303,0.193392854139696,-0.707378805341079,-0.192822603039367,1.74266280601229,0.915440261055122,0.122999393311325,0.332764991098882,0.358867098376423,0.0316457422052421,-0.304580525915469,-0.401844744924414,-0.132977373557624,0.0797961573156381,-0.133872242793005,-0.310966871303344,0.0125991274383494,0.211515524972677,-0.317230113567096,0.0701067847551271,0.280498240702484,0.109793095977554,0.89,0
1527.0,1.3600198957174,-1.22107330151128,-0.529159546416998,-1.68818528537656,-0.632905826210341,-0.113995058593184,-0.500031442340574,-0.169473686624883,-2.37547859638417,1.54427561829241,0.211295635074031,-0.321073793399755,1.01972299841675,-0.0327709818349722,-0.27483724696309,0.0095072652731614,-0.135650218628106,0.327073476350657,0.786574099941024,-0.0142841890425944,-0.524347215568494,-1.46182590726721,-0.0770839437597614,-1.04924912848712,0.355630800891243,-0.477441890839889,-0.0157410953773082,0.0173056734439284,132.8,0
1528.0,0.845885265066378,0.235568843984494,0.118419948846892,2.54222864285614,0.211290137477375,0.564393526696348,-0.0520842389944541,0.362333355661373,-0.808828970492023,0.286365723134212,1.70545699457772,-0.182497919503034,-1.52509215997625,-0.346943670090487,0.592630427910107,0.759970100077237,0.653777144525833,0.0009955051745841,-1.63664833097936,-0.0492357047143972,0.0346692926397858,-0.192847696688435,-0.0336336264142026,-0.442206444536953,0.171509676040883,-0.0184133455549712,0.0073632705312137,0.0479353187721015,107.69,0
1528.0,-1.55806778825256,0.721405051449368,1.36494312777039,-2.26620094073788,-0.0739413908493121,0.967623674942833,-0.221877621921089,-2.36975082927945,1.55458602141055,-1.17282546096611,-0.369832568106748,0.383209342738815,-0.917586524125465,-0.257600595015579,-0.328749058626081,-0.097089584337541,-0.760663549001028,1.27181774835047,1.02347893114438,-0.680551466295859,2.31029303602518,-0.272758973188818,-0.4403520694874,-1.04000246688766,0.906971528068436,-0.533808387481139,-0.0118882271959894,-0.183157014984439,69.0,0
1529.0,-0.937273727910326,0.641167585354784,2.77705215459176,-0.15400579891588,-0.0081619619383891,0.385699706886378,0.409261405283899,-0.087184995871387,0.428108709791478,0.274777789659505,0.880864564662049,0.905588999053611,0.671516117737216,-1.01086557652713,-0.618402696823318,0.0914577524810593,-0.74734689099388,0.377473222257581,0.578906771504916,0.458398420235747,-0.192636735873869,0.160476212797214,-0.292018837051379,0.0452047241077023,0.294085431272962,0.320501935200156,0.0951665950261904,-0.269471468562888,4.99,0
1530.0,-2.28160403538149,2.31150086175849,-0.0390979618925712,-1.02033821290626,-0.443674922659917,-0.579518330642745,0.0404729800231314,0.870112649589663,0.56782079793573,0.408085630887724,-1.53978706527749,0.563583910739555,0.808061669412485,-0.014031884663593,-0.316248327842223,0.343020612696425,-0.342482714052948,-0.397772544000129,-0.0723008856872568,0.509898556761995,-0.304799557170677,-0.607747976561648,-0.025686203592817,-0.42797958685261,0.224857474270579,0.369987784773389,0.580845597759543,0.351721068062353,5.0,0
1531.0,-2.84470859779137,2.73421009417174,-0.499036829944946,-1.03462296094847,-0.776265330059931,-0.668750121014859,-0.356853369710796,1.31307055852249,0.591928966319807,0.496891704494009,-1.66570797652894,0.736499926314098,0.869186298958735,0.233256055995874,-0.341247096219103,0.441240408794565,-0.181340580393497,-0.376269324387772,-0.108078138404007,0.536069245306729,-0.28924397457344,-0.643685545655174,0.0273946830608643,-0.43267440500897,0.296821301705622,0.376164469002362,0.556132513041865,0.352268099540918,1.0,0
1534.0,-2.34113724880005,2.25610942484684,0.288054410366109,-0.813955774438521,-0.945990936914875,-1.08251045607606,-0.014469181658892,0.87759933061844,0.673025330203204,0.438362710944571,-0.976538477501487,0.268550640396832,-0.410445540163056,0.249431589915558,-0.259588072594428,0.150035648987397,0.0220679921834195,-0.538372913132739,-0.379476171699618,0.414156648688687,-0.262280858524811,-0.541946045939606,0.090308686995074,0.378161967763182,0.0772401776112815,0.32184953170282,0.574928456408589,0.357877892207228,5.0,0
1534.0,1.08708389444812,0.122517564008222,-1.37911258731942,0.51263680483662,0.626296001010635,-1.19757646167338,1.18819574249784,-0.398293698671748,-0.967212489048578,0.211625584380474,1.59862368482749,0.362505556149936,-1.29544098590857,1.42630569651664,-0.213082967470314,-0.970039596822022,0.232813979550936,-0.630046572885076,-0.0974459216942413,-0.0227908935458137,0.394566274361841,0.963427075915724,-0.493709076997252,0.34416054014229,1.19822847125078,0.97447239733781,-0.144525588566511,-0.0278998282543664,104.49,0
1535.0,-2.90424181120993,2.67881865726009,-0.171884457686266,-0.828240522480741,-1.27858134431489,-1.17174224644817,-0.411795531392819,1.32055723955127,0.697133498587282,0.527168784550856,-1.10245938875294,0.441466655971375,-0.349320910616805,0.496719530575025,-0.284586840971309,0.248255445085537,0.183210125842871,-0.516869693520383,-0.415253424416368,0.440327337233422,-0.246725275927574,-0.577883615033132,0.143389573648755,0.373467149606823,0.149204005046324,0.328026215931793,0.550215371690911,0.358424923685793,1.0,0
1540.0,-0.795990615057652,1.02715806380522,0.724285550945794,-0.0973858705024708,-0.072521845701705,-0.12872236148678,0.0015600021410358,0.796262800619962,-0.446383943906211,-0.544332639141951,0.864535194035822,-0.504910158153275,-2.22210736149704,0.565197885271991,0.691852366039821,0.616253689476667,0.220596781392367,0.346658002969397,-0.0275734516101343,-0.12481492950551,-0.181583332386062,-0.732670981537187,0.0617906305417605,-0.425316842477353,-0.273002785403961,0.11403235748439,0.115654582338634,0.005306832887019,10.98,0
1542.0,1.19490990361308,0.0938669466452532,-0.0730163850201585,1.00853789304217,0.454666351688083,0.809557430559804,-0.0695815540778129,0.219049310881631,0.146503284800363,0.0506283627267236,0.0770505801988801,0.707209752210151,-0.246697335787661,0.240373436190829,-0.682462960930926,-0.174301528419983,-0.398217480034342,-0.0717066546635215,0.362233515376634,-0.146902555654928,-0.126804571907356,-0.180904286797082,-0.220109711291334,-1.13472287578058,0.779307151822819,-0.257531617959082,0.0320975325779849,-0.0056759088624848,13.08,0
1542.0,-0.0907602053912473,0.430190616515787,0.58788854016677,-1.46890412339284,0.315714019072795,-0.765141626970655,0.737765022021337,-0.348267383173156,-1.87766062265832,0.190187439016,-0.935614838633687,-0.572179532323967,1.40292795358137,-0.27840329870586,0.137590323927223,0.81028091699189,0.0530442223814169,-1.29637368499716,1.10552508638263,0.26452778137825,0.238174922926821,0.619907666677786,-0.381978796830588,-0.387806203207712,0.492029699462722,-0.0780392974483345,0.0237186772660869,0.036964678933199,25.0,0
1544.0,-0.781938361660293,1.59447365091682,2.06765951752984,1.823248881684,0.260622990660312,-0.502556090275108,1.0901122154568,-0.490576085376082,-1.14210495885267,0.827187379314241,-0.0003406663424421,0.367389900922314,1.25238670715181,-0.419315090404433,0.232873119294127,0.378455745791729,-0.718881218471475,-0.629679244255087,-0.874435501166441,-0.0034508696910131,-0.11336052555504,-0.411819460153922,0.0061797792062472,0.68121030660162,-0.286224375330896,-0.412346552863649,-0.663628584480555,-0.134150756624588,9.35,0
1545.0,-0.693979451462988,0.863779512134526,1.78208017312359,-0.621202811254874,-0.0344565010439993,-0.556247660609549,0.704357035619429,0.0619608332964115,-0.290993527342477,-0.596957827991295,1.16362489726212,1.3619271206694,0.487335343817331,-0.189118103559416,-1.52141101687666,-0.117587609146324,-0.34451128924779,-0.325784869451841,0.121181001148429,0.0812619652986852,-0.124981936461172,-0.122717959687543,-0.158335953491233,0.590370383092155,-0.0142147438628194,0.344615591456825,0.284905744635444,0.157359871303238,5.0,0
1545.0,-1.73997864345248,1.10789107796222,0.591364568530559,-0.767647738451304,0.0608327401579045,-0.427431277096642,0.248729152177222,0.47631022164376,0.611436748933243,-0.187043714537227,-1.94669111721875,-0.407333395388758,-0.777993881367888,-0.01115824036409,-0.526478283936477,0.201655236076854,-0.298386766666381,-0.243697418568842,0.264966115637748,-0.0532975283796192,-0.343056910146348,-0.602356389515813,0.0394680172608201,-0.582637892814902,0.300574068395187,0.456636748676242,0.323645045855299,0.152759872286316,5.0,0
1548.0,-1.55944578659985,1.42554615157245,0.812588530925962,-1.12938101748845,0.507528017124045,0.183506605135032,0.654304257564761,0.0880586354598432,0.480017615129775,0.547216473103387,0.0660700525780027,1.06523426306789,0.982423736989702,-0.60912399254656,-1.38152075828133,0.189596512239182,-0.901688394604122,0.0259977220480188,0.560579859985298,0.451194562257356,-0.283995224836738,-0.413642416599342,-0.234994996455641,-0.789508737448413,0.324851029395007,0.41973749483559,0.329608106701883,0.351346166057519,5.0,0
1548.0,-1.29303639053269,0.351871013512025,2.06788898252269,1.11021834550775,0.228730422045451,-1.07717969739348,0.446339495809152,-0.370689997236333,-0.384007127725637,0.542816409913323,0.197257713651856,-0.153741450226836,0.0871186426217206,-0.0161834220527007,1.94528369104032,-0.607042734545611,0.238331613148995,-0.295855291114095,1.65624187500109,0.163182916921783,-0.324744721529816,-0.473906235504471,0.196547014789752,0.722739475603968,-0.03161046863084,0.34499358636827,-0.0349613967994304,-0.0589542090161026,13.99,0
1549.0,1.11487759449984,-0.666726896927548,0.201707323338346,0.640360646038702,1.13939524613507,4.76442154449293,-1.58459007808334,1.31651807608926,1.57355184344756,-0.335480601161581,-1.24025838274448,0.606075076682924,-0.253059826372879,-0.944858355476479,-1.40803417752918,-0.191922574557192,-0.183846738190683,0.227905778140329,0.543598597553664,-0.0129887376695335,-0.112088192320298,-0.0004121929072535,-0.145503127476548,1.04613582553435,0.710849690624292,-0.211123759942027,0.10830552616234,0.0347428951560529,24.9,0
1549.0,-0.97543708440966,0.700053344425629,2.18077713778604,-0.276132865389775,0.52223276600451,-0.521060947213646,1.13571105235549,-0.0708618506711207,0.0794125624774729,-0.942690127221913,-0.739612456684114,-0.557810639248219,-1.98500549872875,-0.0278600282045061,-1.08796247782673,-0.296122107281467,-0.224889360167727,-0.947763130187688,-1.97645626821027,-0.318459873369158,-0.0966456009458098,-0.127844009005487,-0.351790961841245,0.342088291118315,0.690008188135112,-0.598514728751835,-0.15163191835518,-0.174043329902033,9.99,0
1551.0,-0.702308072893832,0.963196115169244,0.731870060321843,-1.19178158693102,0.787105973882234,0.407588642040827,0.619883388726781,0.222307444138773,0.0732866685256776,-0.181321202689218,-0.574592979955002,0.151459631103455,-0.0875357860542542,-0.0536086284094465,-0.838666577289435,0.680095862154268,-1.17023027184262,0.479382452653709,0.68938404258414,0.197175131920044,-0.288057342740986,-0.618463580276313,-0.293288773275598,-1.37655347576089,0.030989332973634,0.387648352668712,0.402004106197794,0.21295571918283,5.0,0
1551.0,-1.81815624193062,-0.737221188823507,0.148602367333004,-0.431524815149283,1.15568879588923,-1.83295293921134,-0.300355091531076,0.415240628609722,0.0247810463170948,-0.673501095643766,-1.51781472844599,-0.205672346834308,-0.702752083870002,0.537563943107006,-0.474910077324143,0.135449149951215,-0.167876632336253,-0.321828367857599,-0.12432149667602,0.324306666692546,0.163720880340636,-0.0496584983496051,-0.11407694278851,-0.0437510445409889,-0.4495359980563,0.852760461363952,0.215105235464819,-0.106387188421183,2.0,0
1551.0,-0.520843645332167,2.68614088796073,-2.84399792979668,0.846196881510606,1.54382149929302,-0.825794178556612,1.02774915620842,-0.227676381310927,0.855784684337216,1.23139276762568,1.50662052320642,-0.316751610618444,0.21707932549591,-4.19560456686279,0.589893637012512,1.16151981495092,1.8701623327926,2.27978608146232,0.211695720150315,1.0543870735486,-0.469375414238739,-0.344721473792345,-0.0877475245721241,-1.39515061372548,-0.0457879538866214,-0.390859791297996,0.267580035407372,-0.379465356075054,2.4,0
1552.0,-1.26499572712197,1.38772989734978,0.271540097197791,-1.20633189695625,0.452821265851694,0.319671733831931,0.223875988902668,0.66436081167337,0.0977687683445897,-0.0921224803254509,-0.700204800921028,0.324246470306061,-0.0262951014340768,0.193178606331216,-0.863327670590796,0.778909881200969,-1.00934811947462,0.500283627885977,0.654205160476449,0.217624168893427,-0.274393331748195,-0.65387859187435,-0.242114898370006,-1.38090461930378,0.102842517788248,0.394084550145826,0.380198393555862,0.211275872714225,1.0,0
1555.0,-1.41155339456334,0.848733852609079,0.961790108721177,0.930205280268592,0.251702162009818,-0.955829903013277,0.670258641755087,-0.319651513938696,-0.0437303421693465,0.605843732295276,-0.53868269909893,-0.41187292745922,-0.477543633034224,0.198669477341923,1.17846404259137,-0.314958082800812,-0.223297503773575,0.115376626820616,0.492325377675012,-0.335262988676088,0.0548725538202207,0.499230362566235,0.202989058965597,0.390045741182026,-0.159720203523454,-0.352946071516614,-0.159647427335494,0.269609760293239,6.99,0
1557.0,0.903757247215185,-0.569438454213722,0.29407790717449,0.982868149108393,-0.225429437472263,0.970614587689479,-0.41277889989387,0.354319277646656,0.558830859460754,-0.0202168271524138,0.105947802374114,0.19594895988072,-0.945270859710554,0.287746951778882,0.22230957059383,0.332214818784914,-0.610883152610135,0.622853631670364,-0.0621214886464991,0.0927426076468749,0.201597479673991,0.39289514380612,-0.357417122614037,-1.02035506150174,0.587380164116297,-0.158177476410726,0.0302863796085431,0.0272271159835396,147.5,0
1557.0,-1.96715907906595,2.76445780062016,1.08312527475237,-0.904854599001971,2.76705484519918,-0.366270852342286,4.6484722734233,-4.20884579025004,5.64769309218173,9.75989419523775,0.947911251715308,-1.52194740117935,0.246255193735618,-4.90644836275523,1.49184208809134,-2.30710384529139,-2.61219821487816,-0.734048556589333,0.220519938804042,3.81520138969518,-1.41958195713633,0.612481540669184,-0.611962764027639,-0.494140364026435,-0.151419059536436,-0.824974439281106,-0.785973541164201,-2.90929435137133,3.99,1
1558.0,-0.749394662174219,1.22755072770481,1.19067628946573,1.01939797046276,0.308733767265589,0.544570930895116,0.432413972982022,0.281597225622519,-0.194176255364558,0.503715294834929,0.722724243695177,0.467260682620646,-0.706778110259721,0.190619997254516,-0.381109468527707,-0.93987339727304,0.275168644306607,-0.0404984487943547,1.1148951012409,0.217856061406425,-0.0274194036648198,0.25806757066021,-0.1998768199812,-0.301899369433863,-0.0581775295725394,-0.227205111866876,0.392654729528288,0.248841835841998,0.79,0
