Time,V1,V2,V3,V4,V5,V6,V7,V8,V9,V10,V11,V12,V13,V14,V15,V16,V17,V18,V19,V20,V21,V22,V23,V24,V25,V26,V27,V28,Amount,Class
760.0,1.0471741138008,0.28773757324803,0.364303177794107,2.23352749244502,0.157587363973865,0.284011785719422,0.10570741778003,0.0810589086683005,-0.940673103642291,0.805802686453274,0.468351744871037,0.345349014627913,0.0678754540829933,2.0536435366237793,-0.0649773639924352,1.22496826999714,0.7148575945709628,0.315395796799537,-0.345895897749862,0.0431714146824522,-0.204317577614568,-0.881568851814249,-0.0388473662343891,-0.55336759308658,0.297418847335335,-0.240084547865443,-0.026894421648912,0.0237645051453517,148.302,0
761.0,-0.541113027391129,-2.20557004192892,-0.0070718650986154,2.91065094476732,-0.380709963471527,1.90977400796223,0.621835158148923,0.379112793327991,-0.654415331859092,0.105555206410522,0.415969326720003,0.195074632295246,-0.154965040016336,1.7247361330862494,1.91235407349482,-0.22924932716414,2.297843028343852,-2.0729040246252,-2.80171632522057,1.30402636235912,0.382527262967961,-0.630142279621904,-0.407536252372361,-0.976207025276862,-0.436079981005862,-0.213134707747289,-0.0736611464350053,0.155397456422506,1425.96,0
762.0,-0.25328856115569,0.58517717188734,0.829882174955496,-0.83961774269785,-0.076722422253119,-1.03035934260906,0.588550224354761,-0.238623551164846,-2.27474262662346,0.122152946094454,1.94760467969625,0.0529865331336982,0.818594113219222,0.8364434409896001,-0.134936924985917,0.766691411768257,2.458773030077163,-0.521466402819829,1.50995185288033,0.357322411736328,0.370127529824212,0.988194584679838,-0.297364250340891,0.530662747465419,0.20441267352866,-0.0148378397095018,0.0945237201404109,0.120877828711442,53.982,0
763.0,1.48149506055562,-0.267244459667757,-0.393097026845478,-0.7759068244414,-0.351495551908683,-1.11054084272373,-0.0020871912561508,-0.408309147653539,-1.19334585802368,0.672172448852874,-0.589665475458295,-0.517446164303768,0.700679715402729,1.7691810345889127,0.404594644156949,0.848548437463662,1.2480030689322588,-1.49959858143677,0.819113340680911,0.115168912674131,0.164157654459332,0.433039134077452,-0.233274606897475,-0.0584061187254996,0.875545287091767,-0.0556538918476079,-0.0264791020550904,-0.0018609975351403,27.0,0
763.0,1.07207160612037,-0.207422311442596,1.08183491497205,1.314152021043,-1.02668878788483,-0.138140812689206,-0.576519657101305,0.231974132722081,0.730992202632417,0.0316534248973638,0.804497484845368,0.404779182381483,-1.59621554285221,1.143748966612038,-0.497927506002357,0.110220578737029,0.33264629009929164,0.61019044511244,-0.0188457656536461,-0.187897344234805,0.150682566158116,0.518650886307639,-0.128148453363158,0.526517506863804,0.536506195391109,-0.242729285254203,0.0430572065709664,0.0223236636616313,53.91,0
764.0,1.27494813255413,0.14959886153113,0.17959463102589,0.314718860104224,-0.0535606322835322,-0.20395940995031,-0.0840332135992098,0.0158274818994739,-0.100876599534654,0.115353069887552,0.679136566818043,0.584450708425559,-0.0021660661121793,1.5708005375690526,0.433265634662573,0.758015157654512,0.3842581753194697,0.269069319704663,0.484643703759574,-0.079196039957561,-0.264316305341331,-0.815185382513068,0.0262118717930562,-0.512550467094726,0.284828986132689,0.129644394978061,-0.036460869920968,-0.0003197994671624,3.564,0
765.0,1.13222184738167,0.248952072836239,0.882651950885067,1.0455148044943,-0.556093113981051,-0.536001567720059,-0.114309506427822,-0.0165756091036369,-0.19185045584452,0.105714731075761,1.66746375240658,1.40659839578983,0.678408701081273,1.8370190479521635,0.376906344193675,0.478638204157915,1.4607847891255865,0.150664331375095,-0.164024509446926,-0.0586886017329281,-0.111616472482832,-0.355485815515014,0.106574674371015,0.505756772816631,0.260996219854045,-0.65655942352297,0.036037135123026,0.0300173503007551,29.61,0
766.0,1.13176420125611,-0.113350263144613,1.16270820162084,1.15410508793818,-0.7928081571202,0.300711304046437,-0.688303213954194,0.27433435742798,0.69942573935156,-0.0239383344412554,0.561302123721898,0.905334890996664,-0.287633437865192,1.2810972273335304,-0.466230581738773,0.384715885635483,1.0280482917494393,0.576913039675177,0.205007714798163,-0.13030489170859,-0.0354839989856666,0.0544988976643213,-0.0554399064038601,-0.0125869419887202,0.418718141641733,-0.404522936292971,0.0662690149858929,0.0241343696073747,17.982,0
766.0,1.26731892220738,-0.359598676402608,-0.0895763359587728,-0.301883223299853,-0.473654902397441,-0.659993508703451,0.0021525542015127,-0.208702032828225,-1.54824343569076,0.884235573603245,1.03736302745929,0.795131451777577,0.734162423259876,1.9271396314473703,-0.107412789858585,-1.19668543443892,0.9436745917534062,1.02548221542564,-0.257922715532956,-0.345448461111189,-0.677392397307749,-1.65905341321414,0.121323100824507,-0.0310094347329662,0.184082203685154,0.135480571113593,-0.0500139914855735,0.0114385541495676,113.13000000000001,0
769.0,-0.318298519605287,1.42559413410253,0.220693786680117,0.344021220955677,1.16189836374629,-0.129602638594585,0.835935266236676,-0.0041237567563978,-0.821970148186439,-0.841182314503246,0.703991049760677,0.103251367215618,0.405051510665902,-0.19708258771906406,0.222373681282634,1.00965018842452,1.8436084640830688,1.57329018436983,0.243100428670781,0.017614199763303,0.0032661228687196,-0.0258568177165915,-0.436676929348477,-0.980193595090418,0.377707835291576,-0.326778635657694,-0.0789728810293614,0.0400287706869178,1.8,0
769.0,-0.821223926250571,2.04340796069818,-0.08106370966024,0.61327629523767,0.350827944226695,-1.16780756114915,1.22616833848941,-0.483523770342729,0.425765450564265,1.92791528454588,-0.171335982998886,0.418160271859426,0.882704954517725,1.5125276344496257,0.663947678621474,-0.792809752579759,0.6852196427858801,-0.344182335810306,0.226952379534323,0.831326498985858,-0.0514824342771256,0.603819383679951,0.0233843801596541,0.406388684118645,-0.449502045823272,-0.424790824797981,0.805590224323025,0.310559296689023,1.602,0
769.0,1.2937304886222,0.64921866058402,-0.92831428481887,0.618256408396986,0.784613884286198,-0.487383104634231,0.374360474587629,-0.175527651742518,-0.245819446128354,-0.781207363497271,-0.185899735090043,0.130628607082393,0.913384300826901,0.2401529805903344,1.1854785481668,0.461879068022885,2.371085969253193,-0.0166394526756415,-0.414326162315734,-0.0187899381533353,-0.171402377019131,-0.354258568543838,-0.168067050457371,-0.854450867257165,0.639476484727012,0.447704353237175,-0.009582321244051,0.0328346544558434,1.368,0
770.0,0.171677901622553,0.474494878016718,0.991316526880302,1.03743594151911,-0.272977241908996,0.201118273283423,0.24372216512872,0.0925129061720527,-0.167748190294659,0.107879979545507,0.51833039146353,0.691425209349929,-0.0568593668333613,1.5576464210887224,-0.529251923302027,-0.792879353373413,1.8031487495062246,0.421033129101182,2.3064181401137,0.170871626183586,0.156654327492905,0.707193762046901,0.0967136834154087,0.0918130499427667,-1.22103117386262,0.55740787385587,0.247386437744398,0.235228186204877,70.36200000000001,0
770.0,1.02101218597944,0.0084188620271478,-0.0933479374391102,0.749682440872776,-0.136326784485941,-0.916919912596545,0.561218189790417,-0.314826829550846,-0.346920416722685,-0.117952369349921,0.325519609134698,0.80568759494077,0.778785945086901,2.2206093251674597,0.8556648950229,-0.528939764551623,1.5825273632091645,-1.10622821492708,-0.636384778516804,0.115555042681761,0.146910586155892,0.30416430974908,-0.17253192361006,0.482357721063898,0.582953213971928,0.470222816096354,-0.0584825122171124,0.0212188788067697,202.284,0
770.0,-3.84058433715818,-3.59927019470973,1.7943800703544,0.472298778760494,4.61539313742143,-2.86656308441161,-2.35369061433231,0.64297321548589,-0.360866314247657,-0.511912410064335,1.09955746989024,0.289576621925898,-0.983003051531458,1.8335376291149539,0.378487417387037,0.57604477956266,1.573401392387115,0.217068567964519,-0.591910569704721,0.992947652270744,0.16708296125463,-0.982668191263377,0.636920560821205,-0.406874857915786,0.316188794047451,0.0474727463374157,-0.159011908892928,0.140620122489125,3.564,0
772.0,-0.353542513806404,1.14072889118667,1.19411828390674,-0.142210107171253,0.319211013389811,-0.447582410902626,0.655978468746473,0.0492493654959411,-0.754068984345987,-0.365178761388733,1.32669128924011,0.928632094102823,0.898279134180523,0.8284615346869395,0.128872573286051,0.638132436675801,1.1937753154738708,0.365714444946431,0.318978130367803,0.182666371360569,-0.22604688659618,-0.571581202265634,-0.0827452683495267,-0.0312969555528024,-0.119750141706046,0.0724454069413689,0.247384436200559,0.0862418912253384,3.204,0
773.0,1.09763260772004,0.0969293479462622,0.156604526029728,1.01793089918736,-0.0204078463621982,-0.0397745725362432,0.0483852123802571,0.194278802139717,-0.110169764523433,0.196350336657504,1.00011563208421,-0.121525145703334,-2.11463886436285,2.6906586954779197,0.633321168738188,0.255765367009688,1.316521837111102,-0.291668382767059,-0.0871846609099675,-0.214346839790589,-0.41724758162788,-1.43911001971358,0.196433661338939,-0.4369707465898,0.108361865963395,-0.801226809470249,0.0027973170047825,0.0145504952386073,74.52,0
774.0,-0.668959166464436,1.24735858040581,0.871029506372992,-0.392539265715494,0.421537309885912,-0.173299497401732,0.719178217040278,-0.0052684218257249,0.110426876571459,0.516778911326988,0.645740657161342,-0.385795200492638,-1.03671084943535,0.8154424632303492,0.447762034682525,0.764519374529535,0.6826349196331142,0.725838625977296,0.475528713816926,0.399006126500058,-0.396220226356308,-0.850717982151158,-0.139406125181015,-0.626524999120843,-0.0398632123518531,0.0929903644869889,0.285348754899986,-0.0291531826222121,16.092,0
774.0,-0.0480722263526689,-0.203189786179638,-0.795323781617442,-1.96299361705755,1.87527405117582,3.23535519441325,-0.181833029709264,0.730624953888499,0.785343554348635,-0.848066415751482,-0.0486577848519132,0.299110699967489,0.0205356872137498,1.994127471846956,1.80864166650103,-1.17004757354469,1.9644423515669194,0.313330397186933,3.09774859803219,0.223579124599959,-0.157601068761969,-0.353111367621183,0.0048807684469694,1.05961787395147,-0.356241249929067,0.0078881110572079,0.0407199829733606,0.0306762773753626,141.192,0
775.0,-3.90081029867848,-3.09837020429443,-0.21342836428919,-2.67843389947583,-2.92757606555336,0.735687827920799,1.59147066595724,-3.46543255546928,1.81275731108642,-3.56357769657677,-0.962380708439322,0.754311217338249,-0.229208495311426,1.6330617777350231,0.867566154960811,0.534617144362195,1.2834487822753915,0.372385929624088,-0.619202081400404,0.314260556087621,-1.35786992927292,-0.0975780764033164,-4.02030006914955,0.191246492471219,-0.204492452207875,-1.07672070258043,1.07296081616163,-0.18849666404714,2752.0200000000004,0
776.0,1.26613425079573,-0.2271901441453,-1.073129640361,-0.327992418968367,1.95450004095237,3.54946549039529,-0.593172380311451,0.865150688930723,0.343386109425958,-0.135874302248021,-0.450254281086723,0.256807471070265,-0.16532097249269,1.5353425048020597,-0.0126051584525949,0.0490192774434313,0.7464092053613662,-0.256322674492001,0.587953119128206,0.0211322840224288,-0.279593672896426,-0.802856842484467,-0.0314003156473123,1.03376046547293,0.606614513937529,0.283522641004972,-0.0226192106753897,0.0078588474859927,32.166000000000004,0
776.0,1.13955749429696,0.159935458805984,0.0497888672825664,0.542350282916842,-0.024711506203259,-0.788885189408697,0.48090716167394,-0.332393095642293,-0.314559954848794,-0.146952948954116,-0.354894333499936,0.98320022259469,1.72570671645275,1.3915805412242033,0.802715017926665,0.295777441628039,0.624467511072977,-0.882373089685109,0.216602915964213,0.180633292753297,-0.462032510564452,-1.50838778345412,0.105811946688243,-0.114297908054884,0.183346726752948,-0.112135593646793,-0.049832719199531,0.0314457085872715,159.984,0
776.0,-1.94339514338406,-0.635573976783369,2.10071826206306,-2.55173713394781,-0.646542274354061,-0.345227635650078,0.001693365372887,-0.545078177563056,-1.2918947984365,2.202713992714,-0.0819735928962593,-1.00114064456693,1.08497940430852,0.30533334726931916,0.653356482389508,-0.538358041037765,1.9772272452488462,-0.266213174592273,-1.26338676034119,-0.266282986834832,-0.291444849115986,0.547588993142167,0.0024120464518543,0.0835593546081435,0.414047881644093,-0.278321793994032,-0.867044835323051,-0.537441260908128,52.2,0
777.0,0.656136711818476,-0.583032348055987,-0.120881211759883,1.34837718815548,-0.0281562635954764,0.476610124815752,0.320612905548857,0.167836441521536,-0.137996028840007,-0.0135866653166445,1.39628490588386,0.820732230371527,-0.896744944490658,2.1461476471075915,-0.0998039018107145,-0.707660740935368,1.6884389031688378,-0.717132358524149,-0.634262098450861,0.213665533594111,0.206872147115853,0.225007809557722,-0.297346931798911,-0.264963017536733,0.552590602051537,-0.242074873736303,-0.01024649865911,0.0362651210720288,428.364,0
778.0,-3.50705945005837,1.93579751499141,0.860618335673575,0.878641578910896,-0.0931489924026705,0.274310959373275,0.384036795851792,-0.672649884181238,1.5178513731007,2.98152173854039,1.24486178578903,-0.279940031791091,-2.27857563295577,0.9321465457385057,0.0301440411366274,-1.31561354005752,2.238810351704739,-0.250930419513403,1.05550693985024,-0.408484536474182,0.153348204897245,0.143924563998504,-0.277403111121969,0.184274279484645,-0.162703718852556,-0.491491479851116,-2.66771313131468,0.440485017358372,17.514000000000003,0
780.0,-2.37499539892706,1.44289412083444,-0.0033003522619568,-2.39809307415805,-0.42728831886214,-1.75702117409958,0.365887753161178,-1.82530659233483,1.87097222804475,0.436944811519107,-0.040465894824591,0.139201866041417,-1.06023546133787,1.6028932202024482,1.17008077711561,-0.851971606709189,1.426034498829667,-0.251570321013782,0.372476337285884,-0.0072329687180372,1.30948348450362,-0.269031603935475,0.404503898829276,0.702280169258715,0.227706655293559,-0.0955355437426566,1.02077469695903,0.612724406867555,14.4,0
783.0,-2.93347803533476,1.87497932897264,-0.462952613685204,-2.41442200989951,-0.76436717375066,-1.84278748416059,-0.0288668659901096,-1.38314777535218,1.89550805000327,0.52654064319611,-0.165944425956224,0.311644326336647,-0.999176774605956,2.114413905569495,1.14536439497223,-0.752882498336986,2.1559619899215563,-0.231242848306779,0.33786010930385,0.0076604086064411,1.32129874125981,-0.303409812113256,0.455969508841966,0.697905399775743,0.300216769985487,-0.0890365830689484,0.998267941204282,0.611679040452156,1.8,0
784.0,1.55349234182238,-1.12460698531248,0.463438788753044,-1.50595781837849,-1.46686758503891,-0.338918300787302,-1.28782999680468,-0.0722363164495302,-1.49314311609903,1.43634346386447,-1.31510106406654,-1.34168195698866,0.435370791055485,1.1214029288053016,0.93370027368071,0.108440122633618,1.6259513441245224,0.616812945498769,-0.124664936354739,-0.307868251894099,-0.117828896247081,0.0618561972386855,-0.102484003803582,-0.471195856186985,0.44127785852502,-0.0503415186151025,0.0485440590174241,0.018436994756526,25.56,0
784.0,1.26917205103242,0.444891713487589,0.172030587964466,1.02269243532083,0.0158596329074251,-0.732036748347327,0.297024080311093,-0.281961848418294,-0.183245723254698,-0.0217270981571247,-0.499932803922894,0.738726200238595,1.31796125964202,1.7413886230732896,0.80795951194739,0.0946376467001195,0.9491045974288587,-0.188844600681261,-0.244128614236285,-0.0503296504746879,0.0187688200510573,0.163191027228124,-0.159069361986963,0.0721206484093746,0.777835201134762,-0.310421394269314,0.0213570358289775,0.0195463806962171,9.126000000000001,0
784.0,1.01736517724493,-0.601122651864939,1.73585472389309,1.08830206890225,-1.46458249794392,0.501230662848885,-1.07197129862317,0.370302369015576,1.63548618689296,-0.492856951363125,-0.74336930155871,0.791612948736969,-0.346295968220146,0.7255635452296978,-0.828768856237488,-0.666359757240187,2.6369151310050643,-0.854673339000998,-0.189494917301996,-0.112246740934216,-0.0068761532418225,0.371963092819526,0.000119440190215,0.49005322648471,0.216836371992089,0.579526098759266,0.0505356167672683,0.0310992458220654,67.5,0
784.0,-2.25683436324049,0.766019425660344,1.47203476965453,-1.2339685468888,-0.568451819679327,1.18265172338126,-1.02746474756958,-5.95181429985293,-0.110786889786418,-0.851938591243078,1.8288515321407,1.39745885898194,0.340821840417404,2.0369387537620955,0.118216250861145,0.707766780111753,0.5924806981391406,-0.110218883976174,-1.28106562419068,0.7572202329866,-2.46679852687157,1.95775939740687,-0.21500911550762,0.352056002651708,-0.664984222896365,0.843978698510029,-0.55503007275782,-0.625699651588745,366.894,0
788.0,-1.68414418702082,0.421962146456322,2.60141527059768,-0.412067352753599,0.295014858653187,-0.237648971607344,0.354750800378397,-0.337423654737369,1.08175733977252,0.309250002761726,-0.924440188098641,0.115258492576309,0.439099369826482,0.06366899417033522,-0.239662373087523,0.171254683378557,0.4337078665081885,-0.202817193899601,-0.382511888962761,0.168489883820451,-0.248515401718746,-0.0609660483136235,-0.420461839051277,0.0825121056972577,0.363606967312398,0.188348439792397,-0.376011094420169,-0.0557074569935189,9.756,0
788.0,-1.36917922153804,0.594089688407368,1.87366874320021,0.255798245206469,0.255289526371655,-0.245604928590773,0.664235849120213,-0.400043379923752,0.333038512902535,0.0417539122669791,-0.134067213217363,0.765403725057804,0.776814209156494,0.5065967209146249,-0.391299737515988,-1.03952788272168,1.6675187718107656,-1.13511026068239,-0.031594083397914,-0.288636956197504,0.0088201345847835,0.534893470127927,-0.0672201221455748,0.492593710286486,-0.0572310444626237,0.320766243890395,-0.6645095847144,-0.072142074039208,17.91,0
789.0,-1.26889752556226,1.04192788575989,-0.0016321330636225,-2.73401071291583,2.42176476027309,3.19267030041138,0.416346367086926,0.554432334381476,0.913266468455813,0.987261843931127,0.0075299680284941,-0.382526192408079,-0.139426911279133,0.6534888580708387,0.821571133303142,0.680298623143533,0.21954970183087164,-0.0173118927315043,-0.426185216847267,0.803474321161942,-0.362262071669273,-0.531217545653095,-0.141452150757856,1.0211769200831,-0.0300048873828328,0.695553276606918,0.348214195654079,-0.0135336664806703,13.842,0
789.0,-0.621997558739093,0.708565687644093,1.16429783850241,-0.519193639735654,1.30110414205082,1.18701650262083,0.808997847579774,-0.0400029343195491,0.295740427199992,0.393991111601353,-0.260234587513785,0.145287480459522,-0.0413691906674242,1.1419257029651226,-0.657167408896176,-0.194431002439562,0.27468620847616976,0.0107694717116454,0.952938059707054,0.372203930304191,-0.362588107488443,-0.343588627364324,-0.433741486108048,-1.6741972448328,0.105720423047551,0.30752915031727,0.124882651490906,-0.248515675743371,20.484,0
790.0,1.23839581871774,0.277070533700025,0.655387460735918,0.69525533074565,-0.619274861311491,-1.1749949614881,0.0836216127957907,-0.239305593903161,-0.0115858272809563,-0.0726050179611909,0.115194420458092,0.597569213290794,0.484087605028933,2.0524476985204703,0.98303987914514,0.196755400041677,1.3741460553943554,-0.676888321529364,-0.243517701742672,-0.0903814750725355,-0.233646762765174,-0.665400673096635,0.174617549248995,0.712587983537834,0.181667425892197,0.0736198647433207,-0.0270535107675305,0.0227331869967365,2.322,0
790.0,-1.14413427615163,1.18434856316036,2.18353021035474,2.4177318107173,-1.35273106992428,1.69888819390913,0.3407305752621,0.490311470177164,-0.456615361197652,1.42967747325618,0.0839630530760991,-1.26344766971047,-1.61912277851682,1.6004328414056586,1.54340062797343,1.12688180175551,0.578057170055312,1.82145255863054,0.944053037846859,0.396345988295782,0.105874578867971,0.619208180532672,-0.285830721891741,-0.531714465554658,0.148712512249223,0.46998723414064,0.693197523804422,0.209640903806254,354.888,0
791.0,1.0592123206582,0.0311478396181206,0.246140582205531,1.23253309084889,0.0578492577685608,0.357054456928668,0.0406096351189178,0.121939095495379,-0.0036254904415273,0.0137923375746554,0.927694802692604,1.29467318313614,0.193732453287732,1.4322161521114205,-0.80253613487834,-0.441177918697489,1.719426584639665,-0.408731239707821,0.0290807639917655,-0.0557752833758539,-0.040771576549429,0.0002477044279078,-0.158391401046375,-0.275728492493532,0.672241120906412,-0.315802619887588,0.0294629075739255,0.0110254527419448,95.274,0
791.0,1.07835395621488,0.48384710182122,0.493122970286844,2.47239146563792,0.0964260779206199,-0.0758705511911876,0.217795091910344,-0.0752083043680936,-0.901616006055368,0.624816731271175,-0.217411491425704,0.395403133103393,0.88513020006225,1.421503420303644,0.64078156048274,0.27931695225699,0.39619001758772454,-0.697038066481266,-1.45319238926815,-0.0456871653231502,0.181327923392372,0.50177397792293,-0.139670904777704,0.116303272406944,0.587356656341564,0.168592049823003,-0.000815436496143,0.0237765002090496,80.838,0
792.0,-2.496329064468,1.15744398941357,3.77023623621994,-0.230245802641252,0.0070652764244232,0.506341124149011,1.62915243285578,-2.26729443957874,4.3049037767394,4.07999518010006,-0.190425990537776,-0.684911953763498,-1.25584215690022,-2.1915726747555295,-1.26582780000965,-1.88003601644337,0.7756047880925994,-0.903020541643313,0.575993521114837,1.03569037439,-0.594643197297122,0.105964597461343,-0.558558695937588,0.732507044196592,0.0699489033686387,-0.0307335780840898,-2.88766065635479,-1.683654599804,6.066000000000001,0
792.0,-0.735385907063739,0.647025922483955,1.73037116019395,0.536997286893537,0.256815498212654,-0.231825139153638,0.540271445033998,0.0113728306051962,-0.433969180653741,-0.42695559954678,-0.0845796519506114,0.578470089910656,1.01770164908775,1.6216080702523417,1.13291309864903,-0.0448977091276436,0.6611148289565045,-0.593366730553573,-0.56273039031477,-0.105872189641919,-0.0882873484596155,-0.169437379290535,0.294317809162019,0.0513370125932963,-0.112973408695798,-0.637160943143379,0.0005133233373132,0.0013561473336469,45.972,0
793.0,-0.733490236950428,1.44894949609645,1.98779482945854,2.55495027806309,0.171071239415095,0.504955930051333,0.515802567592707,0.114693703268045,-1.1511317865531,1.63441304369841,1.55952622329078,-0.259977525265672,-1.12851796414577,2.0688910039453674,0.996568251114636,-0.19824744155015,1.2742743236387917,-0.0399206581042648,0.692491932047509,0.346434110629048,-0.183554524156583,-0.300304186911729,0.0499589088696386,0.158857942585249,-0.561311425311237,-0.0731954326733603,0.194338479704626,0.0320279287265059,14.076,0
793.0,-1.01870663545546,1.38674628164238,-0.126078588059809,-1.6770354972387,3.27395744594574,3.25587111979884,1.4975936846847,-0.315457829753424,0.823087456067806,2.26771632359644,0.377495589435867,-0.668057052178014,-0.315909425286877,0.4241173490327228,0.947333935728465,-0.293864449483815,0.25761055906642283,-0.440769942176565,0.504202736082858,1.0538765239329,-0.730063912810262,-1.18352946535135,-0.158845056586242,0.956548981260317,-0.117135991811499,-0.174134268302468,-0.360583025003296,-0.701619238652273,16.758000000000003,0
795.0,-0.1444824286465,0.863756927888656,0.515587843146156,1.04843984405028,0.628850901539656,-1.40499931743069,1.20263895533042,-0.598858423333006,-0.467957075515797,0.514340139405145,0.0370103750268949,0.537020146138774,0.949858445377161,1.6241921105837842,0.587067326634986,-0.78294512882239,1.2395462813342646,-0.38012054136008,0.289241254904664,0.108997067636484,0.109461589084606,0.809646083605837,0.300960306175177,0.749911223269312,-0.684059420981899,-0.467782314311903,0.191552135356253,-0.024130203007272,1.602,0
798.0,-0.843410270624502,0.53481136993908,0.636440832119109,-1.84999073211883,0.7812860753661,0.648143677866827,0.467479236255146,0.193966824667055,0.65270511853138,0.323294622193409,-0.11437088311759,-0.414010651914345,-0.829474952477607,1.4246045844726305,0.382905245330444,0.997253581244624,0.060816692163565556,0.305069722715934,-0.225213978680837,0.29966985586921,-0.273316347615668,-0.458318729910836,-0.197820679280493,-1.70239735802854,-0.0715196854232693,0.827375444178844,0.221115748552968,-0.010694043653607,62.28,0
798.0,-0.806503215957948,1.35751007951209,0.995848577572575,-0.0913267926292279,0.0793911486815188,-1.05631257289401,0.874665440062204,-0.299203838470779,0.357598107844409,0.508961310226992,-0.260948672900886,-0.502295589805252,-0.587590087583837,0.9278698247134509,0.931354269284675,0.246050260114792,1.3343324740107467,-0.0940352146842701,-0.141836272621929,0.349920792339313,-0.295320542602877,-0.51664082808865,0.11149438218442,0.305147595201401,-0.787426110018515,-0.0689825575109073,0.296458532595882,0.176010016897273,14.382000000000001,0
800.0,1.25665181010961,0.42751909325151,0.327080184159059,0.683805410696993,-0.281307025882546,-1.04911560700156,0.156023257478518,-0.261677787695167,-0.121513864944999,-0.312627038370386,0.107478039180536,0.775869394671592,1.24280827869177,1.2716048747373339,0.982388103589917,0.430798817967564,1.4977095393890838,-0.423972007234224,-0.205405131885818,-0.0152142472098977,-0.275783768391402,-0.746706896019504,0.116998775326066,0.373221427315931,0.250407256744695,0.0909745332601011,-0.0164616360409093,0.0330424856435471,3.564,0
802.0,1.08209060038518,0.0186922716558361,0.731333460126835,1.38284216592256,-0.413955262502297,0.195789893301373,-0.261843446842122,0.215722181897237,0.30302622561015,0.0162583067268629,1.17113922474074,1.09983676250917,-0.650503072085343,1.7449838677468976,-0.876590100581714,-0.543757422765462,1.3261348884975368,-0.364846987475571,-0.182616149869469,-0.204230919600815,0.0306683659689883,0.309696502467141,-0.0787579624271189,0.234445411888514,0.592878570024917,-0.270832966243399,0.0474549093722844,0.0103573848679855,21.582,0
803.0,1.15202106882487,-0.404515747878639,0.864618212749035,-0.026720928470475,-0.880554484401592,-0.11235126785164,-0.545992547827053,0.0460779625295413,0.823252397471286,-0.429078906929864,-0.283736620134503,0.947178454311827,0.935763346153016,1.1644139505909834,0.314937234956805,-0.284662177623277,1.9530447275288683,-0.97310616395357,-0.113130696164231,0.0261505245897672,0.0742254069582154,0.452291714951135,-0.061971716129446,0.226043681379293,0.218101749191257,1.55623644483581,-0.055841089243312,0.0062088074629497,62.82,0
804.0,-0.702307642034835,0.50894359166611,2.24861679303908,0.48189080717691,-0.236682585239184,-0.0712033714237133,0.277315635891878,0.20582557526726,-0.136185210424993,-0.580382008141862,0.899855430945659,1.10660880201155,0.207663041976901,1.2678437038605195,-1.14557703672088,0.0203965553405683,1.2002696886275832,0.536176651663005,-0.181545150698751,0.0060299491236973,0.291955670088354,0.928979581152215,-0.179179850382604,0.578609528805945,0.0011433891551773,-0.373685054843692,0.150619189412252,0.13925656751525,62.910000000000004,0
804.0,-1.24208917587392,2.0038375421724,-0.128162934029532,0.957127707357305,0.849260812480236,1.45355923420746,-0.919734533132603,-1.77686396261758,-1.27013471301423,-1.83618932646696,0.81866662415143,0.682194977994904,0.358050611994558,0.9231251238808371,2.07819896052001,-0.788665447994368,4.2234861887715,-1.08715170922342,-1.54719158639004,0.457611544596753,-1.02434864178309,1.19905841315407,0.188619788325025,-1.09412161896756,-0.597368023468533,-0.2221599537729,0.110740311515954,0.162632192305172,1.8,0
804.0,1.18169674230131,-0.007908382530752,-0.0668453869489299,1.53222301820395,1.72883164214326,4.40988461711759,-1.13881579973017,1.1646445000658,-0.0205784463321227,0.554215865529178,-0.729227342877205,-0.0106978368353561,-0.0135860907766805,1.4170560237202463,-0.114822674501081,0.947450987027758,0.7523049043201978,0.245244225308704,-0.469550433499195,-0.0403823736964867,-0.139919854652528,-0.399563036233232,0.0102000245505445,0.992235414205513,0.457014725945733,-0.0279235711375967,0.0452733918755918,0.0288681760316146,0.0,0
805.0,1.07788325442774,0.0773615637088529,0.794272190277717,1.37359731735208,-0.355797256543877,0.238951285702831,-0.222875331204297,0.172581375154699,0.176570733362102,-0.0174773807427638,1.34046996348457,1.62089410643488,0.322497909484524,1.033650576341368,-0.960707571425387,-0.559474406806029,1.6516494390916776,-0.487011083093523,-0.18873696994473,-0.139348488906283,0.0220402239460097,0.325054841570719,-0.0716960277920904,0.256368059926657,0.589476374389706,-0.301276664544235,0.0557483372997309,0.0139172161562075,23.400000000000002,0
805.0,-0.348789854414728,0.942648232424418,0.772145446182274,-0.102838123624328,0.0419280178426788,0.162930183238956,-0.0155395630159321,0.514973781363213,-0.372850681797714,-0.692770502815585,-1.05722682415817,0.373935309233542,1.14949027871805,1.5200987926179625,1.0587224756568,0.373912254600021,1.7037512564261132,-0.206071290934823,-0.292826141465679,-0.127511330142701,0.135842144924832,0.352568674932413,-0.0500405831846108,-0.723941706411588,-0.367982637722959,0.319537976896654,-0.0668929958811638,-0.0307315812274499,16.02,0
805.0,1.12109275076464,0.111321696197022,0.498385653857671,1.32860046438535,-0.272975557022655,0.0013487299722412,-0.110423125485535,0.1796405528245,0.174674550571332,0.0776678044851743,1.16741241206306,0.735213084082945,-1.2863769166173,1.8374708469250662,-0.696773733222636,-0.538418032026758,1.619382355619522,-0.423758513939077,-0.145370102633086,-0.267026753554355,-0.0531300052565284,0.0127098648285372,-0.0303755179584482,0.216249410649613,0.573753103013664,-0.338609680414014,0.0309648947969369,0.0044150693491336,1.8,0
807.0,1.07771545207548,-0.139903631905746,0.596351684923298,0.976381401221687,-0.800565283128319,-0.886094648867316,0.0642969289897552,-0.166005943017602,0.461212308403432,-0.220202416808361,-0.399622885524151,0.489951524918744,-0.263447495711017,1.3100924905195506,-0.207140174188781,-0.361159738742951,1.5716703888434038,-0.785117690354008,0.074536877806449,-0.0045003176908755,-0.171453364268631,-0.474789702107146,-0.0046088759799405,0.742080492478876,0.379136617848533,0.24248773874184,-0.0358307033609241,0.0275767892231488,134.352,0
808.0,-3.90487465441712,-4.70837716185351,1.5110443458377,-1.08374145640761,2.42731473419036,-2.80808112401189,-0.559763718899881,-0.0391150761218738,-1.23648345359149,-0.0235505960608417,0.765089596325097,0.215326782215788,-0.66738421506446,1.5476215591613989,-1.66825828752738,-1.19717136542611,0.7935366968505105,1.29214219380505,-1.79749910738959,1.16476465258524,0.115912553258583,-0.839828545880227,1.18309144735137,0.486042810185921,0.779880348017353,0.7829295367047,-0.510657350144965,-0.102326685918098,635.202,0
809.0,-0.555383832401441,0.621242093444002,1.47327784544054,-0.0478417162300785,0.586834697337766,-0.306483672516477,1.08275693595726,-0.10607610143941,-0.587235165117837,-0.289612610500292,1.4608508480453,0.512139745408373,-0.582313441731936,2.3055649824877107,-0.198896029675412,-0.0122605134894569,0.4940365381250159,-0.0440741538126375,-1.10754704322963,-0.0475662793283488,0.224275112652216,0.684953247762498,-0.0668351091163493,0.210465288160876,-0.273089426643843,-0.591130924164119,-0.0314818432856917,-0.073354303879973,82.62,0
810.0,-0.301263886955272,-0.172522685236666,1.9507010792647,-1.60329354333966,-0.978847165873273,-0.796555815206412,-0.313462414378556,-0.17717176989153,-2.75966542424973,1.05101829874824,-0.452271820528892,-0.955688241322533,1.06709268772745,0.7626538108326961,0.732674031204299,-0.816482914393447,1.9094345701601356,0.146904135188402,0.647283429270928,-0.0891430890523341,-0.14451510226167,-0.0391372505264454,-0.224903284472919,0.384370163510526,0.241105500952146,-0.074113656314428,0.0894969692071189,0.0773931839122304,10.8,0
811.0,-0.469972794790649,0.978662386866943,1.66130136995201,-0.0966934303731478,-0.155465040218791,-0.689536403537346,0.598223068234013,0.0844074206498044,-0.621859181364687,-0.136825381957558,1.42715917637836,0.533889216773461,-0.411184872069437,2.2055433335872614,0.167886401357122,0.351078977837923,0.6817702793075034,0.116662341915408,0.227885203516728,0.0845272644618344,-0.165617514217429,-0.470747497109242,-0.0006502357797285,0.507260724867467,-0.261582451351879,0.0421051231270518,0.259007280568914,0.112245740080716,9.629999999999999,0
813.0,-4.06695183753138,-4.01666908711738,3.02887712499551,1.3116336165849,3.96697182816565,-2.34445705501413,-2.98798317993502,0.838260627057759,0.262656403150562,-0.442489364752171,1.08453744116892,1.42648652910637,0.0712294353188959,0.8934614791898235,-0.679649009135117,-0.0706735436810634,1.2166813632633167,0.129644706296666,-0.747846423887003,1.05446090209607,0.454786838947407,0.0815086200378518,0.606857009745064,0.198753773292171,0.492213132830533,-0.482152173576611,-0.0584257224006062,0.15898093727444,17.982,0
815.0,-0.883595177395197,0.414590355760215,1.69013242448722,0.191985770208456,-0.17951171227106,-0.444618830214876,0.610345479718528,0.166452959258696,-0.226746173182308,-0.326444914725989,0.914094908145947,0.476736036514129,-1.01800843096243,1.5929311898039304,-1.04005205820116,-0.239259975302462,1.525540935713154,0.0259991162869702,0.59082451551909,0.25486958500326,-0.0715415733794711,-0.206544921331879,0.0730755481980969,0.54308196716266,-0.0615903702413357,0.209417013464731,0.278170131972118,0.173456265184544,133.596,0
816.0,-0.306218627668999,1.2276452513981,1.6568864869329,2.3104565310152,0.463041655309318,-0.0229439252121201,0.585160896036099,0.0320380739827603,-1.36079733384826,0.509347060613101,-1.11282703736459,-0.745531207192444,-0.151980953955597,1.8475981280157847,0.936173966777977,0.453026623820766,1.0576953158846105,0.0456862549459007,0.4064683684064,0.0562528207080175,-0.16410479275327,-0.578100069346708,-0.0112837777336799,-0.199273272558741,-0.506197245513239,-0.161006915876201,0.134387493516808,0.151761922131061,10.44,0
817.0,1.13843623596697,-0.363657607206205,1.1722327961261,0.834377131587199,-1.09794937546227,0.114876276639621,-0.852064308239484,0.336239682498576,1.25787028298012,-0.219723419789114,-0.883700926196072,-0.635830275037829,-2.15984529033789,1.731653783513503,0.691338011060787,-0.0272435201381017,1.4991297576178482,-0.416920813113964,-0.383798559255411,-0.273981861862531,-0.0898095963614672,-0.134284117613628,0.088153513310355,0.0627933270831687,0.108076551913394,0.353507977202911,0.0192561663397148,0.0190792449370662,14.472,0
820.0,-0.937481308513789,0.401648800443462,1.88268869393492,-0.362000906413192,0.751088403396458,-0.899262338443237,0.880557364828084,-0.18165031297733,-0.211657089897852,-0.666698857826818,-0.343745846388087,-0.429063633477079,-1.32585737144635,1.8135808996784635,-0.143886427405123,-0.613434462036267,1.900720723744895,-0.988969032794731,-0.829911523115769,-0.0564090721918242,-0.0017574997716243,0.0973792151772486,-0.324050317922226,0.436521101967769,0.509673618133224,0.454116159819843,-0.201804278541049,-0.175439014582613,0.0,0
821.0,0.63062786114036,-1.343565101783,0.795885120422659,0.498126974588244,-1.53182719263362,-0.287977350322444,-0.281653087353712,-0.0002443248190837,1.23276444401843,-0.579816062910012,-0.859762872705097,0.368282392754877,-0.385836414733915,1.3329584054751646,-0.219666813959329,-0.0613843949479332,1.8992301544150052,-0.527111601783313,0.372305590454899,0.507756179810419,-0.0565649780190186,-0.605084076303525,-0.179310840372298,0.476459604507396,0.0119887781110224,0.91146373389804,-0.0932079637288631,0.0658539095127705,556.2,0
821.0,-1.02620598513277,-0.454773353426815,2.74508878065801,-1.53308612413757,-1.09116579771257,-0.0856282979854857,0.0623510057521622,-0.0658199144815564,-0.886331059728669,0.231771842896295,0.970790452750371,0.300760693651081,0.135392092328552,0.7115576262733447,-0.643730635708814,-0.933017646979985,0.9608950551290109,1.74626010291663,-1.01214658210216,-0.401263702245751,-0.229039686366599,0.0253552821952224,-0.0141958011250432,0.583596149916468,0.0732800236716598,0.974509924454356,-0.242234080200321,-0.193197547446925,148.5,0
822.0,0.860732536291167,-0.802727102765723,1.10544257509133,0.390423670027325,-1.24467985481637,-0.037189706310074,-0.468191512487753,0.0831946112540138,1.03253061788401,-0.590351710426551,-0.131766681401195,1.2314426501417,0.780180908362749,0.7169330035948858,-0.15108468761703,-0.529319309189495,1.8018669869849036,-1.27043605262275,-0.0690386768886161,0.234767598297137,-0.0854447672032536,-0.244727925293632,0.0094586971018255,0.505357906512269,-0.0055933503609839,0.93361068363341,-0.0389964335960199,0.0417178585559685,280.872,0
823.0,-1.06011894137958,0.697024798212699,0.523657475051614,-0.270606566325847,-0.367703277776832,-0.627989062366452,1.18825998353894,0.0932916110298487,0.0275993762175233,-0.477585592261701,-0.533336155298241,-0.227887520030085,-1.20212450594498,2.095488409091938,-0.32445343672429,-0.443187722060718,1.8390021807373977,-0.943134727224485,-0.960178310502686,-0.220494195026598,0.0567439987778519,0.464837757808045,0.272572691137153,0.429093150709286,-0.467420410643477,0.277149030811173,0.020102284988631,-0.111750513248512,231.62400000000002,0
823.0,-2.22012396729771,2.52245660531907,-0.219904855475418,0.516665051210911,-0.202546456112247,0.940742805841447,-1.19331265032013,-3.28354421167117,-0.198646072938485,0.0937032091177728,-1.43501148897995,-0.246083532253129,-0.726153369837154,2.4235942701951774,1.29929254175496,-0.166370200309653,1.9278601115788134,0.143836274922,0.314943310276615,-1.06966235591557,4.00392084913703,-0.901312123923554,0.407891086453822,-0.84750630856962,-0.157341352742948,-0.268753708025535,-0.322953015711705,-0.16747318169587,31.5,0
823.0,-0.431731165699787,-0.410214731620977,1.50745266325128,-2.91253184238208,-0.254046345456056,0.881282270302361,-0.458757845021031,0.486521206275909,-0.128149418339479,-0.869056004797551,0.342803656996705,0.142686471607432,-0.113546753479457,1.2133727379336947,2.69438155239145,-3.13474538381499,2.2884202599536456,-0.179447192158969,-1.59035317486577,-0.552592345025717,-0.0234298468839111,0.620627322129931,0.016227280243412,-0.967247689244946,-0.648098013391559,0.110878922089415,0.232521934110485,0.128627895931987,16.2,0
824.0,-0.969100945260411,-0.0771056202574514,2.30185744641582,0.551116507926843,-1.08530387000299,0.16146310883991,0.279360213151325,-0.0430980325408571,-1.0562166569928,1.00614518614284,-0.389108500429085,-1.43421217692224,-1.50522333571711,1.2196257502786845,1.98770839944217,-1.8955579446615,1.9103254966421486,1.48521543376671,-0.692977918664856,-0.212573904351282,-0.241853535646514,-0.0226705729968106,-0.0562989192635266,0.329179102848389,0.0575203863574396,-0.123729428672875,0.122624525256897,-0.0486216742298912,259.2,0
828.0,1.11417134134298,-0.256143112490151,1.10032140634177,0.618834209632518,-0.661030931111202,0.690722231556361,-0.790712061058728,0.364126011722706,0.648257249652056,-0.124226115423385,0.935676644888744,1.25080860573191,0.274162609904035,0.9678031029981666,-0.254110568744498,0.151684007555448,1.2947626910976422,-0.113603496366472,0.0139177082644954,-0.0874447050643731,-0.029697455140376,0.116269972025216,0.0018444360666355,-0.257544191644808,0.204498203035321,0.348150888876144,0.0304251170719013,0.0113985499078366,20.7,0
830.0,0.838870621672925,-0.338156203170799,0.166043300290588,1.34864303101012,-0.401244944415468,-0.360776836651988,0.235323288263236,-0.0583645067679002,0.092940815936171,-0.0375948522140587,-0.343175423773648,-0.200971944235783,-0.816787163537961,2.2192792819111773,1.30721096835758,-0.0781655884999975,1.0907290173853348,-0.374626091215422,-0.885444085980601,0.141412983448469,0.198077362355885,0.200131278096089,-0.229256015786116,0.0760688244385633,0.504834967656458,-0.267834574742435,-0.0053369845495177,0.0485088429349526,335.05199999999996,0
832.0,1.15806161037983,0.144946097411249,0.39050825679763,1.40484088925216,-0.22119486649091,-0.20492431097756,0.0233298430662881,0.0240822545960582,0.402220079209798,-0.104350034855601,-0.660736596732867,0.139126965005169,-0.867759564578521,1.7561203701887986,-0.0136568251669617,-0.689012710768939,1.863580363131665,-0.888230727223455,-0.364342058008955,-0.231816668792716,-0.10825246144653,-0.117074753822563,-0.0563398354277438,0.0621349878153122,0.636681635020954,-0.310099705984303,0.0345785868232257,0.0148715956558008,20.61,0
833.0,-1.18716557433254,0.90900829102475,1.53657946091952,-1.47319489994552,-0.259056174104829,-0.474061633711096,0.326941264952766,0.320548598580284,0.304972841531874,0.0555795574970905,1.42359251184232,0.0667329317786613,-1.55312711047837,2.0327175661718035,0.232466031295545,0.471522798674912,0.5530673546104774,-0.22856202405099,-0.880793526573734,0.155406694076062,-0.0716274729230025,-0.0836524158795697,-0.0016898559313664,0.21334820909137,-0.419058603115069,0.733155541863134,0.480211992276108,0.285812908818605,14.4,0
833.0,-1.10590963361903,0.495813290808888,2.26484632992378,-0.118798168649672,-0.15322433871283,2.22067622709798,-0.188364590724951,0.763244427520213,0.263899485603584,-0.435334403385134,1.85992130339901,0.894814290793192,-0.812709115404536,1.2100545704994328,0.450504055608443,-1.08518571631438,2.78841076156713,-1.51713606746678,-1.16333054930299,-0.296450175061307,0.209544725153047,0.755574036754756,-0.005585501391965,-0.791982672768053,-0.687010890828593,0.337083457584635,-0.193399304823404,0.0770918575449608,99.0,0
834.0,0.95624797734322,-0.639957148698029,1.47988900756829,0.960273509098068,-1.18718222469503,0.808972271365608,-0.967921237209469,0.426319319099107,1.19429669133486,-0.32712199111505,0.924928657192832,1.71004576123847,0.124340638527169,0.8031815431337702,-1.68895141093112,-0.602704882886011,2.2699300533491433,-0.381572570947856,0.139120531852235,-0.02251645685144,0.143137458666019,0.767711240595581,-0.141419900131904,0.338086747756559,0.378652628866593,0.685453957747691,0.0354642690325328,0.0182744300572033,106.2,0
835.0,-3.24539890396088,4.82174646193722,-2.82489514539809,0.344042338117691,0.953425294420965,-1.7180081332358,1.95497483186012,-1.28820931605164,4.34668004681107,6.37149379187991,2.34095219741738,-0.557249627137575,0.0874494728792093,-4.643391701547229,1.74091748010606,-0.551979787263208,3.7855814605537903,0.399769036216209,-1.48535190597017,3.19106225162125,-1.03236453139323,-0.189654733301589,0.148554780548274,-0.0178358261804542,0.283114222038396,-0.529610458192548,0.929109914667319,-0.62600196134064,1.602,0
836.0,1.04314293404207,-1.01572795647269,1.90542559373974,1.19322698100782,-1.86373629623074,0.847153640119284,-1.42816328485771,0.395094922160047,0.584783182755606,0.346268819809129,-1.13812553307152,0.814294878703636,0.269563951018282,0.1726628606357885,-1.54478653611179,-2.41899437565266,2.56505090557356,0.545459063416165,-1.0836269675336,-0.504801201767698,-0.349570591889816,-0.0897137100644934,0.010770674528551,0.407910168951155,0.321309799085095,-0.219291866642134,0.144619000504755,0.052200348644876,102.348,0
836.0,0.056140914603732,0.239849057137263,1.95496397613137,0.447886625782919,-1.66884831749808,0.640006233048638,-2.15814275439827,-2.41416292602996,-1.40898576978802,0.264521225396736,1.22329064506562,1.18041107874433,0.993944046405913,1.8598040464509433,0.796051156534118,-0.732271361609139,0.38999314069517854,2.41756394041254,-0.939342683446945,0.310594382370661,-1.26540766375299,0.90100174781591,0.0329967514324899,0.519744312642349,0.30361071103366,-0.185665604746855,0.212196535354835,0.28312313275062,18.0,0
839.0,0.486337541461418,-1.06365012242428,1.95000186457828,3.29985708119575,-1.61743316500407,1.0931294284401,-0.811581745562596,0.340450322678111,1.0225004888224,0.0851063659998735,-1.53982009306889,0.853765783635982,0.617512435336324,-0.051071264846225484,-1.9421540088249,0.117773904600598,1.209382051736367,-0.10810001750159,-0.642675915670839,0.453406969387913,0.245702657850222,0.566512301021773,-0.377002254240658,0.487004421693653,0.387864638859375,0.216909600653755,0.0438901784990729,0.0916528483546807,528.012,0
840.0,-1.08978057354311,1.36734955306251,1.41367506512897,0.190287963439738,0.0481787390825977,-0.179594453043155,0.485458958643952,0.153445879392957,-0.490347023098843,0.254725633620392,1.92234690215129,0.506602700618804,-0.323341712998054,1.1919049793262764,0.892977445387203,-0.0863537090836612,1.783538372313671,-0.048761063000379,0.463818487475632,0.250654389939059,-0.16535137304683,-0.409266871969434,0.014497598193372,0.171924069824236,-0.306038899666268,0.171995230559158,0.168191525267179,0.235689017768896,16.182000000000002,0
841.0,1.16494484516641,0.592333559642529,0.193036553562432,2.43546815174279,0.0250901141465659,-0.673957605256245,0.37262439192238,-0.067041189571124,-1.10557401318672,0.947659543142232,1.0975807431441,-0.148037344812379,-1.63180350739668,2.408221846398531,-0.347702662475531,0.534988357992693,0.6097254861804242,0.1083744213584,-0.665680499622148,-0.249989395733794,0.0350157325119006,-0.0346027623713465,-0.0768775336646712,0.49413080582336,0.621420553890387,0.0432917746226442,-0.0534444300681292,-0.000716331077448,10.98,0
841.0,0.182438327732022,0.583027124686647,1.1785709701183,0.0750897759742409,-0.151706261175314,0.0729078758430843,-0.120187981724678,-0.673660812261003,-0.48294924972687,-0.215195743473012,1.64334144795928,1.00013173227893,-0.0263384147009386,1.68559481934431,0.520478171759643,0.236067467949906,1.3730156605495156,-0.451764655972297,-0.278949370397511,-0.217993020570137,0.566009668994275,-0.90430544984362,0.0061372125414677,0.0008383774560985,0.700061243298444,0.184876894487953,0.0582431343658746,0.121357482796099,12.582,0
843.0,-0.712855324375172,1.28377073810313,2.70644722393517,2.66576133255759,0.165224147893448,0.637445709641902,0.358576242774778,-0.0036915287788583,-1.17185984581739,0.999814165584719,-0.0213681306223354,0.0030833656611314,1.11022214298129,1.2711061672164417,1.8058828161529,-0.151584396496919,2.094103652977951,-0.324990952385795,0.341406497246229,0.378890163266365,-0.0653898271323558,0.118837135707765,-0.187710544275259,0.0914739007619105,-0.120111902999209,0.141127039204546,0.093882630650563,-0.0729873383139992,26.982,0
843.0,1.22874218655304,-0.131946172274784,0.690334857416034,-0.123027023912799,-0.913108793310231,-0.839035362221821,-0.372969164229817,0.0225793858385599,0.264521756224652,-0.0156912381108818,1.49366751443474,0.47775186822752,-0.933396726550308,1.8849394485552768,0.639626188987778,0.587122658769675,0.6602000976637493,0.125319966023089,0.248163754986727,-0.12474695146595,-0.0808077293921778,-0.299441412260129,0.122823153021094,0.572363483249719,0.0290930433550192,0.877639571627921,-0.0801263441392928,-0.0009850255195895,0.8280000000000001,0
844.0,1.27455935442654,0.0487522826641222,0.676176889547467,1.05644822682949,-0.202604283733955,0.554412907569282,-0.553321060648778,0.123965908749745,0.720242676450494,-0.0935244118165839,-1.85996014197426,0.194489314130941,0.951242085423058,1.0348548935460913,0.616747313620336,0.662803928857798,0.2834364594438763,0.581730618467712,0.0395296713605569,-0.0586579162023199,0.0358093136489455,0.326667730927881,-0.264367049067407,-0.971458028309756,0.715362660311517,-0.15752374464897,0.0708324015643251,0.022330311982448,1.8,0
845.0,0.975982599901031,-0.923702573465433,-0.0183802915904295,0.294127041877464,-0.704140206326731,0.0165972473332308,-0.245369178058554,0.0024816960877001,-1.08139854396288,0.903654004276244,0.232017787505088,-0.075647325296153,-0.379797118411915,2.1614286692256366,0.362968834914278,-0.802212291381695,0.84249240973223,2.07795444839131,-0.58946369348279,-0.158864421414502,-0.328056510742456,-0.970821311490369,-0.197510460118432,-0.575730677397089,0.378208358778405,-0.446725222932005,0.0031707961772966,0.0454833653160939,361.98,0
846.0,1.24086947305749,0.292556335981316,0.550695654847915,1.18393338085363,-0.160813359030842,-0.23419817508203,0.0319850721761216,-0.12860139805018,0.308271350418752,-0.20964798486578,-0.906349145893164,1.13708585128731,1.49108278116594,1.2468905068247442,-0.283442648177525,-0.194616436816832,1.6439791222951181,-0.568118851424562,0.229481736767017,-0.0548402204760111,-0.28882487719149,-0.565387194766711,-0.033088801904678,-0.0969291162827043,0.614669989037909,-0.518025149019031,0.0502010702487278,0.0251372435280677,2.682,0
850.0,1.25713957734184,0.26564236521866,0.245952980791489,0.667479831637351,0.256081415540261,0.367671909964374,-0.125216118728018,0.0583907731824003,-0.156139197995189,0.09745436437981,0.350255248293809,1.14431895743944,1.42867999373315,1.8077120699176958,0.437890504990133,0.911270599351694,-0.22803076360060093,0.600684952076639,0.424489644290833,0.0073584424378135,-0.213466132520016,-0.60037947129022,-0.0858635425105959,-1.04763984453574,0.488591477663242,-0.560394626452772,0.0385240399774845,0.0138832971184149,16.146,0
852.0,1.11542024035567,0.209019924388212,1.34139597402623,2.45426291068798,-0.571866426610023,0.575579474784753,-0.671756644000377,0.310693000849874,-0.218026973604591,0.73056817173233,0.514610844971399,0.546614483000198,-0.0605178836296205,1.36131555568299,-0.520972207203376,1.08538248443906,0.6367708649517005,0.692664450134599,-0.647282586522918,-0.139266599299426,0.13145270406141,0.456617949894901,-0.0967909415984653,0.0155172772683859,0.403840808003605,0.110205347928504,0.0337081025361049,0.0202637574140915,1.8,0
854.0,-0.702358227515357,0.547789019210021,1.95963592117295,1.00662690924555,0.710589146738215,-0.0501537317968506,0.577877892473771,-0.0357828475731593,-0.491689603790808,-0.0286167189237324,0.53144782754026,0.178508161492203,-0.893519969283545,1.4789984114169739,-0.673169758698782,-0.578506169532578,1.9084077558113424,0.403800054562983,1.31255298628238,0.1529376344658,-0.0769506991112754,-0.0335804581972575,-0.397949278636942,0.0046805753692001,0.540327917603053,-0.231577984235287,-0.101318775126026,-0.158310204966194,4.212,0
854.0,1.11171191992313,0.215378804791513,0.355264665490018,1.01460325399815,-0.145607852463053,-0.284154030418527,0.0609305124600825,0.0377103843390904,-0.289566984602478,0.133068033176214,1.70081713197268,1.00509172897699,-0.186637651454442,2.1155338046549836,0.463430325341545,-0.102138887384193,0.6832237007318688,-0.162594671659661,-0.521269623738202,-0.140306872020231,0.129749148087522,0.378382798023535,-0.0708715853097817,0.236140176374589,0.549833280546336,-0.330396762486439,0.0232163236507876,0.0116389050006092,37.854000000000006,0
855.0,0.694632257683256,-1.0689300112179,1.94401615640465,1.93074602412903,-1.93385556150868,0.496387427043377,-1.00737922853749,0.322900126026894,1.92623577684566,-0.535609632086192,-1.2346072907087,0.80757670982405,-0.338774894236501,-0.13414166409914885,-1.40192663401436,-0.49309977928274,1.5043824026894534,0.0091180293157079,-0.0949680647663926,0.200286138463671,0.216864225613043,0.731954870196094,-0.282828312859533,0.792686363374236,0.470928034854722,-0.154660779809161,0.0882046824772131,0.0771797454239379,353.62800000000004,0
856.0,-0.916705678506826,0.74986220076701,2.06766164429563,0.0950770991559482,-0.237842824779924,-0.342993550513118,0.454652785927603,0.0120555537549368,0.432845175364353,-0.691966361829923,-1.11920287621097,0.0866331979099919,-0.271624342022817,0.5869324289592588,-0.737596081072753,0.142109174915807,0.8187010797303796,0.0635285342625771,-1.03391614531359,-0.258887204005612,0.216654237449934,0.693767170967913,-0.282403037941443,0.410592295313249,0.089231305707706,-0.469512234843131,-0.127947585865814,0.162296946484046,43.019999999999996,0
857.0,-1.17244377591533,1.22484598543857,2.19236785545604,-1.16369204191087,0.293742725600669,-1.24411862569098,1.30662925594547,-0.428345268614302,-0.271640327751217,-0.537415703836898,0.019052586199349,0.552970539424616,0.843516110477806,0.6649304990218202,-0.201899959979037,0.586934621514462,0.2791142006921168,-0.832402959623167,-1.77034919605023,0.011446252170618,-0.247382577180496,-0.642284404580904,-0.204853854825284,0.702910420428044,0.355877565606314,-0.208330716066785,-0.231369967708496,-0.101376727094241,4.482,0
858.0,-0.81159641846601,0.72422814245238,1.51065117948351,-0.508840883658431,0.471784749641067,-0.843321811097845,0.630595793213024,-0.0632238757985619,-0.266467304523437,-0.587010759649101,-1.0694706848615,-0.626385255357628,-0.73576351199646,1.4480858271737453,0.59044621594341,0.610702116266038,0.9705764321381365,-0.158895196954238,-0.38602561661778,-0.157727989163831,-0.196828338407175,-0.766914504273592,-0.120189630540092,-0.155811550879059,-0.146878191504954,-0.0275735840920519,-0.104091882813199,0.122882655740333,3.222,0
860.0,-0.978917793898491,0.297514201568135,2.27640127434844,1.28269771781771,1.01982242386875,0.0835602604162915,0.58467316524221,-0.260218363342974,-0.46570187928222,0.348427421803139,1.55034701496393,0.909691852355855,0.0515520106136784,1.349934990372548,-0.334171930888876,-1.27034967645,1.8472869293102743,-0.362202368910959,1.07300801843823,0.142306983500846,-0.0771415594238989,0.299901750505338,-0.433008621157125,0.277608139693646,0.337778768975445,-0.228259978291677,-0.308926531763263,-0.368745640499607,23.886,0
861.0,-0.94598740166318,1.23275335769919,0.820312643931454,0.311063570020599,0.981736280083421,0.935187763291649,0.566925625459443,-0.0086035520117534,-0.621911711489819,0.380949147356357,0.45499762543172,0.813051961669976,1.3485357185858,1.24099268322028,0.71473490717118,-0.0071531546695598,0.17146983730040055,0.403173695485294,0.913516182367469,-0.0440426587665725,0.124922284918563,0.284644067910303,-0.197950685535595,-1.32606087074801,-0.161714668544043,-0.382919123145688,-0.488499599183705,0.144470379707012,18.0,0
861.0,0.649766423504459,-1.84705678940522,-0.323644958828602,-0.231807204073836,-1.18397476741214,-0.468911359437259,0.0737952445290653,-0.28023267543581,-0.509482286209352,0.323287298408385,-1.07145584983984,-0.577245666059696,0.0451293354072986,1.0633156354748692,-0.466542602818116,0.67419885551391,2.2129192981853554,-1.49355388403516,0.994440397046611,0.881595623006232,0.265947000496982,-0.0561138463446145,-0.524451710809203,-0.0537965683450619,0.599094561121606,-0.157792247972646,-0.072667566285121,0.0742476663586911,753.264,0
861.0,-0.443985978834636,0.466826005979683,1.18706206121806,-0.97305347196776,0.0290557887229277,-1.11472049408348,0.835463399531778,-0.679595298656148,-1.7497497440846,0.776303607504071,-0.0655639320452008,-0.61127585370221,0.980052693264076,1.4880199547610466,0.559972839958774,0.211028979432325,1.8384517136686176,-1.49287360970384,1.51675384132903,0.242448082044117,0.237304240315226,0.832813978826008,-0.293723491912377,0.471008597320797,0.331393336851479,-0.055672216611255,-0.319574753452865,-0.153054724536644,27.0,0
862.0,1.20849842272188,0.570566972221507,0.0430931001550911,1.2441822428326,0.178013652187768,-0.861349108333146,0.561900323840994,-0.298842358392149,-0.542087608410998,0.023788435239178,0.33398673110859,0.99638650892465,1.06777302981832,1.7731375309712902,0.744107544623308,-0.617218797846297,1.8870499631569926,-1.07542523265127,-0.796480768094086,-0.127231662193428,0.0640833769526093,0.328368253821335,-0.0865335984181669,0.438507617063408,0.768232084512886,-0.27431736020609,0.0152143279176818,0.0132196499041932,1.8,0
862.0,1.17429654055691,0.180652351644322,0.513432323043449,0.450884405413441,-0.19799746773314,-0.186937916472604,-0.0904651833720912,0.0565953723295291,-0.281110702427538,0.0467506845228249,1.77318494387425,1.36327924719568,0.626027954256511,2.10281073050698,0.537938405446048,0.187857526577106,0.8919484157224961,-0.546168055582241,-0.189936332593635,-0.0869058751781591,-0.173352475709868,-0.484002897752208,0.1481738915188,0.0240413718184475,0.128742963010139,0.105540586160995,-0.0137160654783633,0.0063349716359329,3.564,0
863.0,-0.534962595483575,0.57572628703317,1.40100539969801,1.34296725757778,-0.11907004606167,0.319190359186825,1.28153932798356,-0.133611225261178,-0.139735499000174,-0.0055481167940911,-0.606733457484973,-0.202373589973982,-0.591766398675749,1.127477755379921,0.303729233178724,-1.25361624556057,1.8491087884875586,-0.599457765259167,0.695881025789454,0.477685707134452,-0.0109907139717365,0.252466182971879,0.137971953388156,0.0702893511093888,-0.075028288036882,-0.255084353879028,0.215463850141048,-0.0098130532000813,267.462,0
863.0,-2.81425715980358,-2.34099767412471,1.48482243072505,0.502196642705514,2.57220039263307,-1.91451313601988,-0.611254287185821,-0.30671746799838,-0.0152036502896383,-0.0476367909685607,-0.15557953572975,0.225841063406077,0.201215777634406,1.324962682905831,0.848918902529575,-1.03761523529782,2.1988125033658075,-1.03414610258301,1.02218004764613,-0.0931321327221185,-0.135441392448957,0.0389810167779621,-0.516476516212742,0.268729603824352,0.258611124054528,1.26959787152374,0.0009545328787581,-0.20041549572556,230.4,0
864.0,-0.822082926277534,-0.0302835503896164,2.67791468628629,0.129053869511929,-1.12275444087549,-0.119312727904466,0.805480298449334,-0.235839300292049,-0.0265985116623784,-0.620596564860597,-0.084847507166043,0.453512147346406,1.12792222988516,0.4311970476275986,0.827299917719558,-0.210817895031961,1.7218827821087743,-0.0460622446421938,0.664829070272419,0.674724699624443,0.225495952675048,0.658424895921655,0.125639581309917,0.817217736002597,0.0841355186918857,1.18423878867978,-0.199724805955127,-0.133199383125488,338.40000000000003,0
866.0,0.893572742901918,-0.315897835114142,0.263384464200556,1.32366516115124,-0.153240383908775,0.602034811644173,-0.101911100645934,0.341775848125407,0.27253860549006,0.0053650772368445,1.10640851527384,0.410750706314511,-1.91537389865448,2.048739927581578,-0.342953958510898,-0.733844956658174,2.032271013744148,-0.713528557191373,-0.463181957345569,-0.128266426298698,0.0162980633521358,-0.014151845446702,-0.107097525761575,-0.320423274797343,0.465866080386002,-0.304486830442619,0.0239187737237055,0.0151795104657403,185.22000000000003,0
868.0,-0.595648267549223,0.536610064015465,1.69559235982663,-0.0216095463622946,0.2652515562987,-0.153999648111582,0.63522846714547,0.0158396800744112,0.0355526999363671,-0.0582454028921936,0.459049306060961,-0.0038130676792224,-1.3832889034895,1.7786914744602795,-0.932255648540022,-0.1575640097161,0.6495700869453276,0.197885190172341,0.81131465007053,0.167822050288665,-0.204018524004552,-0.303055914853077,-0.178685554366953,0.0066750817218005,-0.0587826166285625,0.217132763159345,0.134354273048065,-0.0618329374986987,31.104000000000003,0
868.0,-0.964216532503456,0.794454171409333,2.11296843468757,-0.382195444591087,0.652121306117869,0.440561459765932,0.800687990652965,-0.0869706844174721,-0.2499711646248,0.330797451714629,1.81321944136219,0.0886244274397199,-1.07707649569595,1.0809493520794116,0.907506578808205,-0.371259517723339,1.4575777066638334,-0.711452104271524,-0.308270486678267,0.123840924825223,-0.230760005322905,-0.377461471886676,-0.185413697184779,-0.325247391129331,-0.105558069943675,0.108052225743021,-0.31905799779495,-0.323789056725981,14.04,0
869.0,-0.603568897360362,0.929801186012784,0.981950317098042,1.04363572680598,1.01426830781586,-1.09071221258653,0.811408469670867,-0.409025962811504,-0.324543217975656,0.0788543459061686,1.91545059314198,-0.325821204812564,-1.15774200271015,0.16936215062225712,0.674053214065767,0.220930617102559,1.9879960035670543,1.31971641826292,0.395610908133069,0.182204226152401,-0.0401117024902753,0.340829360381854,-0.316882218451853,0.391312115625192,-0.361588457941534,-0.408967107911334,0.027199490967251,-0.218191017452757,1.8,0
871.0,-0.789217142033684,0.104689246922284,1.01317858977563,-1.74341448849968,0.627381005483725,-1.33179853217515,0.416852718431307,-0.164711558079756,-1.64233974564311,-0.516894851547784,-0.492792792204785,-0.897066269972568,0.487683635379678,0.39517869798213323,0.0495541573774887,1.70604495854467,2.108046477354807,-1.28486780113018,0.192076687533977,0.27814019674095,-0.241057090713938,-1.08998546692652,0.0418644007155263,-0.278965637722905,0.0427514120508125,-0.769455722156985,0.0335461717641337,0.120673737940727,52.019999999999996,0
871.0,-1.36679742947903,-0.381816400226104,2.90936404917298,0.452823992750014,0.646124552090261,0.0745040532228388,-0.0437010628995156,-0.323217741204674,0.698467183674904,0.723170808481638,0.883343040116967,0.331296910260482,-0.20594829529646,0.3383666584262287,-0.0501202942423876,-0.179640424133928,0.511387298037303,0.529868837800626,1.29617914274167,0.314912945960002,-0.219790714246004,0.12099384496033,-0.434589458808465,0.0636234684660238,0.0590211849974625,0.365409828228378,-0.447738500007798,-0.363026546463575,27.540000000000003,0
871.0,-0.634173590447301,1.25820584396012,1.28727738695521,-0.306047028678791,0.467535195450121,-0.433052010181938,1.01227707978885,-0.344209177584405,-0.0039589702763515,0.688693777823602,1.47565033055862,0.508054736363016,0.355764810231965,0.19228333022704258,0.275049047819101,0.454426749173185,1.028554725055179,0.336516958417502,0.268224164800132,0.543401172476996,-0.397377921082933,-0.603152754117665,-0.13568592957769,-0.0455098473053896,-0.0875267162461624,0.026447048767354,0.135350456774143,-0.2414804895935,16.182000000000002,0
871.0,0.977232208343679,-0.0047281167509223,2.01959754249685,3.04917302573455,-1.07309523039161,0.776207788272115,-0.830617048636467,0.374724369207036,0.57922376939636,0.244573202046302,-0.641032680737968,0.98414748031332,0.292773958036782,0.5611916672400088,-1.51633807233334,-0.386294138313595,1.7484089550454043,-1.10726397832399,-1.02164697849431,-0.173681040742054,-0.0697511394907693,0.202433683825496,0.072801497404857,0.638220604599447,0.270293839422515,0.0289675586972808,0.0843716838643282,0.0406845573920416,27.306,0
871.0,1.18412723557853,0.626778184249061,0.714076881715902,2.48528175822644,-0.157646305627211,-0.524432275039348,0.161986164489867,-0.145608761910054,-0.806321552901255,0.671534910234538,-0.442261816836467,0.183587711545545,0.568661595495279,1.5160117938024364,0.484496804968961,0.693560806825399,0.44305858884531135,-0.365965651220957,-1.01046413312685,-0.111995334315958,-0.0650999543002862,-0.212761873025984,0.014422376570249,0.385380656270487,0.438366255255767,-0.0763742336445141,-0.0059355443276968,0.0262466709691066,11.808,0
872.0,1.00139329918974,-0.521937971440148,-0.163231087663051,0.171474043411243,-0.131066169917235,0.145023425020052,0.0473681125882782,0.0169852744823536,0.249130747415114,-0.130380137295826,0.15196529129116,0.639487886683436,0.0011681923682318,1.8090938473024052,-0.283628269533302,0.460457268077553,0.9756708442043688,0.233413511426328,0.913304309212464,0.248455756304213,-0.181246101837095,-0.790460443867312,-0.226926067606837,-0.801654551413232,0.390592582547571,0.484773623534442,-0.0783927762085065,0.0149095412415637,284.40000000000003,0
873.0,1.23792577646505,0.345052920289047,0.336512196188982,1.40121194911773,0.12440182969172,0.119142138251151,-0.0591290278360804,0.0221332772634996,-0.862238931235055,0.707222956161218,0.612534829649239,0.653193480211482,0.77188928633784,1.7186228615365808,-0.128865357985888,1.16911379834566,0.46899272614747556,0.183145164961176,-0.115390355681712,-0.0182026347787949,-0.087127015866884,-0.301849705577102,-0.0710545855998217,-0.450757627758201,0.33300096917735,0.908803846073685,-0.0795241942953443,-0.006582088617675,12.942,0
873.0,-1.53599809978183,0.0534114212400041,0.657063771047476,-0.699735503140937,0.912905220783903,-0.454612209653019,-0.213932476605292,0.663058285671374,-0.26733848763565,-0.673110910895636,-0.250472014966313,0.563154236435262,-0.0812901289889999,2.4045841401620356,-0.892400608276952,0.659036150224627,0.5474715463266749,0.375246709825572,0.490033860321213,0.218536760378118,-0.0929067256536675,-0.593963742056702,-0.200233734388434,-0.815724111039798,-0.0852089433996818,0.341124390601708,0.187091416661367,-0.0513413687896875,1.8,0
874.0,-0.445099149442314,0.754145066046954,1.36199896879053,-1.18423831639983,-0.0367725785782453,-0.941420550659178,0.698625488202564,-0.0264798993292059,-0.134955837301724,-0.696873470127064,0.12422650591308,0.393106078673516,0.312787018780782,1.4251338931422706,0.570351441655165,0.0851268237522152,1.6738949616557024,-1.05213861251557,-1.19827028847067,-0.0014959188064616,-0.0158068956284434,0.0566576104329631,0.0088569006425378,0.450117146535695,-0.311579750508565,0.774706868132531,0.20399891892224,0.0884604495744842,13.842,0
875.0,-2.37682907264137,2.25047592790658,0.51372201913173,1.10490870957719,-0.534358829620691,-0.294275717515488,0.219831507168649,0.510645782347292,0.713897134152198,1.63830335011076,-0.28835261406386,0.597583531565974,0.0790648742805404,1.0355703429985885,0.248071034273467,-1.32361946540445,2.2051616134901453,-0.887598580123591,0.42575986914278,0.703667206051526,-0.163011184324331,0.198988827790367,-0.019971252649523,0.411816272699308,0.199374596130922,-0.227731602511309,0.776361043368899,0.620675430250128,23.958000000000002,0
875.0,1.2409361614308,0.0684183269826957,0.327949537442571,0.730882620639146,-0.274041101086601,-0.414394033818271,0.0288540128144406,-0.144310287230964,0.403661438584277,-0.217161436875819,-1.00266663720003,0.638577662559675,0.667041899487693,1.3354538272338297,-0.240909829285087,-0.164995911297256,1.3264130587443324,-0.624631141082764,0.397416295208047,-0.0369803506476015,-0.249339888214525,-0.533015653297385,-0.0684587334076007,-0.0652562799995324,0.536036697820703,0.296757321026568,-0.021486963273397,0.0114967841296486,36.954,0
875.0,-0.801063229964691,1.22455283554701,1.21395049722229,-0.235285558399034,0.262737931675567,-0.199323436726334,0.686999901243766,0.045985624203348,-0.0371473258943765,0.457125702688716,1.73843342371252,0.294612535599327,-0.624630646704188,1.1332671402918075,0.575150482490163,0.19400462524824,1.5281385602361055,-0.0751117974582351,-0.21039262635212,0.377040077094611,-0.305860824470288,-0.529589242434723,0.0067247884086366,-0.0578605922951343,-0.203207974663802,0.0676358921807236,0.302592698158386,-0.0116368179329282,16.02,0
878.0,-2.51219240716515,0.317838238718562,1.27033280212107,1.21425795018979,1.17990250727029,-0.412233265109121,1.00271608138525,-0.774680183940124,1.65660199646692,2.77907371566694,-0.0847781328647432,-0.18321933511528,-0.330652014184725,0.6304057363063109,0.586282642874345,-1.56966184767482,1.436272546775997,-0.916729866475145,0.669524634250919,0.592948493875505,-0.655257798829788,0.24236823281838,-0.135073900073597,0.104260701044715,0.211102067974728,-0.287306672363311,0.335129131058453,0.32821181910776,33.84,0
878.0,-1.1738042021969,0.281003682210845,2.10109264532778,-0.724886315027872,0.02448222574921,0.300528190886652,0.288660243457071,0.233967199201219,0.258239625167985,0.0414733594526474,1.10760530597301,0.0822276791295804,-0.752259751312372,1.6020175354641426,0.605730267263059,0.770356649233738,0.6931182407497919,0.291300341629091,-0.860666673678991,0.261921977910034,-0.0468372079665327,0.0642060824996131,-0.146278825387548,-0.312220295700735,0.257629238194304,0.351119991918902,0.130965272977973,-0.082722367173129,125.46000000000001,0
879.0,-1.13839247335378,1.45827243162649,1.32812340439701,0.0321939636526693,-0.0920375255370952,-0.85654238227564,0.748841422469213,0.301061411708402,-1.11787398244753,-0.702986305537477,0.289092388862968,0.811465633430629,0.954559101793209,2.0584165741703755,0.712849635686182,-0.517019394376038,1.6946725042734787,-1.01891914851112,-0.46655032678348,0.0800732602113407,0.0749637441901425,0.224883018198433,-0.183735337283072,0.664197053578164,0.464203955494209,0.412829002317699,0.125083100422674,0.0546657282369979,35.118,0
881.0,-1.72253005905182,0.14608334546629,1.54547342910771,-0.958582343947835,-0.398698068015815,0.317561493767403,-0.0916466899569361,0.638799997948569,0.553822177764998,-1.22783324251585,-1.27344778164848,0.852676592445387,0.935230796896988,1.3066005113832875,-0.79405373580204,0.0626192639618098,1.4095035929596869,-0.915007182006335,-0.383268570112567,-0.0401016698519285,-0.154528812443977,-0.274414309333437,-0.24663943067203,-0.358352764209138,-0.0769762603647238,0.846707130674953,0.148563279161894,-0.0735416073295272,168.876,0
881.0,-0.660287398616054,0.736978559744415,0.86122463996245,0.934375078950819,-0.431883686608547,-0.409751118557537,0.983205968798625,-0.155560141172524,-0.402376207501664,0.42133388504452,1.30067950072227,0.128074233571068,-0.959208046290951,1.6438597139994198,0.481623783216107,-0.0925271632709029,1.4934323775672365,0.595844407437243,0.602413792374858,-0.256622795277161,0.0838732725123715,0.584100367175894,0.139277486360577,0.526896964298116,-0.229871684820384,-0.419949793299215,-0.515020110603821,-0.560165094338626,194.22000000000003,0
881.0,-1.6580885744545,1.32937064689791,0.798456478717412,-0.0039056820798676,-0.350795723802588,0.491844091937605,-0.362643364552182,1.31087051169935,-0.388182727212462,-0.519374868572187,0.956448922979389,1.04721311674639,-0.677595178813753,2.0494752018116187,-0.61551677802502,-0.563959015299884,1.919531898599749,-0.816978295906089,-0.0854182648631975,-0.0744435903602645,-0.0270907779497304,-0.0286623652118897,-0.0066687992102844,-0.27928966348754,-0.119193936192214,0.290949414238797,0.205138520512565,0.0728559035743657,13.770000000000001,0
881.0,0.967994059106384,-0.163798572193231,0.0063645284306267,0.575994047922077,-0.406246307717678,-1.01794124931404,0.470148687561653,-0.198495638634366,-0.405179537040553,0.0651304377229153,1.59578998319962,0.794229445965188,-0.539666590302444,2.0366084913563416,0.113281282441876,0.202981370236779,0.381414588871325,-0.368003650269043,0.281564583665081,0.142351735728027,-0.243288586637793,-1.09965692768588,0.0476730135742944,0.51696620149042,0.163442482465754,0.0958511692154588,-0.095720597122497,0.0235393130656687,251.91,0
884.0,-0.386253571096413,1.01113236829589,1.2842075873263,0.0866693172820504,0.0293331574621915,-1.04949201388922,0.606984458361694,-0.0238275690408688,-0.274317386632226,-0.48140909287734,-0.340558963673769,-0.475329643256856,-0.636679600426638,1.1071190183629995,0.979185313145544,0.415741657001731,2.0366204987268524,-0.0448729487990422,-0.0851598552028199,0.0789749162638881,-0.267944227563199,-0.755013918603674,0.0029264623263706,0.313527440541906,-0.184064759011972,0.0744694390723562,0.238918626549733,0.0979031150349877,2.322,0
887.0,0.932936237820889,-0.413261816646262,0.478969141800437,0.703258910609529,-0.851198743351203,-0.901752149090021,0.213873809579809,-0.255363852613869,0.403996994602779,-0.377100949584294,-0.194935078349443,1.02645024160376,0.724763001136793,0.9023261240966773,-0.241909303563082,-0.421883341217018,2.420611622535935,-0.936257491932195,0.174933427121762,0.242079808676245,-0.118905370369004,-0.463499812038,-0.080420874048656,0.800855525124454,0.334530103275324,0.462896556536661,-0.062863383348845,0.0402919932340396,284.40000000000003,0
890.0,1.27118689426116,0.0688480496592118,0.0515222230274272,0.101044391180636,-0.461110490005048,-1.34222253465445,0.253838905861011,-0.250347099206334,0.117635036281703,-0.10630454760105,-0.359475576189005,-0.387322935966039,-1.21038371020364,2.3648365665592403,0.988784898313022,0.176908929585272,1.2476085164837682,-0.855423999172103,0.283405686998539,-0.123592333299526,-0.449268870984351,-1.44132213695137,0.211117493751975,0.372950413898373,0.0531503624527429,0.62458623158245,-0.111909735983898,0.0036971387019859,39.564,0
890.0,1.26363321672823,0.416655267231259,0.293483071869691,0.98661480625289,-0.0161252097803312,-0.580474866492866,0.198172366662051,-0.237423145287677,-0.123892899110009,-0.0448465765256144,-0.572090307572847,0.806516356309584,1.53407812673194,1.4552641705574585,0.903239627969698,0.252731223029516,0.18240104863631035,-0.176642612216628,-0.195370827405882,-0.0281060367087319,-0.0688267508349777,-0.105168751998939,-0.100792007700664,-0.0948115664518976,0.654897348270846,-0.412485472188023,0.0305209924551259,0.024003816950164,12.51,0
890.0,-0.491109213154843,-0.73885615046356,0.517531296834851,-0.892457723931088,0.387552730349077,1.07736726154047,-0.0021388727437744,0.288925813827718,-1.27149603698897,0.411501271636983,-0.462131042690606,-0.903451035578376,-0.459821142534376,0.9217322574804087,-0.497404737395415,0.436974632139283,1.9276464829436777,-0.692769801018927,2.61403891149034,0.59178441686315,0.236958450314188,0.445255049155462,-1.27658941848074e-06,-1.69588736793524,-0.0046523995732766,0.0349835508945278,0.106644590387857,0.125128618939685,244.76399999999998,0
891.0,-0.563566359241325,0.72753625763264,2.55977182454814,1.7597648327238,-0.445025528968389,0.554544675441163,0.0688726995657241,0.213012502430057,0.371587523320271,-0.515404569667458,-0.48861652116838,1.51209737866441,0.998250429993176,0.16057619329594774,-1.58206580907317,-1.87085902366471,2.6667343321609494,-1.40093212573127,1.09423396116932,0.0187852402806472,-0.234581597912242,-0.161813100574535,0.0374278939201684,0.646022805001563,-0.427127181745979,-0.487850788867875,0.108020001869592,0.174055778510736,7.272,0
892.0,-0.654401121430862,1.15719681842773,0.978790320016011,0.804280027160877,1.18128058064166,0.876831981661985,1.01956644939667,-0.280047969119733,0.347691470701094,0.9192734500335,-1.48764610415434,0.0205149465669636,0.95577788874717,0.7823649577150916,0.318362313351525,-1.05576035843928,1.283899280271587,-0.425422959916076,1.20132184228895,0.592321537034324,-0.296787426098425,0.102785457564698,-0.352438959348016,-1.29737093939834,0.191534556312612,-0.183537776476107,0.33233259812619,-0.122636336970638,23.886,0
892.0,-0.267135059423928,1.02387424462998,1.24401658606143,0.86026591479459,0.436053835983013,-0.16126115713973,0.709735650802923,-0.0376773347547586,-1.08082824646596,-0.012942802572139,1.00617887848997,0.841760172479641,0.843479161868975,2.1289704421543503,0.447928396158225,-0.172459052195687,0.6645475238126887,0.671891779514885,1.17376282188861,0.1486793110949,0.193633969032543,0.598219098731185,-0.234705116352774,-0.0105553655018028,-0.124717557342448,-0.262973928229174,0.163700042359784,0.14254915934252,26.658,0
893.0,1.04108111431064,-0.541864491395015,-0.402844875286601,0.0381065553167464,0.141641441769048,0.472681371597301,0.029858547379447,0.0584695560363198,0.297312106075999,-0.127771947875137,-0.361796570501999,0.418505712403539,0.034317860335095,2.317402832212821,-0.234546990931634,0.627812847826642,0.7345481059598913,0.425341872535249,1.12561318793897,0.26301962885733,-0.219028909873869,-0.900303138012672,-0.294888643266699,-1.3520495319004,0.463664108233531,0.519181015354798,-0.0796500523009494,0.009204738095448,284.40000000000003,0
894.0,-1.49631028466093,0.0334849012851365,0.417449983423925,-0.833102991235434,1.18561283247019,-0.12695426307577,-0.231442041814123,0.70454256722534,-0.219157128974765,-0.670502721474947,-0.764233876759471,0.342172062155364,-0.0481404610221367,2.7773017933772497,-0.843319329675284,0.826391729973716,0.6881717592876697,0.567175070934492,0.702342739047715,0.233100632931235,-0.130689533690441,-0.703806436202061,-0.268196310048297,-1.36611909152697,-0.012137417713721,0.375531782422064,0.185834140568925,-0.0570461719358032,1.8,0
896.0,-0.985444539307757,1.15101812975731,1.44975303866876,1.03652242767219,0.305473062363866,-0.0390506763127264,0.973651300389454,-0.402890380307831,-0.345995490644653,0.644694723831506,0.102009676109259,0.461405205810064,1.23676571164837,1.310466601277081,1.49994170077163,-0.72586864197438,0.9846601453828878,-0.539314834084541,0.343300382672886,0.069321159210772,0.0055828245932487,0.461591774387566,0.0587035973543116,0.106775594709028,-0.276164070450002,-0.376627778563251,-0.202825802697314,-0.0106000177951941,68.4,0
896.0,-2.21126059572267,1.77250984345233,0.33270071310777,-0.02340842181562,-0.719646768302997,0.427734316379732,-0.724235725244715,1.74929835380727,-0.366739732194304,-0.435014382436054,0.831499920606636,1.21571770130606,-0.616091844449675,2.1883661790414886,-0.640296331235571,-0.462489781481366,2.6003840905474553,-0.79568429201131,-0.118688803077591,-0.067668421118419,-0.0187214834790424,-0.0577709929701479,0.0697570461445257,-0.284588185170007,-0.0408760340688569,0.298390231682013,0.185828702923655,0.068724091866573,4.896000000000001,0
897.0,-1.79697063279806,0.349114318339304,-0.197983409167944,-0.735151219895058,-0.252581291039441,0.678833207129238,0.494857741840415,0.899616551850567,-0.378469169864933,-1.2028429653056,-1.03699982143258,0.450577325831419,-0.0254298324394186,1.3958180267084872,-1.30407817053521,0.84050607709026,1.4142324929779453,0.551301324534183,0.870138533762458,-0.290788674698022,-0.126135559974342,-0.514210613319838,0.12447043608285,-1.35271886869113,0.111465171716548,0.42490481233175,-0.162905692210698,-0.28751242888914,284.40000000000003,0
897.0,-0.395115450391786,0.607196539311963,1.4160127667194,-0.239631001402545,-0.206378419459249,0.06177549042483,0.535386072228116,0.0587998245739576,-0.0484080958544179,-0.486504664482392,0.548196811927611,0.849344550998927,0.031424481724652,1.3639665403049068,-1.23693177701141,-0.197220858173956,1.307929670603111,0.126535528421589,0.871088628587456,-0.0369885382655149,0.0205848427944594,0.205177747779621,-0.251439845750419,0.0906468284461073,0.11430731217553,0.620849780671804,-0.13147105905682,-0.0124543320277495,76.23,0
898.0,1.23532700161184,0.491484655292603,-0.129699474704807,1.05231321192205,0.268240287079136,-0.712330173975449,0.50755787992842,-0.245429106328656,-0.358381754356545,-0.0130699967911392,-0.0546662107509036,0.568093265447741,0.477695037006116,1.7484532123080383,0.878807550696744,-0.533184062057297,1.3360544781359187,-0.881029880363041,-0.614707289119583,-0.156046081381683,0.0359993858357517,0.222446865772623,-0.121198454044005,0.108764724376783,0.796984909768407,-0.268362090246158,0.0119441436623427,0.008522563031982,1.8,0
899.0,1.32666628811126,-1.28552382208058,0.769967192892996,-1.45005076240145,-1.60152255333933,0.0187516342092975,-1.34574233711175,0.109396458005958,-1.92910665439221,1.51843890918522,1.4759016590828,0.0952746799140095,0.91947972504449,1.0269468118536316,0.350574324770232,-0.259059017334082,1.8343781235840955,0.311093655893578,-0.526603095764649,-0.221305294870167,0.050582485804403,0.478377507771621,-0.0279640510410302,0.0366148300163029,0.236122768671705,-0.0975242598057844,0.0588756951425821,0.022460359049945,102.60000000000001,0
899.0,-1.26749389218983,0.0071505403389571,1.35934766433927,-0.0790400286709591,0.432130057514323,-0.258935262236308,2.02245004904018,-0.689144561505966,-0.821785077575759,-0.0083384392035727,1.28017950346147,0.318183995618328,-0.0046385048389668,1.400668187994972,0.0929836074359367,0.130442808185564,0.8546564958869253,-0.122599527214089,0.761566898845436,0.0811669361454999,-0.449223821811623,-0.999123312376641,-0.189442465495536,0.0047097508097219,0.168185489040315,-0.0065518763788176,-0.268784918061627,-0.507254301750358,482.634,0
900.0,-1.03708362928409,0.62859426910681,0.800018737199826,-1.2846235365475,0.385345879996721,-0.822886010170231,1.35844881601289,-0.172655259687563,-0.725526199778132,-0.437558987880198,1.09591550784252,0.691018816314052,0.161255087932809,1.8347975131701986,-0.453662221401517,0.41854614909138,0.18937802750011556,-0.325875349254478,0.262094263908981,0.0695989118139127,-0.30891942841281,-0.879052730256819,0.187983544993506,0.0326781115071036,-0.101777925398482,0.597160212321567,0.128288823787546,0.11648631031941,161.82000000000002,0
900.0,-1.23927587339306,0.941957071792168,1.00860002471825,-0.624972582244099,-0.150139651528458,-0.29663095145557,0.0635372726981469,0.507259785405415,0.0383859519634197,-0.535347540835969,0.310630761662062,1.05612555230943,0.0273625773773475,1.852906053894437,-1.66049284705176,0.0907328068015614,1.2387169589241667,0.0891575613187395,0.27058931312582,-0.138201246853822,0.0654375070624148,0.258002781011196,-0.283957773289337,0.0906155780891267,-0.10660674783178,0.478273233290994,-0.0355381826806687,0.0563055461067587,1.8,0
904.0,1.1771068507932,-0.877196592490242,0.334956739339967,-0.505469382610323,-0.999291587577334,-0.214330827786373,-0.590594691598682,0.0856356420004805,-0.684641609989382,0.625526603648072,1.36351090004475,0.0772390373850918,-0.877090870902477,1.539274663754272,-0.940098162387469,0.357818122291861,2.250068265305522,-1.66881318284419,0.774876313427269,0.0983561780059433,0.176109331959344,0.42939060026495,-0.110341702754078,0.250071873016078,0.50707877321288,-0.150357907042996,0.0016512363170417,0.0066355881440443,135.234,0
905.0,-6.16966448425131,6.11894007498069,-1.66777481806909,-1.20699104557402,-0.021372614114305,-1.20845777025875,2.18498894514736,-1.51218818120916,6.45099150723063,11.9068681452696,2.76857946570189,0.249136051513791,-0.453906217165795,-1.7351065383013766,0.655304956895731,-1.77589887975363,0.6322960262923936,-0.405191977812697,-0.355886211789417,4.84308304333681,-1.12708576402232,0.261434830817743,0.136165745366595,0.4133795377924,0.666632073635864,-0.530568213623608,2.46496219799225,0.36589181380929,1.602,0
907.0,-0.545169976256977,1.06891090709614,1.28338794636164,1.19106215072186,-0.0820698967523973,-0.284116729054768,0.704717240170329,-0.390812764173916,-0.0058777094515349,0.709066138751996,0.0423307857644786,-0.429621651448378,-0.729375976562393,1.2531388229814446,1.61939463942705,-0.768277097785824,1.6089146748875025,-0.335055903920675,0.104931663249684,-0.13702813780594,0.217495136816475,0.683010537809442,-0.03568487368716,0.397848884160577,-0.300424174711621,-0.291389336566185,-0.739851395786708,-0.191457240058786,41.022,0
907.0,1.25548225682676,0.445217573464398,0.332014056629287,0.68170419619436,-0.25741249372859,-1.04230334944349,0.175662639825612,-0.277518584011293,-0.163325483174546,-0.321051957582807,0.154485807788092,0.922466312810132,1.51852168611679,0.4530869037207579,0.952240822010273,0.417965245050672,1.9213321585315861,-0.457637729094742,-0.207492547944716,0.0038886294650064,-0.272184977397408,-0.724511694365396,0.113065125788528,0.380803187598038,0.259471191674674,0.0899752991404469,-0.0147942100825316,0.0337579810651444,4.842,0
908.0,-0.944194470084054,0.937982198014074,1.3782481249733,-0.150730157197283,-0.00547827191272,0.239792574318171,1.35579676721291,0.0228175424850805,-0.707191724055366,-0.51264355543914,0.268582416155883,-0.375721544035739,-1.21671526352857,1.8762620315923138,-0.141393036639433,0.79039363688083,0.019610678294867734,0.897394644588269,-0.423064040796277,-0.164568584347517,0.122985016184442,0.186901264222994,-0.414202633840068,-0.380804691173713,0.711843498802474,-0.347420129146576,-0.0612427122776365,0.0091938942287199,245.34000000000003,0
908.0,1.16178929710163,-0.31788333248525,0.742029928528298,0.43275412641237,-0.29268824411123,1.15422532351944,-0.820857393541089,0.431601086641813,0.751147040389159,-0.116457403477458,0.139246506212655,0.814614733049926,0.115251435976065,1.2398376301137068,-0.159853572136978,0.409062226402515,1.1076791062591977,0.195982188860698,0.327844116434342,-0.0694142303186097,-0.0845217595174952,-0.0639241187222789,-0.102929426808316,-1.11340310469049,0.302930049136913,0.400860817703593,0.0263928120906269,0.0031233942936765,30.581999999999997,0
908.0,1.10128056266478,0.0161590701494842,1.42140921545924,1.2635765971613,-0.922314848163603,0.0265385499314087,-0.583022172372444,0.15860687708497,0.444008463383841,-0.0656891322643722,1.28828166092914,1.8516478047381,1.06401246341577,1.6500017079532419,-0.664596346654499,0.159808297848275,1.1059122278954057,0.223573138870664,-0.0061485912102603,-0.0616630303282245,0.0144887037596136,0.273572957570961,-0.003541748795611,0.564764524799584,0.39716890548585,-0.44232940710526,0.0770418247304478,0.0321214385549089,12.132000000000001,0
909.0,1.18715941103422,-0.934721332657477,-1.37923059829939,-2.27240851569866,1.50179482194821,3.18200738121976,-0.669756909441971,0.786223415168478,1.62272713446505,-1.18077096365661,-0.320590988426138,0.706333538579865,-0.172855294937192,1.571765837599362,0.512207795291647,-0.746603578465884,1.077990517899598,0.0570072315429044,1.46912909528934,0.188128175399657,-0.0931816127397176,-0.267485125903192,-0.228082940027226,1.0831558084363,0.81143137025461,0.0643589658058816,0.0043179361386564,0.0185978934156758,161.028,0
909.0,-1.88326082408172,0.491980424644606,2.74958953387497,-0.0931858163262258,0.87241166817301,0.877891442018791,0.260558099452237,-1.23670073637624,0.54988398331516,1.74079902071124,0.309680505248089,-0.414699607186781,0.105360873070758,0.4430759196006073,0.0432233290227266,1.81856147621368,-0.6499066587802678,1.00324321899072,-1.20614692904447,0.13384991276371,0.568691930861119,0.228457450196754,-0.672970534567727,-0.791104927129663,0.26918551995409,0.888587372085049,-0.203263334021574,-0.579936265413491,93.006,0
909.0,1.178042160276,0.136030931221263,0.117099241078385,0.892501233591826,-0.0126150037089281,-0.0232208058079364,-0.078589844854579,0.165833733636945,-0.0113417451868009,0.187639912535857,0.954908422920734,-0.0138304957884019,-1.68111920272474,2.2696474237479123,0.674221159737099,0.125167257439725,1.4393719887471021,0.202075072923899,-0.305261133284671,-0.256308746901738,0.0671510682679707,0.158914293932571,-0.103842365210813,-0.340413086417866,0.572862204039564,-0.290463995892189,0.0150993994511279,0.0001354602440511,9.846,0
911.0,-0.68501752077859,0.919192813848725,1.99204455978611,-0.514753426602443,-0.0676018459433416,-0.536768123953549,0.66242637104798,-1.65952062470682,0.514989245375856,0.664473031723485,-0.096977659045519,-0.481140063309592,-0.238239044458808,0.5427196474892326,1.51711712995437,-0.255330645028394,1.0410354576611687,-0.222546167063526,0.868068774238281,0.0634286778672375,0.652805064933451,-0.273758547364968,-0.0170547714417674,0.429021679024047,-0.709626481770605,0.810142241127186,-0.952885046478236,-0.533152873442925,1.3860000000000001,0
911.0,-0.231447067477851,0.85867919279579,0.93942372282731,0.591835029897039,0.814078919406765,0.338991990846924,0.693039505762759,0.0871721945871817,-0.183032686624684,-0.490072744468225,-1.48383871420845,0.0635616456868249,0.131967380106438,1.1164989267260246,-0.374150088006535,-0.614487537124178,0.9206150065896642,-0.536537208268124,0.0843089087365818,-0.125172788092655,-0.0087974389560023,0.218863824571799,-0.186369091411872,-0.745459059520607,-0.327014502856752,-0.412637222787936,0.214671214771898,0.173483576139168,3.6,0
912.0,-1.3946187002927,0.554223951242815,-0.617805476422101,-0.313705924530474,2.15741326503679,3.53753363302596,-0.567305122424363,1.38088811173687,-0.112290692423468,0.107269096415775,-0.637728197774305,0.0995104500774074,-0.0625329106852966,1.537256267969308,0.31880511184185,-0.335245214092774,1.5476014617142608,0.0487828738297952,1.65469928340066,0.336594588428671,-0.196300043834596,-0.54617158159409,-0.124758244059732,1.04677992237485,-0.0894741093593626,0.363673632320393,0.215692290846114,0.225697840236565,43.344,0
912.0,1.08300282220975,0.201588805942263,1.4976636731264,2.66192199724507,-0.621255806886585,0.618553696447846,-0.644140247233062,0.310918930034439,0.125964035863016,0.45323987238862,-0.75502041079943,0.184040526414531,-0.107568748226366,1.7774496327748954,-0.0372472936176861,0.334321189452785,1.099658474210932,-0.633847755580659,-1.19957779935243,-0.203726141752987,-0.0604332458594823,0.00964726847661,0.0770721059732234,0.0721412435320564,0.220746648040652,-0.0134830255561542,0.0585964149881031,0.0320539065850142,0.0,0
912.0,-0.416621394606375,1.01973117919259,1.33717019481929,-0.2039379920181,0.389845863575958,-0.13137281588572,0.644427037495605,0.0818072062210682,-0.42374176030654,-0.366679543249943,-0.557903932066343,0.0766784148839795,0.485606313412253,1.3168491721461952,1.09370789838084,0.0331939753173631,1.0790855006485722,-0.686537183039311,-0.159144261289148,0.103744627103229,-0.229379047529687,-0.540068973551646,-0.0608926103042876,-0.434686703341706,-0.187677213962271,0.130567540571456,0.284017916894785,0.113227384207062,4.104,0
914.0,-0.820178042380716,1.22560499872124,1.51729016674961,-0.0074919073087294,0.310122830838809,-0.936489755701157,1.02623432453806,-0.163058449108249,-0.500996949809844,-0.424367089259257,-0.463978564420869,0.220510219665792,0.481359601766878,1.772855891622915,0.296478922770553,0.19377380851393,0.7720081999769698,-0.168465352558225,-0.955137170727904,0.0150053216308947,0.0328313064352259,0.136685598689943,-0.347710766791021,0.390411651840017,0.849821372435607,-0.405566638580434,0.0745954182090791,0.0409595778222635,19.854,0
915.0,-0.846061803604951,1.22917181710267,1.1993720953349,-0.15995483379273,-0.100757638849437,-0.133498631033746,0.225047689129757,0.61090854106724,-0.920156650958859,-0.432928982556563,1.47417981049655,1.20411395592094,0.593929575574557,1.792240903815957,0.294539910842083,0.197628001872955,0.7555618159009649,-0.339198935594847,-0.0644527512762966,0.0178122655930846,-0.0962249373298573,-0.330107163504318,0.0560048083234673,0.0136450969977422,-0.249804662829992,0.0838412846307041,0.154696220908036,0.0461246329080389,16.182000000000002,0
916.0,-1.43608490304665,1.97464943030107,0.427859587672465,-0.405553984704385,0.287328620697035,-0.58776103982028,0.677872459142565,-0.0051808057942935,0.519907907321194,1.01529231015666,-0.734412394757064,0.0433801395445021,0.927260316326352,0.8151553987035233,0.961316990898642,0.49349035007159,0.6354005109945196,-0.0276295564526298,0.0714731145334208,0.814039219168563,-0.465827252090238,-0.90088496650426,-0.0703943180977161,-0.507925391579644,0.234098223656345,0.144470231332119,0.762604651419046,0.434785002843387,8.946,0
917.0,1.20042775010673,-0.489235871114155,-0.736383868644359,-0.690661558171557,-0.135710883957499,-0.481853486802469,-0.0745828013807708,-0.137785092778915,-1.44847195104633,0.367058907946991,1.72565226967712,0.0883744159172445,0.457216731440955,0.8793757996257908,0.0622155520824225,1.03873756229289,2.6645256192532076,-0.993010873545029,0.485911044167884,0.29449795123256,0.302955068962112,0.646306779207368,-0.311563150754041,-0.310429160413411,0.736109003642195,-0.0177771991352632,-0.015941612763066,0.0229107652226007,187.20000000000002,0
917.0,0.993541455076417,-0.644053856355902,-0.162859707313937,0.25753062855511,-0.243340235797149,0.223657638672881,-0.0513575084456256,0.0956605756644234,0.54021211106789,-0.149014072350764,-0.161528938240032,0.192820782533805,-1.03627649641004,1.7612285874857079,-0.621459750875912,0.300266390314734,0.816720432604268,0.283190389911394,1.03995427945743,0.176833230317767,-0.187523162271507,-0.783561225992751,-0.254810692488422,-0.814395908711698,0.437742614311557,0.545135614142006,-0.081211142493369,0.0106835166016075,284.40000000000003,0
919.0,0.904289463743519,-0.538055260410103,0.39605803442056,0.500679802458296,-0.864473245499103,-0.65719889527551,0.0272307766245696,-0.0294730226819784,0.265447158980849,-0.110990680576296,1.2542495941642,0.704630696835016,-0.967460980110652,1.9542949980928388,-0.303978534196397,0.0947022459907592,0.5322506642419409,-0.124616107606201,0.401377294875365,0.157346245975617,-0.0994597455975855,-0.597579489269958,-0.0486661442244073,0.551823921849876,0.182934211359254,0.402176323701105,-0.0813574985755738,0.027251829658255,284.40000000000003,0
919.0,1.20759584488179,-0.0368601000432457,0.572103607295905,0.373147507668388,-0.709632532555591,-0.713698000227395,-0.181105220652192,0.0112769361016963,0.283939584497503,-0.0378657427881742,1.25200023221972,0.69816406773763,-0.99545197944995,1.734543272922426,-0.323729048768422,0.0739948033841587,1.5324725836913156,-0.156783408692574,0.451521562305474,-0.162378016921293,-0.194590887702923,-0.514716763089625,0.0897135775040782,0.543767862896256,0.240580761204242,0.41892073279273,-0.0516928273828527,-8.46548532966759e-05,1.8,0
919.0,-0.222350360012666,1.25633335219215,0.972660651742313,2.31299469034544,0.756371441344233,-0.782663793432245,1.01587850218793,-0.208844686319201,-1.60278497889634,0.574276047521605,-0.7147994204794,-0.467283795697618,-0.117567499396997,2.145602223898429,0.270816711747725,-0.0406240966969262,1.328760846334935,-0.216685842819206,-0.110841260424877,-0.0120608389112834,0.150769119426274,0.38306531565463,-0.0748403608511938,0.392429924032371,-0.476922542237529,0.014384528183689,0.149302263854266,0.187365221876284,8.838000000000001,0
921.0,-2.25393877995174,-2.75987344998731,0.781548476575739,1.01263270757048,2.78742759255216,-2.16163028321828,-0.909177888631667,-0.0495528322406521,-0.250211133744453,-0.26000643128365,-0.689366523163831,1.73050847869229,3.18254050471414,0.9231533335746791,0.105388347758972,-0.493003963737841,1.0689051739586028,-0.456813470219354,1.1203393126279,1.3284570710265,0.291442240568623,-0.0362632289947173,1.04688326568209,-0.0548757783836937,-0.986289933862663,0.325068905241972,0.0690191325118751,0.31305117123353,284.40000000000003,0
921.0,-1.13170765217198,1.37972364692938,1.43454509872083,-0.338882897769376,-0.030135583271564,-0.130414360375355,0.892126748648733,-0.0464229600946029,-0.0350064211731864,0.91208050958167,1.95580545823608,0.986810390334556,0.377464277984265,0.9846539435474896,0.415267745320431,-0.104666084765702,0.6463670218163007,-0.513102588534284,-0.220737140731628,0.502549438514445,-0.293772139600455,-0.327473570841821,-0.0152897048656999,0.213513851251737,-0.181640930556248,0.0569895287523415,0.479803816681338,0.0477126054288133,80.982,0
922.0,0.414488636874467,-1.25647514932179,-2.22011736041328,0.433325204332937,2.10588646352993,3.26343229059021,0.596977767835022,0.530581680068014,-0.519952478575978,-0.0562363456097837,-0.153828390149833,0.0019715808862756,-0.0322880358330614,1.9386397636081814,0.897414836338422,0.216841578081291,0.9415848107647361,0.171886978822018,-0.0853341578523165,0.92611200270329,0.234608905969369,-0.501444554827884,-0.594511568843224,1.03291541941311,0.829353232482969,-0.31516489418907,-0.0968471307009366,0.0864423856339643,854.262,0
922.0,-2.84293191069741,-1.13890482889732,0.802236148470125,-0.092841031796747,1.59540471533759,-1.58069907017515,-0.16121607644938,0.26317838564751,-0.34021335089023,-0.745063207257977,-0.824800432580327,1.74375910668946,3.07836624522786,1.1176240827253738,-0.467474389091022,0.193634614569599,1.0861126576629396,-0.677220961970314,0.0704376833180048,0.0984608001095885,-0.177517342998394,-0.222917960968376,0.994232975224427,-0.0530785532891134,0.256119900293892,0.345881246135962,0.1995384554331,-0.008817273231297,1.8,0
923.0,-1.7581082716907,1.61941724064661,0.718862219646293,-1.77787656504167,-0.195865996729923,-0.226092427051626,0.242565781697867,0.362982774851613,1.089136127016,1.32844877814994,1.20400450830278,0.407039510506237,-0.62434625575665,1.7897752069301496,0.241794707412529,0.548405372545263,1.4103690091677352,-0.24443818100367,-0.883819326933801,0.734477047772482,-0.233405156368223,-0.268994735663564,0.0389401253471412,-0.308217556127356,-0.0218340061493201,0.784929311625695,0.815947544394483,0.410804394678282,1.3860000000000001,0
923.0,-0.609562527074232,0.511289927388789,1.16280680960267,-0.434357990950071,0.613038017250814,0.281574751742764,0.909177475863251,0.0595867431476061,-0.134015660879707,-0.957839493107066,-1.32715263757005,0.436331378555192,0.801951906198323,1.1700416292292153,-0.685871926153349,-0.20252253494725,1.3073289694407482,-0.865286385710185,-0.41837171103253,0.048789539603673,-0.0913862044964541,-0.201600152868684,-0.0254428137510683,-0.732710697452579,-0.142504420314178,0.134766973881133,0.0828648771120102,0.130994121858089,125.658,0
924.0,-0.658874010606957,0.994655739866758,1.62127951094513,3.37177707489656,0.151202633494959,-0.184932235806867,0.655277775932432,-0.291056256676032,-0.685112296535124,0.52745157296611,-0.324049392659748,-0.510099046151243,-0.353957798324651,-0.08117948697375477,-0.0286555466962004,-0.439873242176752,2.9686898705984244,0.233528038819496,0.888628296022403,0.0617600754755269,-0.0483080396607337,0.266926352914301,-0.173915861229721,0.649604871656887,-0.456714832271494,0.169095708426757,-0.194693338776482,0.0146330153825848,114.66000000000001,0
924.0,-1.83665844791896,0.369040838294172,0.041630378455607,-0.601783731800561,-0.525288902725724,0.351175260551989,0.512367307049246,0.858132270296601,-0.426650528525818,-1.20545115472628,-0.523237959639424,0.671559500111317,-0.0585795004062817,2.1420871719993517,-1.35315944913688,0.673150497341171,0.9491936594043083,0.359372963425262,0.657829655035956,-0.305352547251139,-0.0883527519375681,-0.404367919174479,0.192433011742712,-0.802323888203958,0.0383936460305869,0.390497420511394,-0.161648416118255,-0.281807625743024,284.40000000000003,0
924.0,-0.396843802012944,1.0783191402376,1.24387887672941,-0.228130933248461,0.520100443329377,-0.403992075969699,0.781825237342631,-0.104676839137067,-0.588281909174703,-0.359431272384944,-0.865352253802653,0.563646814265254,1.84889575353807,1.6544062894623204,0.728558254025687,0.364512831387878,0.9522521409508783,-0.280043295042974,0.317845983022103,0.255314143489849,-0.256783347837646,-0.61593373708858,-0.124111232461825,-0.42987778221958,-0.0214080465720097,0.117505549280898,0.271535042158075,0.117469147436397,13.932,0
925.0,1.00043338575212,-0.616771871421664,-0.190448597785306,0.184194319713902,-0.247891314237074,0.113878852774936,-0.0414437105615889,0.0913537115317351,0.447338700215301,-0.0919325599074674,-0.0712732912943646,-0.0567085655151977,-1.30786922127467,2.065620412415178,-0.140004423365067,0.521861553765215,1.0238545105005192,0.394016672575342,0.922142391913198,0.164585054369881,-0.196296857295828,-0.89766761697301,-0.211213752122189,-0.837494861423167,0.346300592334936,0.489160300764191,-0.0869502731005935,0.0120981500527679,284.40000000000003,0
925.0,-0.839014456652361,0.932908591164954,-0.189815284930206,-0.858152291376873,2.98044567554037,3.53682720969579,-0.246886010457171,0.190391399321978,-0.100620863873305,-0.332547646240719,-0.813340759555081,0.0506232560596326,-0.424179978772071,1.455438839167548,-0.843482446273928,0.0434305634571784,1.1742400593123226,-0.0008222639390292,-0.265275050599208,-0.145490725669706,0.6391200893775,-0.585932519690463,-0.677088302941888,1.00764007254375,0.184193604802283,-0.519983932019725,0.441635839747905,0.213612151280563,16.182000000000002,0
926.0,0.829997879830726,-0.611410890059371,1.03535132670995,1.61556881737633,-0.283093604510442,2.14699373515088,-0.830777594266386,0.824310630758532,1.47853467118262,-0.54119747906481,-0.647801094366579,0.404051811397054,-1.94692556493483,1.5190722701914576,-0.680031897195273,-2.036502499475,3.1387045920962544,-2.63750878846046,-1.0244922531739,-0.307997615008972,-0.30938753818888,-0.500547640604333,0.154323747690393,-0.996832284087197,0.108640363999306,-0.411157616877137,0.125289912196159,0.0233695924700216,116.982,0
926.0,-1.53695801321944,-0.0414224787415122,0.62984626092522,-0.687015226838279,0.796080076464064,-0.485756781898135,-0.302744299755159,0.737426722720755,-0.0691305348354627,-0.634663333507278,-0.473710597551837,-0.133042215763372,-1.3903275426319,2.313192082414271,-0.748776762108716,0.720440435912289,0.6758464917277804,0.535849870974585,0.498871943021947,0.134666058443787,-0.1079574811124,-0.7011709151624,-0.184521418903787,-0.851564421049734,-0.129500933612316,0.345511067831457,0.17853391976928,-0.0541527599784834,1.8,0
927.0,1.04009368292293,-1.71928808144519,1.55672997085606,-0.0808158521213626,-2.15666691068315,0.754853463360954,-1.70856664214547,0.360144946319283,1.17445195707691,0.144732261167259,-1.9381391623404,-0.509705609474116,-0.445164448913553,0.39219440221478763,-1.56444720895356,0.71225794136145,2.170586902792216,-0.90638815594295,1.14010311443103,0.305757718007592,0.307718541455514,0.990798159318891,-0.352215768579767,-0.0506250611357206,0.535659944477641,0.117422004490674,0.0747434178694767,0.0485050310680458,270.0,0
928.0,1.0401717226329,-0.631707133482767,-0.428629884876107,0.0501573433929494,0.0309649892555161,0.443175987365086,-0.0542789692888481,0.128923864819944,0.485088061360386,-0.0913479271914289,-0.573285754004074,-0.241048821258325,-1.2058228473266,2.020157275133987,-0.0984822945617267,0.685985329004428,0.8687873660756789,0.577492235729051,1.13398610839229,0.183563174393226,-0.233287520308458,-1.00186782832333,-0.280003291754928,-1.38600350980455,0.421703275400509,0.523336814835613,-0.0877571546197687,0.0065413148639572,284.40000000000003,0
929.0,1.06291054317641,0.0218978495212644,0.621200759649781,1.30420656384689,-0.34165894070424,-0.069016371325418,-0.0161134232033898,0.0144842998241598,0.405817324821699,-0.245292222933702,-0.416195376073682,0.838091428629916,0.361776524996609,1.030483314115775,0.0361239819071951,-0.598019825266234,2.1376897980364715,-1.04055345458751,-0.327281852172451,-0.0627720457443597,-0.194408301796044,-0.426887513537542,0.0108364726484278,0.0695860652845866,0.446072929690024,-0.502619141861222,0.0492481710641832,0.0327741993683215,96.75,0
929.0,-1.49721967633867,-0.0563577408026158,0.391664973834419,-0.821052203159231,1.07493637995665,-0.156459647307985,-0.315579558482419,0.774996876008965,-0.0313811736903779,-0.634078700791239,-0.975723060261547,-0.3173824715065,-1.28828116868383,1.7394986730634825,-0.707254633305376,0.884564211151502,0.4640344852620877,0.719325434128295,0.710715659501042,0.153644178467132,-0.14494814412503,-0.805371126512722,-0.253310958536525,-1.40007306943111,-0.0540982505467428,0.379687581902879,0.177727038250105,-0.0597095951672939,1.8,0
929.0,-0.412244924490875,0.642951226008501,1.77245584696896,0.0827297119408948,-0.0331973119945668,-0.187818683045905,0.60882880591278,-0.021739269274049,0.14428929723226,-0.046590543904666,0.698359474228824,0.394186301565629,-0.946761578332044,1.8148193165313709,-1.25314618877617,-0.357277312874873,1.1519972669248986,0.170038738565636,0.625117317034599,0.110868973117405,-0.0269254444568897,0.36885047512219,-0.227900068418726,0.364977541690809,-0.215618029966914,0.319459344259093,0.186582772495722,-0.0338544943775577,12.582,0
930.0,-1.10967343649024,0.638361728407955,2.05410511397369,-0.781596938800224,-0.603191508330923,-0.787595944998541,0.407049684964812,-0.0947982904722167,1.10595455795823,0.10465156808377,-0.620538683314715,-0.194795020903857,-0.802614930803976,1.275630926399315,-0.389480780588102,-0.0325444531848824,1.3472793888352588,-0.320800757033885,-0.554831866423998,0.287154331123269,-0.0226022082134238,0.521872653484275,-0.17412953125975,0.792404527333733,-0.144470304062953,0.954246337197522,0.345849620351566,0.11133124845081,39.906000000000006,0
931.0,-0.516713815431799,0.371676235864372,2.39780304059918,0.193085270005114,0.0374891160040353,-0.278550152361641,0.637185077784706,-0.47261302290494,0.423690219959379,-0.146642527586683,-0.579749080711184,0.469483462986382,0.976982842591352,0.36831808662574983,-0.204634557919679,-0.360653316412893,1.0509187000409537,-0.187641966005513,0.134977703699407,0.110640313188788,0.0778524784936713,0.81087732553029,-0.350431928096264,0.500578801229133,-0.212113808280677,0.366690174914743,-0.290944188064248,-0.331017031278457,53.82,0
932.0,1.21370293207058,-0.962796876523747,1.20321480209754,-0.43140576489235,-1.67711175939171,-0.2123803896133,-1.20327306873124,0.145460386066128,-0.0476123933368939,0.460115326886356,-0.138196116173295,-0.550875894915392,-0.356545314944513,0.8323990990171276,0.649548548196925,0.826125875468294,2.525560070566415,-1.50866650268218,-0.0309047848402232,0.0793497076074577,0.374724543744166,1.0735904311328,-0.0621299197026594,0.452763803229129,0.308225680576729,-0.039805165642971,0.0558237580330687,0.0313950817120225,90.0,0
933.0,-0.462484992118701,1.12525616488882,2.14630160864305,1.76550104652218,0.122789763597803,-0.0025775244723322,0.423988130197122,0.22527801899509,-1.36366200854023,0.39348010942539,0.94578349019991,0.054883644259136,-0.580447296692199,2.3109381797636086,-0.168525363886608,1.03127503414535,-0.09194237926250903,0.403256555399916,-0.542413331054836,-0.0988185060640147,-0.0830446600086012,-0.427153604205175,-0.0105261575649742,0.251530161856987,-0.334975378029343,-0.315224736925479,0.050245147341048,0.0633596233425634,4.086,0
933.0,-3.64462161501923,-1.65617191535269,0.969005505535815,0.575367679908126,-2.07926883871127,0.869552495433681,2.05127287838254,-1.01092345544846,1.84631145991784,1.30088938798978,0.292998834798817,-0.0194122883646925,0.153282006042918,-0.3133103769698564,1.36004566324225,-0.520441154320745,1.4565519522687826,-0.906677778198408,1.02260659224871,-1.3409230653788,-0.820252214852797,0.449841225358166,0.0816347810184945,0.586343585184162,-0.546700816413216,1.02890574067384,-0.427786132808183,1.30431187726109,900.0,0
935.0,-1.43288720649099,0.126428018104504,1.546191789504,0.297097723817993,1.51163075328869,-0.168456361088926,0.218582278731534,0.194856099932869,-0.452890537855547,-0.457670204137087,0.7337939951238,1.18191704207367,0.322383949706882,1.1978782019319605,-1.4206127761425,-0.312155455092264,0.8777249006267183,-0.367894205272856,-0.456028928365451,-0.215112940846048,0.0164828694808841,0.159695119203466,-0.367309647109463,-0.266035883251843,0.315882431717999,-0.471303539524865,0.0248028671101762,0.117812097131349,8.586,0
936.0,0.912120324093531,-0.548948009589786,0.343671568835733,0.522707917208512,-0.732583292600534,-0.422368469434555,0.0334228256698816,-0.0291443022349132,0.326674453760777,-0.1766470918236,1.03135471552287,1.04692762283674,-0.35759508873378,1.8954403859587043,-0.803533773289733,-0.0810149138487086,0.6506452386810776,-0.205336432386587,0.594759792219025,0.19562983186979,-0.100750355455304,-0.496645069167255,-0.121345537335368,0.376959859500945,0.31208302396476,0.469908532438265,-0.0739126588249607,0.0243979594978346,284.40000000000003,0
936.0,-1.33187882696879,1.62124171526232,0.590869910586715,1.3335068352471,-0.574222509741145,-0.108092463245198,-0.214766109686312,1.04082757333109,-0.257083911146331,-0.203415699977649,-1.09768448472231,-0.142612735243638,-1.22054189317752,2.197336544843358,0.287036099748063,-0.940358651632755,2.237850039515319,-0.477107852419342,0.692734196881504,-0.0457498309291622,0.0020480173374544,0.124593088759045,-0.0485474328627237,0.0630003414472648,-0.0374389712617205,-0.21065047593569,0.285471623211252,0.124636475588336,10.782,0
936.0,0.98737332748063,-1.02303120797375,0.295023730594439,0.347226540437022,-0.739013708073264,0.661733064319757,-0.577507690575287,0.0962648533963851,-0.750066007842887,0.762813538152001,-0.147795614827735,0.704244417482061,1.13219464093595,1.2616329249649108,-0.360102232220445,-0.923806326069433,0.4537467981183072,2.24655505969901,-0.447615146290045,-0.0830160402263874,-0.15043554322682,-0.19436966200534,-0.376601436618507,-0.829535842163766,0.608160081188547,-0.188824281826711,0.0433215559824197,0.0450421510759822,340.2,0
937.0,-1.82896316181725,-0.4350957464814,1.08058386466095,-0.30215988588906,-0.0733068133509679,-0.826725229674096,0.363304738351366,0.500961236116595,-0.558110666399631,-1.04112349307081,0.774813843659386,0.841300319800214,-0.339020837393123,2.008294117020643,-0.93987493727732,0.362471127697905,1.102133225891252,0.0749630855411518,0.062836607817826,0.389393587800683,0.110096300906918,-0.424112768503893,0.265579304191171,0.333977629662067,-0.0913026489266099,0.273795028388302,-0.130055698475652,-0.107374425501309,284.40000000000003,0
938.0,-1.77406877215332,1.64378342160962,1.17449955647157,1.12153354556845,0.0066667788958735,-0.198686490602736,0.760995402025261,-0.228775430577591,0.8253988546775,1.69575801780541,-0.11055089220324,0.213654581776347,-0.211583681177556,1.020147942075512,0.330840297526952,-1.49599743692931,2.410490121168157,-0.915500018352219,0.519333347850539,0.496870393821547,-0.193503263385512,0.284149672856898,-0.036074822588524,0.401421713080252,0.0394579912664624,-0.284048868525647,0.300327277007457,0.305421736223953,25.182000000000002,0
938.0,-2.25299644222901,0.16461090564485,0.618369350789731,-0.332607535446632,-0.122233631324156,-1.11558274361253,-0.431423863190347,0.952571180139243,-0.429522570285693,-0.810053883782762,0.648822061439615,1.06965270564178,-0.279016561227427,2.720135808666086,-0.97416383856231,0.468447274459268,1.2435921120109614,0.0293605838779249,0.0385758118120721,0.0325120925573289,0.027982271738047,-0.435522205752148,-0.180991009876205,0.362821928428119,-0.269594745028259,0.248302983426818,-0.0779638801491623,-0.113453208266062,1.8,0
938.0,-0.262406842250434,0.505616338916474,1.71275034220427,-0.23064778139413,0.0627530155334382,-0.606017077274653,0.860131461544661,-0.262527162580625,0.311220406313476,-0.663530957824035,-0.902207221135194,0.264419705040071,0.0193383556762235,0.9058676034825087,-1.13741422734086,-0.205710014284315,0.8360140296730059,-0.559207335676406,-0.569892955052581,-0.0694025356453664,-0.0521696748327214,0.173411861135634,-0.211840713789181,0.445388876394051,0.14114285586454,0.209189820595124,-0.180207221527407,-0.214602986572802,35.982,0
939.0,-1.74092420314339,-1.38468183366333,1.65253850022526,1.00817559126902,2.45600092073641,-1.41331077661742,-0.886462649779828,0.129284539101441,-0.615928942029601,0.0806234668453262,1.82355051958486,0.725806911359894,0.174949500881042,1.4992694166334872,1.05871656761752,-0.244614916749222,1.8099210106418173,0.0855622659885363,0.879839783359483,0.729109389481157,0.0363753995724566,-0.363400098606328,0.409474570866387,-0.0212647659678909,-0.638323790502727,0.149974199519547,-0.105079208582907,-0.0342293939482499,1.602,0
939.0,-0.334478696396911,0.226389743890156,1.97005230264761,1.81323486972935,-0.308007426930876,-0.046253270927671,0.126702240220109,-0.203988880108916,0.316726839919564,0.242608184539516,-0.681783924385248,0.14872509900068,0.356839672889825,0.30881004742571827,0.771808131328327,-0.886088104926146,2.0889019899759327,0.288462511615509,1.50207719866274,0.133574445701847,0.146152821237793,0.900968513695237,-0.210251606907477,0.460402797593984,-0.305401139130127,-0.0914834932239758,-0.0503746491577942,-0.150338858783056,116.10000000000001,0
939.0,-0.564660469838586,0.925973216155257,1.5895660810657,-0.615677071648129,0.524366892044726,-1.10351170552943,1.3545379272901,-0.338143881692815,-0.173086468184468,-0.716912640679594,-0.822602095546349,-0.602065187271918,-1.10228041492629,1.6335179758748066,-0.228761338527699,0.549769977416367,0.0820926001955884,-0.0961702606815353,-1.92793647780144,-0.283837594289323,0.0637814512810398,0.237422589769551,-0.308165236490869,0.34425296350589,0.195127001581919,-0.701722454498419,-0.0930549251959055,-0.10622680065078,14.058,0
940.0,-0.256698468970282,0.719392544388879,1.33909650707696,-0.891977840403173,0.222690440010167,-0.429100090216855,0.544164785179704,-0.112454614154192,-0.312542224795064,-0.680264792060708,-0.977470861592752,0.25189668550234,1.37086473575681,1.0156173067205596,0.919312705755764,0.466403388972665,0.4990051146856346,-0.0981377145799489,0.507046714793349,0.107290813199212,-0.052846918738353,-0.121079927753422,-0.122470923690231,-0.377310785668728,-0.517377794057549,0.859343582177684,0.0650859233479684,0.132894473278755,13.662,0
940.0,1.26036534299176,0.264125766202729,0.51534486828879,0.61827530247021,-0.460864958326147,-0.985815406284493,0.0756953152855929,-0.216788718591787,0.0149791594078971,-0.0716758832768397,-0.1854475854614,0.474431241891756,0.516129773018677,1.3335930218967884,1.01020476407812,0.294652221451374,1.231586944053235,-0.565498838894943,-0.118743422708531,-0.0799158979429555,-0.255302717978893,-0.728889554803802,0.133384127787294,0.380226474512409,0.224728775129906,0.0941705263281618,-0.0277884611310838,0.019438812287588,3.564,0
940.0,1.12182634913042,-1.85375828034022,1.41120771416348,-0.759018122149746,-2.34519187535853,0.357750853611024,-1.57543729799899,0.195180442114626,-0.842401989044792,1.10433998501332,0.567890102212655,0.980863970990857,0.978128982007841,-0.2090248890053752,-2.97967355071753,-1.20940369348806,2.62183301720711,-0.158980755474637,0.736495854706894,-0.0671687003316827,-0.317706187419512,-0.341490526216795,-0.0446296554117149,0.572475233380408,0.291020466092256,-0.256666892173701,0.0765880858533167,0.0439492352885259,243.0,0
942.0,-3.49652118199446,3.08877687499125,0.119890695718191,1.43114829048505,-0.669022814237273,2.21609449658653,-4.41781543250935,-12.2581584295895,-0.857093756894378,-1.43647708618783,-0.593913450030557,1.24233543976209,-1.19429099113207,2.7832106051399466,-0.0844909331809041,-0.738668683237593,2.9825054501297323,-0.641598123428753,-0.0044149714333437,1.98866698729592,-3.50980403826887,1.48480744053117,1.1299256837279,0.3038398255658,-0.459260843232124,-0.382952775147507,-0.564205987662578,0.147688573553929,5.688000000000001,0
942.0,-1.85921516328084,1.46088328704355,1.49769982037612,0.0298522574216782,-0.398413660886702,-0.618751717807558,0.956181503695601,-0.684423607820048,0.845069003016654,0.941925247575887,-0.38210917505771,0.0321666650410561,-0.372861064604494,1.0261128479253299,-0.297468227128009,-0.703772908793566,1.4924255120724936,-0.735424358736749,0.314151220576533,-0.133697519725315,-0.0669469624349586,-0.200163208684943,-0.0521853027958521,0.741254434853937,-0.201610868046729,0.0520934322012315,-1.3575122143145,0.0427220638143172,58.53600000000001,0
943.0,-0.902734105275507,0.970544856732144,1.22051347230835,0.847062320952079,-0.679818342605777,0.429223867220916,1.54207461501708,-0.159222630254645,-0.887545363845048,-0.0128938235353907,0.853163254195801,-0.228155168646125,-0.940610833508061,1.7198694512265678,0.810903902619705,-0.0338914114162356,1.331674963909547,0.860234545700353,1.24522515444097,-0.124798053468518,0.0698151427651889,0.278215453420662,-0.29162689954519,0.0131158299433924,0.466895018182359,-0.156302463343568,-0.045203049202109,-0.0249993219429099,383.58,0
943.0,-0.646868917963547,0.450209951883646,2.3139405624482,1.73752658688612,-0.390790954490246,0.605522612206596,-0.39416329482177,0.493595734327771,-0.534522298756705,0.582516193216068,0.880228709247628,-0.637280185867844,-2.15007875212792,1.8109309654851793,0.222877975588885,0.17997307080107,1.3575813358272977,0.359085093140048,0.249780620909194,-0.0702078555395741,0.308744570836901,0.828593525908541,-0.055930193912239,0.257669526903778,-0.744637816904293,1.15641667274107,-0.0461708236878087,0.166417642917182,19.062,0
943.0,-1.21250203984735,-0.058850913337692,1.82343455295237,-0.891163804061066,-0.455971674166659,1.3300982542568,-0.631759816272457,1.24575580378162,0.774278112459047,-1.54785091427404,-0.239490240150516,-0.0225767331490501,-2.04729095907005,1.4580064329206406,0.230367455914954,-1.02402399452263,2.93264027732714,-2.347027006061,-1.928416821734,-0.357609061577673,0.0271806405586567,0.0396120961136993,0.233518880215963,-0.621402487704639,-0.463379298231304,0.897888129826794,-0.121906540200702,-0.101759160233165,88.092,0
945.0,-0.21363277188476,-0.230116152257444,1.06015770962047,-1.32262972527535,0.0753779039077919,0.439386493412069,0.639543153069609,-0.198255478984745,-0.992680814955676,0.136253614581239,-1.2932170902065,-0.82535974109311,0.488806198338214,0.5762082874277378,-0.464206938622745,0.280542234239867,1.955878971764043,-1.74147413480964,1.10103065209839,0.411842862424178,0.104025549935911,0.432447445708885,-0.16475090640233,-0.897142185840548,0.312307947303128,-0.12728717384001,-0.121594982294596,-0.179961407807892,182.268,0
945.0,0.904759128022529,-0.518301920230971,0.398305184049881,0.495653254727377,-0.834514110463424,-0.642215653022706,0.0448200567332483,-0.0432587549441045,0.223596500754475,-0.119215577127043,1.29990516247011,0.849928798050771,-0.691545709524808,2.212215620243023,-0.333284812222788,0.0826156874692213,0.9203263206889079,-0.157369079075949,0.400149042716864,0.17559189511289,-0.0964734840349066,-0.576287859258177,-0.0514392840421072,0.572082974509152,0.19274440347889,0.400685941348094,-0.0796514783061015,0.0279629417211248,284.40000000000003,0
946.0,0.873710599574365,-0.550796042612394,0.318132801692958,0.997658835245741,-0.788131889495021,-0.663064183902876,0.188043544433588,-0.154244701436581,0.526175148930098,-0.263575356761039,-0.757337903105518,0.188416450923362,-0.555057848947023,1.7436800100657472,-0.127481131839986,-0.231693336859313,1.0990187101640991,-0.607525189542691,0.164319412621996,0.221834040411608,-0.126273085089772,-0.628157755285739,-0.1446901953273,0.40628267278529,0.367641397488254,0.251731535833993,-0.0608941882606093,0.0438864909716133,345.906,0
946.0,-1.63263227094904,0.0570474724491807,1.21860004276041,-0.375556291824804,0.209457280237713,-1.24185128769578,-0.216480532460322,0.602814256244915,-0.292872734296289,-0.661946350726854,0.897467856212635,0.773595147802596,-0.77400403088204,2.497367193754232,-0.942057150966437,0.281194569616295,1.4609580919874414,-0.0155358806767053,-0.0231214061743877,0.145672899186795,-0.0081341078514786,-0.379791157447566,-0.0247469508237048,0.558013414882586,-0.283057122468363,0.25703670841536,0.185832714563772,-0.0382879683101264,1.8,0
947.0,1.13088165723591,-0.30694820497294,0.998749461047867,0.225914763891873,-0.544978413364637,0.872663857556989,-0.938949901428469,0.372366196044047,0.459414500890167,-0.0155774575876223,0.83939272832577,0.964976579224654,0.923657519957086,1.2874237452422008,1.1593256329228,0.983879413880507,0.3920083753669865,0.659582694656617,-0.338309251666811,0.0243828234825791,0.261644377084746,0.79210955261539,-0.145284190072157,-0.763391224741483,0.212113089708834,0.638135558950208,0.0247889823090382,0.0136775272988847,52.019999999999996,0
947.0,-0.869816608319749,0.92801585903032,0.854923724058128,1.21661557437031,0.126480496060465,0.631039612912469,0.497561594327621,0.53219787907817,-0.618154200525359,-0.645555082570196,-1.52192351957529,-0.034335595523766,0.0165311399915537,1.6238320251261982,0.292189241001052,-0.830711866607571,1.7112049541457741,-0.323929370958922,1.07961473646238,0.116458146911678,0.0269050633511728,0.0230339032800129,-0.104662255231933,-0.761841713196887,0.286696852825661,-0.139430195342935,-0.0019555598214588,0.032108812017296,156.546,0
947.0,-0.743158577557412,1.15948506638875,1.81368890441896,-0.464498942654424,0.304296515730473,-1.01241733754476,0.953307414110912,-0.13191822513778,-0.709056407801437,-1.08742581898076,-0.216982680203124,0.121884693936384,0.494713539279126,0.9137724747639302,0.450096711125261,0.617659613933043,1.2172019267775052,-0.260419437217742,-0.722149737448613,-0.043682349701195,-0.231399120805897,-0.759336528454396,-0.20179344629145,0.346453158766061,0.240745594666503,0.0036980702490708,-0.0047005516351486,0.0732085129719407,1.602,0
949.0,1.01911965611654,-0.0637243879541181,0.166260830507799,1.07094154736039,-0.0767898110686408,0.1160069188339,-0.0088157978743745,0.133968789569311,-0.139223131095784,0.178567311086747,1.06827958123722,0.400242704321958,-0.814925741950163,2.2868828903175036,0.61254766335265,0.198180903561783,1.3230877555921947,0.200898491407704,-0.439364642530692,-0.0446347420626138,0.165998418416611,0.310624064991593,-0.191634910174387,-0.310243670917885,0.558181974370896,-0.254042869409301,0.0102842834152205,0.017076868745228,148.716,0
950.0,-0.194291364871252,1.41810421404235,-0.121402682007225,0.923642581562323,0.281803943833946,-0.714428777117624,0.60650047797706,0.26797411165061,-0.778569446351599,-0.0747931091606525,-0.368795124407995,0.493444267572192,0.548705682844861,2.2847098617983033,0.819532293731632,-0.753417094490927,1.085926933994401,-0.599539793084522,0.0164549263632735,-0.0670584385055559,0.208306491718546,0.757402064128419,0.0854441831282171,0.104186172383921,-0.743330211839539,-0.385085367061013,0.335412860311867,0.165982422897583,1.4220000000000002,0
951.0,-1.28359893334059,0.192102776637872,2.18484808493914,0.164600475225547,1.31891260585009,-1.34112234241132,0.621644631410024,-0.300008480168938,-0.58421174188027,-0.530994249675895,-0.306602291950888,0.479455633460676,1.05466215429524,0.958600144396868,0.376552285486326,0.163174114412345,0.2077469036778382,-0.215941332328837,-0.861395853215311,0.254727213449148,0.032527532525129,-0.0208544878191639,-0.216514150572127,0.397413583571257,0.602735570447052,-0.555698385046776,-0.149661933720109,-0.135548709345414,9.0,0
952.0,-0.367513905141923,0.757439691072928,1.18720542327037,1.06951762427631,0.67882529921235,0.269127683823643,0.625554495548609,0.0623683840883387,-0.390385834947065,-0.371483349815216,-1.07357317940075,0.319683784223815,0.526618370105957,1.4178758733726005,-0.0147915748070315,-0.964269623809168,1.4964013481176337,-0.591796655919357,0.637377405899377,0.0653122050567201,0.0176587998228885,0.261368709344324,-0.137417733530204,-0.438555025593371,-0.176862727545807,-0.287255697729308,0.192935657924165,0.158819667062236,38.988,0
952.0,-1.46362769868065,1.42793895291811,-1.05436607889199,0.157512327433253,1.49630975088484,4.05565064298687,0.0489519986214186,1.4470005831975,-0.29945826006365,0.22399299606717,-0.769461791085421,0.080954837051501,-0.0947835810281328,1.9677593792471715,0.166633879475479,-0.425592603379976,1.9802658134438216,0.234498172852467,1.42531821501178,0.124852845360386,-0.129667503584545,-0.163397823216508,-0.116568981907401,1.01939319010938,0.20094359898058,-0.27700956302196,-0.080462191187818,-0.123756660953943,204.46200000000002,0
954.0,-0.651671479275714,0.816115945579273,1.52481679099537,-0.0838018175721385,0.734679043314337,0.869716756327549,0.380308788570884,0.503733578501099,-0.526778774048623,-0.92784398385168,0.857378225850777,-0.0743396066074974,-0.840566237152851,2.1930801883571664,2.03219945822356,-0.975516035359801,2.979623291738359,-2.05742324254174,-1.66463595669048,-0.204955031204366,-0.0596797517786556,-0.114532549344509,0.122472178227282,-0.702004743422305,-0.707205458478404,0.157735100662007,0.140879438345631,0.117739866549132,1.782,0
955.0,-0.420789654347187,0.411373781962869,1.055014198677,0.0989067249488726,0.092051544537722,-0.0723271082395072,0.840557547749893,0.0026611957361307,0.0537144399751465,-0.649015029596915,-1.75963468885617,-0.553530913860433,-0.748990953055695,2.036353129134007,-0.339753924127886,-0.112909472573315,1.495751332236463,-0.117258862398624,0.678642022037258,0.101392794519707,-0.113943921868039,-0.365372670660164,0.0548617560613314,-0.459584744289769,-0.321392666883605,0.208032286949516,0.0858477835828312,0.151096587729323,162.9,0
955.0,1.120739860413,0.406609252758093,0.148298861063334,2.27828737305931,0.278657019904949,0.229429333584102,0.105052844235851,0.189315826603837,-0.888818682817674,0.88440499260597,0.777159401281327,-0.391979220880458,-1.85457482236415,2.2280971905780573,0.069376685961157,0.547790986137547,0.6433017797890649,-0.0662797059297247,-0.853078690094573,-0.256506080801085,-0.0025670485785599,-0.15331820381889,-0.0659941536681546,-0.356019132607734,0.483509181994204,0.0434206956872784,-0.0298913335754975,-0.0025095926282028,32.25600000000001,0
956.0,1.15555123370134,-1.10126751899937,-0.305631341294639,-0.778856463994039,-0.381772071103711,0.594897406959902,-0.531349129234516,0.151419105085335,-0.614296672207681,0.595859409549656,0.156744143658935,-0.3150459968681,-0.517760870471471,1.3160005490659021,-0.844046458780752,0.760601097351721,1.5286085979242912,-1.22231268178741,1.27128641355693,0.274289744449239,0.124286875971383,0.15351925566873,-0.335018810292433,-1.11680350253487,0.671235657076662,-0.0722338574000611,-0.0109952715569239,0.0036167315482084,245.34000000000003,0
956.0,0.441686313470283,-1.21029112728496,-0.304713538964251,0.198863892423121,-0.0682522840716609,0.832657962571978,0.338045887262479,0.172037489065387,0.161676313254681,-0.612637553773408,0.857524375468252,1.0730511185326,0.335666052527472,1.3413667868425612,1.19974698031643,-1.6744514591453,3.0141205700581133,-2.80112453148014,-1.41776307437849,0.482461426256502,0.263010045643248,0.312764775798706,-0.222596345599867,-0.496815818678937,0.0772928755275407,1.1924807954608,-0.085104842185709,0.0407335143424422,617.4,0
957.0,-0.922508986700033,0.480398995753761,2.09188590052927,1.64637669113407,-0.512384435070854,0.229682268250503,0.630477193030053,-0.591026017022134,0.705361312748849,0.819822085592494,-0.652588356802732,-0.309236029776481,-0.219316116456987,0.49955786028805405,0.923520588032685,-0.998477383557241,1.69489192382265,0.308467403068603,1.59628556013385,0.0140627834846869,0.113922608304633,0.90646588277769,-0.295780110360379,0.442750800438088,-0.32468160524549,-0.15379826756237,-0.826675757456521,-0.0287846322253884,152.91,0
957.0,-0.34813085253483,0.904406427703524,0.554157713161501,1.37199853174015,-0.0945125099752983,0.21445545794952,-0.0849445017248996,0.67097755950329,-0.805617741835431,0.0663200831389288,0.762534125301873,-0.262077250419662,-1.65541126340606,2.865474265803762,1.31067800469617,-0.449733714812612,2.00130256467331,0.625684950018758,1.39153244759627,-0.0818839835747756,0.244025688069821,0.534325950155386,-0.0195737181433871,-0.333249642382985,-0.446303252718114,-0.147480686448906,0.0194213853181079,-0.0010213799026416,35.496,0
957.0,0.0823037310619211,0.479129288698055,0.951227133685849,0.707433143432586,-0.227497540144653,-0.0967741463790201,0.122412951295328,0.129038265708325,0.545991055109286,-0.134794394951954,-1.00637346669277,-0.523245288577384,-1.64289673930056,1.9341323880236367,0.0033542148304773,-0.932389154009437,2.061961507908876,-0.576992377656368,0.512570501275507,-0.221124472596892,0.115344105715988,0.546632624135495,0.111998928325261,0.104136601606006,-1.17928236231323,0.323375938099632,0.0613044172029787,0.158291032367898,1.71,0
958.0,-0.719718430921234,0.554267010013839,1.36034020935952,1.25427174727066,0.563759905985628,-0.169305370156517,0.503742169911943,0.0002073960597462,-0.309704779007197,-0.229778369089362,-0.592073027642278,0.442262030807725,0.3073060203148,1.1966520560852212,-0.0137393623258063,-1.12371842559526,2.0555282494697282,-0.763433483788212,0.443736980688717,0.0061547425646576,0.0598123778314147,0.340660748109597,-0.0413834897040778,0.110782895214884,-0.253031236996223,-0.332291484172888,0.0405399061704529,0.234741366866868,45.504000000000005,0
961.0,0.632065561705947,-1.3017327925113,0.955139832050645,0.326411001380641,-1.61121278558049,-0.182602301304262,-0.478545184148698,0.147856035472823,0.901613969623613,-0.324716673841323,1.10989697457276,0.819438442747121,-0.765361059172346,1.277007525287991,-0.302303692719499,0.369701669330496,1.3485343420171017,0.186793239171476,0.362296297451141,0.44684599343534,0.103585418167114,-0.202093634023644,-0.158336208930808,0.604685570838694,-0.0714070299991505,0.933819962301083,-0.094093667407194,0.0540831218761294,506.55600000000004,0
963.0,-0.648844215629782,1.17289377207714,0.940057939269218,-0.487177246247033,0.726666637649895,0.356873982706879,0.329655457048594,-0.670178268688148,-0.635306007016874,-0.0910406779000566,0.24384706830138,0.779529951618775,1.14715982500587,0.9449520890073273,0.126709495774229,0.752911177163839,0.6025819195044677,0.477955891805109,0.796091055800375,0.0376801992104587,0.504406626307679,-0.916086913541049,-0.111763308298652,-1.03512507033125,0.0090531618016103,0.141970968640484,0.311876346653194,0.102661560699406,8.082,0
963.0,1.24105388796534,0.313341457134463,0.279741342447488,1.12516373277218,-0.327790238108449,-0.97978415875066,0.176496000880807,-0.19660687729113,0.0809682400110955,0.0333072232007872,-0.508164100171111,-0.15802736209621,-0.649911156756819,1.9695426610726148,0.99129624655808,0.080868162334869,1.351447204955472,-0.0703730220484029,-0.365050852393934,-0.182052322050379,0.0206999508398336,0.0718372746392539,-0.0932179135553657,0.374727203290019,0.665736628668727,-0.32609709907098,0.0091874535408706,0.0192050986243887,10.782,0
963.0,0.710754265270823,-0.524068263893963,0.289114814817714,1.77481870586612,-0.784992213303484,-0.351600596582903,0.026560596623854,-0.0391598225099334,0.816115602266544,-0.786261292319514,-0.651948235965254,0.304023776848073,-0.220337821687054,-0.21813948539787886,-0.413059327174843,-0.0109354746306527,1.920506643028609,0.25578815808824,-0.220523157538594,0.343987879633805,0.0359677594683297,-0.112653576977531,-0.334688403250914,0.339463698354886,0.588494514890665,-0.300983280184884,0.0273422952785265,0.0919668749210438,433.62,0
965.0,-0.345716652178465,0.939603427692031,1.63160730224134,1.13625983026717,0.369677528478456,0.419301127222203,0.720183218727537,0.0336665826029544,-0.406308233378345,0.277029630962483,1.16233439159863,0.744357693904195,-0.285305614611962,1.3483778753423308,-0.452583716561759,-1.10649242852937,1.1023943412190103,-0.211480344283465,1.01792276802457,0.206475509072045,-0.0375071879421125,0.409559243557652,-0.211903456654629,0.0297948949638422,-0.149086245486842,-0.268706036794519,0.263548952800987,-0.0294971845670019,13.716000000000001,0
966.0,1.1763606747367,0.198786527929201,0.518839920929258,0.448071756200049,-0.178575008200752,-0.182376620675318,-0.0777559749930059,0.0451099458710853,-0.312290086686646,0.0411411207044802,1.80841895724992,1.47316422597283,0.832541568446332,1.5771397979178676,0.515136414589749,0.178031537453968,1.3689077642397662,-0.57172928784326,-0.191015622999832,-0.0756792284379716,-0.171575912170458,-0.466552939182903,0.146565585106613,0.0296495687831683,0.136099938870929,0.104953538678529,-0.0121778242777907,0.0066064989494631,1.782,0
966.0,1.18940059406985,0.270214405451243,0.401474280975929,0.726122588867113,-0.397896652883058,-0.803702126696449,-0.0249689911548632,-0.0516760447775359,0.0982569669494612,-0.309547225514651,0.342848921225771,0.105099727249852,-0.457236881366651,1.3527955797584998,1.38862712739922,0.119614941328267,2.2824053004085,-0.779881167080304,-0.675434118874051,-0.161515599823328,-0.245432785617636,-0.705343785967889,0.206216647992189,0.343456261658797,0.0792389200111168,0.105937943242127,-0.0101635615225317,0.0294440695727355,3.564,0
966.0,0.955364926303695,-0.483687282627877,0.325993098935132,0.636100843625666,-0.771256999712308,-0.740917648410687,0.150048163305039,-0.187569126738768,0.555949892087755,-0.351437087596872,-0.635237730973275,0.46485040047775,-0.0704067670767472,0.9381640410907804,-0.125051743841639,-0.286136532438604,1.2788001978346002,-0.724634026401302,0.304877635558163,0.1975805993182,-0.150302839619143,-0.593056012352501,-0.111657278253643,0.433108900984049,0.349385352435435,0.486858212544161,-0.0687771371723247,0.0349826215659187,284.40000000000003,0
967.0,1.03353222657336,0.46370093059847,-0.0308865701992252,2.27965894777917,0.932498719366631,1.17927292869463,0.173614006716116,0.368685398507038,-0.933530337640455,0.570657719247508,0.263921532545837,-0.237705450489225,-1.03002110597715,1.8836216360993219,1.39771464475302,-0.891646814475143,1.7197411049446814,-2.32980274819926,-2.43108625082062,-0.351757206360007,0.0963551315794464,0.353669427454366,0.0297790324695574,-0.98139497661651,0.383339408900282,0.199696489808379,0.0247589683800577,-0.0058304221432889,13.770000000000001,0
971.0,1.00957555058854,0.0729062886119003,1.71482479436852,2.42208620474503,-0.888163350619403,0.694156692960458,-0.957776291342409,0.491998628197771,-0.206727049990005,0.781327847936808,1.29035708568376,0.196416156378378,-0.868666465935534,2.35160381855577,0.743374811912486,1.19750517444458,0.7526734856766483,0.565001723380358,-1.56309478851903,-0.1972428435548,0.318212215497789,0.851501916019862,0.0224754532146762,0.210402558176004,0.084578543473996,0.112326113123104,0.0513593100561042,0.0297743592173588,21.852,0
971.0,-1.39126886368558,0.889884789170091,1.99027012570859,1.21807061503216,1.01760620192416,0.0283313965171501,0.530679945516146,0.192361168717853,-1.4225325981147,0.306698790055006,1.2268854720307,0.527529774160995,-0.0358022342958393,1.3781578980135307,-0.561471137111732,0.858589598956175,0.8464620420685688,-0.381615994356125,-1.6186240983574,-0.254070648952939,-0.0734822616388954,-0.4571376186952,-0.0723596239991655,-0.0300362296603394,-0.137285887824778,-0.436750827669793,-0.230497405268965,0.204150513087403,17.064,0
972.0,1.0015598329095,-0.5321321786236,-0.169578941230231,0.170464425039058,-0.1379991857194,0.150171539195451,0.0369115538075252,0.026684311814769,0.269872074283536,-0.12646369361867,0.12712446509638,0.56493447667857,-0.136296772933157,1.437387620165153,-0.267579648769724,0.467761536615277,1.3078451532903246,0.251377327687848,0.914867030538405,0.240215920620118,-0.183012710419279,-0.803023710625751,-0.224737423587279,-0.792713491388672,0.386415830389532,0.484668507675035,-0.0793891233786407,0.0147328455606033,284.40000000000003,0
972.0,1.1429098763244,0.190770690155379,1.28560969681476,2.59576619577087,-0.569463215406904,0.456425195028213,-0.572936893779032,0.211889163192431,0.186525715664962,0.497219464514114,-1.4806641124413,-0.152821950171121,-0.132363396896682,1.6598651215161813,-0.233086985470357,0.791506926973223,1.0599281304912904,0.0098647511256744,-0.641204276367831,-0.141453311862214,-0.118423428963512,-0.220950036975382,-0.0267527860744288,-0.158160874354738,0.356538053711029,-0.0105468203710575,0.0384374161674918,0.0316049585661382,19.548,0
973.0,-2.23492574624919,-1.59299509442835,2.98658728134014,0.134586545354166,0.0931370868897507,-1.13106515621126,-0.252956109063628,-0.137718708431803,-0.775370250360858,0.328904466712867,-0.500659832963702,-0.0830510822654483,0.341642826135877,1.5686260228951632,-0.0645818840973721,-1.24046155999901,1.0502504958935015,1.30416571101601,-1.71720502821042,-0.658976061434088,-0.433762308245053,-0.210682215007501,1.15508651734304,0.833449741966339,0.52076890770944,-0.498052962520788,-0.006161973184316,-0.238591325600893,55.800000000000004,0
973.0,1.04938935920845,-0.161076193746594,0.876694660527756,1.46230986582231,-0.576092396393307,0.27366175792013,-0.316977111544435,0.141302316896115,0.888277558039021,-0.337304102097528,-0.790873218391063,0.838734204823298,0.0668981172999359,0.7138957713449335,-0.69001743416437,-0.869724021078576,1.6714533506021352,-0.906944047384697,-0.215522530627575,-0.102871096469944,-0.0579719202054826,0.139182421827618,-0.110204861085665,0.120817874385791,0.616103618549326,-0.278994272109307,0.0691687007525675,0.0297839741138609,83.50200000000001,0
973.0,-1.53583156606207,0.043217214056552,0.650715917480295,-0.700745121513123,0.905972204981737,-0.44946409547762,-0.224389035386045,0.672757323003789,-0.246597160767228,-0.669194467218481,-0.275312841161093,0.488600826430396,-0.218755094290388,1.8407080955349029,-0.876351987513374,0.666340418762351,0.7421419675461213,0.393210526087091,0.491596581647154,0.210296924694023,-0.0946733342358515,-0.606527008815141,-0.198045090368877,-0.806783051015238,-0.0893856955577204,0.341019274742301,0.186095069491233,-0.051518064470648,1.8,0
973.0,-0.770967640081607,-0.0708792285217339,0.998146286472706,-1.79221633235655,0.0407653935367364,-0.850322083368426,0.489439903627444,0.0868289799244465,-1.64323622465884,0.323733208691633,1.50843197054228,-0.509218256293757,-1.2011494532065,2.0054867718930707,-0.575802295364419,0.892824264200645,1.69632891839962,-1.67896086814726,0.042517577741748,0.26385882005477,0.0539041847323501,-0.148724256982028,0.204873279628712,0.152900623581087,-0.272693540819054,-0.636777272836629,0.302181214072279,0.185768303467187,116.87400000000001,0
973.0,-0.869183436632679,1.25671009648956,0.926018054124415,0.0527780556294577,-0.343744742645943,-1.07446222760156,0.427421749467119,0.247869973652933,0.059041468658418,-0.16298686177118,-0.566249022886532,-0.989621336049521,-1.70212498391596,1.9975757606316633,1.10975316666664,0.494353568288592,1.363274136283,0.0879395799319177,-0.107525720898697,0.091996372109958,-0.324416932550358,-0.852458575922506,0.0488815667284065,0.273927088983772,-0.169705443099734,0.0572353096729011,0.0551062587355167,-0.134962337746643,23.382,0
974.0,1.1533419271941,0.488031578320997,1.08026257065724,2.5070389323123,-0.436591023662789,-0.286073766416744,-0.164563432769588,-0.0557508787325859,-0.575837932702421,0.646679756392717,-0.467006301518618,0.30085915206637,0.942479701875442,1.111193051169118,0.674254155959145,0.896601886607356,1.3069982875818407,0.0007738222356085,-1.22592903449238,-0.0746545288608935,0.153532747738995,0.460605971890534,-0.0735975641895146,0.402131221526661,0.461723073185196,0.0943755039411202,0.0172014774098114,0.0324774674885651,19.116,0
974.0,-0.17305482109472,-0.0742917967132199,1.22201735357219,-2.29845381371423,-0.0072440985250207,0.365109432790661,-0.356624684530088,0.394283846510895,1.44121115454595,-1.3497370198651,-0.527519332651061,-0.135630751474081,-0.8472958499174,1.487094216939355,1.14335601896019,0.988775457546689,0.43583025981820933,2.02171335230315,0.475219782779523,-0.123128256413248,0.287289603102608,0.814299682079805,-0.37495945623724,-1.40738088106061,0.072774519125888,-0.65155885605403,0.101917199701491,0.0107393429044914,15.282,0
974.0,-1.23907254676045,1.06750948779385,0.994389468295628,1.29663108000648,-0.291872351112961,0.134951999429543,0.108316022139641,0.718811746367196,-0.38487555458288,0.168422708114916,0.968119996795103,0.556839512062612,-1.19949062406913,2.411115126649509,-0.392804195104074,-0.916780994048885,2.5091379650646815,-0.102271976822549,0.905007285442413,0.11955042754992,0.0336330424686368,0.285032670220155,-0.078230503548755,0.210293943897406,-0.10895214162132,-0.244278046670202,0.420980116499067,0.168597394779965,72.36000000000001,0
977.0,-1.3502693169092,0.116761785464408,1.83413735255489,-1.03387255952355,0.907840202576678,0.83266556943524,0.735461521998122,-0.0002600882451586,0.217006555137544,0.172693801479539,0.361194684813693,-0.113298236045358,-0.16134104844934,1.2227993011819276,0.565844220306696,0.872901299047488,-0.18738169954265826,0.411719892169649,-0.36169789788679,0.438379831091235,-0.223303901853869,-0.278548861845646,-0.273700205999335,-1.35233199582464,0.315434107076866,0.304890166478701,0.0243639371196386,-0.201777628961764,179.982,0
977.0,1.32348507824132,-0.689586822366881,-0.251550025515347,-1.05088631796328,-0.178774746777817,0.808773900001545,-0.990374191354247,0.296077965039044,-0.674533180098608,0.328623546975789,0.364449280685761,-0.703626227226751,0.140131646641051,0.28022679654587024,0.842978267348588,2.16517520430647,2.0090893957525324,-0.117896938498344,0.824604608464409,0.220316536536661,0.0632583145859223,-0.0071079047059926,-0.202715766137994,-1.78230428293968,0.366117849699903,-0.184477616749707,0.0409475937509072,0.0242344762789186,100.746,0
978.0,-0.983809893253203,0.479722158129738,2.32084875724679,1.06471082125195,-1.36190215557796,0.478810577064726,0.923465543643382,-0.017258729889652,-0.0181419070873427,-0.565848140259537,-0.767518362078701,-0.182295290016224,-0.020092646805498,1.1230197027491517,0.911105686642939,-0.0572853244236695,1.5556856043931175,0.51222301123579,0.44626439991757,0.0876925611672068,0.188507217329863,0.666943658817021,-0.164538447222768,0.404315423361791,0.369432766154948,-0.132327424294778,0.0698076746353169,0.0585031497133346,407.754,0
978.0,1.3174703157943,-0.0407126802335953,0.0320142265017546,-0.374984857663211,-0.181072278259537,-0.370094008102938,-0.158119293587061,-0.0254679189715202,0.0807088658379447,-0.0132076053952301,0.705436831318405,0.514784909353804,-0.0494644995335595,1.5120994901238014,0.518323102201978,0.702653691006274,0.790261403468479,0.291956170767629,0.673933520595133,-0.0491336134297206,-0.116096175690308,-0.354174690098655,-0.0649658305275509,-0.442757442090263,0.314107948060199,0.995445808169148,-0.089683801263451,-0.0157526413456712,1.3860000000000001,0
978.0,-0.423328752693031,0.547529592462995,1.24996363792537,-1.28843639945971,-0.159431336118032,-0.425806984942947,0.294704167256985,0.217634898095672,0.730466549256968,-1.85591377771037,1.79634607224528,0.803910844541164,-0.791761723854964,0.4778988449701055,0.546119878950653,-0.552034549065954,2.9012848721116833,0.749715684271824,0.49084701525526,-0.0644723869343217,0.10558623292328,0.483012033985027,-0.213577333453729,0.127507356493685,0.0693481846525643,-0.666137389548171,0.145364974365457,0.0816555861459028,25.2,0
978.0,1.29525222794078,0.232755853396361,-0.173884624971649,0.308449133179236,0.20653390153682,-0.0928945524986789,-0.0784377632952369,0.049317319358225,-0.063932517063166,-0.0959589219154331,0.494099052959264,0.245888823346524,-0.203685383129144,1.3684557297927484,0.539195927604628,1.04138210908868,1.04134926882507,0.644702839930389,0.535077396227142,-0.0670429397353191,-0.319026764482474,-0.977566759518097,-0.0208839363373797,-0.893034025523335,0.323284420679401,0.151230998796213,-0.0320131965415857,0.0076180667160519,3.204,0
979.0,-0.595254276256159,0.993109471116672,1.78843261902275,2.06605763528307,0.689540658631319,2.17336247993607,-0.0557764067545021,0.626694229913008,-0.175898593745761,-0.463313141265986,-0.469833713540209,0.879581741313569,0.786041698504024,-0.7374931944675731,-2.79930953350405,0.293342729504712,2.3678518962592086,0.284953490549212,0.237907143413566,-0.0286855090358799,-0.273815900326557,-0.394840485750933,-0.301300406342078,-1.41151767235583,0.0455707107813026,-0.0197244883315671,0.0129140726587394,0.067788073012237,27.234,0
980.0,-0.370800963923971,0.991591190496526,1.15648763808255,-0.119425039994844,0.177933033315395,-0.497758932976888,0.532327431952647,0.14815042122004,-0.492472131894263,-0.314475783333644,1.03278547467871,0.0136735001644818,-0.823062675455594,1.2634086949313834,0.318656650978666,0.718846754167712,1.380079608749198,0.578270987519018,0.330320416641862,0.0811272706269856,-0.243259774452411,-0.71388482529461,-0.0542708690219623,-0.0787376263581943,-0.176469886986596,0.0781660510817151,0.234831095994905,0.0830484449994153,6.408,0
982.0,-3.55568335710222,2.36546424947337,-0.097574359546856,-2.0335468935835,-0.628282969961122,-0.265772724636792,0.40951775812557,0.361232307837266,2.44142834713574,3.39928537980936,1.3566112004954,0.280912700587538,-0.861441374105537,0.9504758347412158,0.432484201463312,0.449622957848313,0.6917672362564498,-0.33912480908082,-1.02525772185521,1.26593596062591,-0.580859006152864,-0.35743354712008,0.179283249271353,-0.330568002873123,0.303838443650433,0.768353152595834,0.969317267480569,0.518011884272818,69.192,0
983.0,-1.29506326015295,-0.961122976970585,0.455509978293573,-2.65511330515371,0.472559106989617,-0.0552509145713009,-0.646262041872175,0.540392825256205,-3.11051509611604,0.602600471120319,0.170279118169201,0.16361486239791,1.86034575326139,1.78963446705888,-0.684909851722836,0.105056082420562,0.8977694258749168,-0.07946042003871,-0.15266845163656,-0.0164862306498776,-0.395059914830313,-1.36537768535875,0.10935598687195,-1.41095068700649,-0.280116551295366,-0.743258916733718,0.0022877472106204,-0.106707049938899,88.2,0
984.0,-0.453605681608613,0.867001388135039,1.33035691130305,-0.0308383772340867,0.0034163998761863,-0.370968434963828,0.37153392788689,0.323784868443814,-0.344431812827582,-0.320838528677913,1.52307984085647,-0.381054377115571,-2.17424907537547,1.7834566442263078,0.66716748072481,0.327346563695927,1.758562458513577,0.105424425041494,-0.221503813688468,-0.0498883206531704,-0.195197201139239,-0.602180503115407,0.0531497798953722,0.114064140631702,-0.363316283867322,0.0787838734859881,0.244376245219611,0.0824031207414139,3.024,0
986.0,-0.947975369702272,0.645293081745711,2.12102139310496,0.213787647358199,-0.881593044877085,0.19298207488991,-0.524244295780581,0.85214456904949,0.408270399879957,-0.94841577892111,-1.20359509322714,-0.835034237236789,-2.20241945698362,1.892595662287245,0.457882089292113,-0.0389045200878836,1.7725667275329875,-0.190995141259395,-0.168846667970585,-0.306339435005644,0.0328457061324969,0.0387679192163372,-0.081091294762928,0.0596263877691058,-0.259949147949421,0.334404488535288,-0.0246324239287108,0.0321400971997747,3.492,0
986.0,-0.412999086538704,0.986696757591772,1.62010355518008,1.21550169785217,0.319211024197681,-0.145375447273722,0.881494625030495,-0.565022973033846,-0.0660720552911955,0.76058287035383,-0.911065102827319,-1.30851956016434,-1.20388083759358,1.5751469168270615,1.99212331202429,-0.618389884903756,0.952105075209116,0.577723445957686,1.63017676019803,0.15430643327062,0.0526886415047053,0.396119813486493,-0.423281177241521,-0.1529917374213,0.0131134146964861,-0.124284859773874,-0.594706973135257,-0.320337940064021,26.982,0
986.0,-0.541972463599129,1.07938223247658,1.5202771596006,-0.0443093329477258,-0.0978501226633639,-0.899834148506597,0.682788894522416,-0.0901294724008156,-0.2917360473286,-0.195174807664198,-0.434746014033287,-0.175318770321844,-0.196390815238159,1.6515369681526393,0.881952425851384,0.198747301786647,1.6155967758578194,-0.329735943250197,0.0218859572587359,0.0626885704291179,-0.214993432528612,-0.612563070842726,0.0065908200279022,0.353227652853876,-0.208098121993616,0.0602323601197534,0.130676588956673,0.115211555789038,5.004,0
989.0,1.16483077584886,0.26204600396714,0.633388739472009,0.647052372899078,-0.343422662544857,-0.670805738559982,0.107000913235419,-0.171606511226194,-0.195060359089765,-0.158772945432244,0.536709992983056,1.30806835741012,1.64192611696099,1.2954912596490569,1.10814285336469,-0.148574071501026,1.9132134875196622,-1.26651673599603,-0.614883674872331,-0.0138733062605161,-0.182719329763154,-0.463407815135338,0.175720296437012,0.434132837624692,0.142678430695984,0.0976721823910074,-0.005952193750637,0.0246623632625474,31.482,0
990.0,-2.96033917519137,-4.26830222884249,-0.959247383892625,0.342960679542098,-5.31927702591025,1.91409015502594,6.35974875138483,-0.75809586241139,-2.35785141303773,-1.24708673234974,-0.52420170543943,-0.439142098797368,1.32384876640029,1.6756454576662203,0.685860986395645,-1.01584795551897,1.6289186105787166,1.58220283750243,-1.14046620298198,3.38512643629869,0.526348063912775,-1.09052986944634,4.09502104210237,0.164444255732204,0.463423526226156,0.171844544165456,-0.591533781891016,0.15211488180911,3124.8,0
990.0,1.111383049634,0.277445422517899,0.0779035312870956,0.906023168643996,0.321418059855308,0.206187458146057,0.152259575097644,0.119525586633301,-0.449012324104119,0.089657743856375,1.82222222695446,1.23146433845498,0.147329405621373,2.1394519571448294,0.550186155767953,-0.489223852914979,1.513216858071448,-0.751963172019761,-0.721089923326783,-0.167305938389441,0.086331008177336,0.324636291626233,-0.0562784632594127,-0.269381775547036,0.558415945763681,-0.318326792822104,0.0333455839867057,0.0018416892002179,21.312,0
991.0,-1.40003224651739,1.53850670136567,0.725851686943161,1.00227923962791,0.0601199359383929,0.334015090257605,0.6844130034233,0.164846068454951,0.597709328583268,1.13552513489822,-1.0606924003502,-0.285031076498262,-0.626319061724851,1.9324385757120126,0.398779620079744,-1.09982724024747,2.338241919135766,-0.520213969889909,0.805881276011355,0.50693189794386,-0.241503934021267,0.0501575359203816,-0.172415343723221,-0.436354976184341,0.171047630055875,-0.166747719515654,0.890841664057993,0.472737732634136,96.102,0
993.0,-0.466889397019551,0.71935177717379,1.09264991151511,-0.884826554854615,0.708279335106079,0.0462682173955837,0.59586364518524,0.208501965309112,-0.382577660647999,-0.515173793799291,-0.315500643334781,-0.672393720549463,-1.53185758086477,2.5642992050648528,-0.040153943142433,1.13686101386477,0.18232082755211754,0.723262114532289,0.139669824793615,-0.179254106621778,-0.213835950822741,-0.823790522535139,-0.193135405559559,-1.09853410637472,-0.23511371771552,-0.0162158952015337,0.0416844217104954,0.0962390079468468,3.564,0
994.0,-0.998150527934184,0.183781841695981,2.12187121876259,-0.350077192208054,-0.057158221186594,-0.941431233739156,-0.0097143564674331,0.0707009319411424,-0.0915038732587872,-0.504768841980508,0.200230724820629,-0.128345689535305,-0.60434340909999,1.7628950709810902,1.37045923163406,-0.022745481984965,1.6726047755003268,-0.802208486125227,-0.371699224190958,-0.108661531776637,-0.0351879232353544,-0.201975831228747,0.0717397417323814,0.628963199749068,-0.69821996353406,0.730304461151793,-0.0588892208136939,0.13767638240567,20.574,0
994.0,-0.851008153529241,1.31299280328273,1.62657306735283,-0.151489117388087,0.054180130728973,-0.574327710711652,0.917431712269204,-0.205992230963995,-0.0307454078551816,0.439161320388624,0.404718027908438,0.54521088206712,0.827188934953148,0.9309167582543816,1.04077460092651,-0.350459506804984,1.000592177678889,-1.07715469381265,-0.528301429055274,0.42455904941539,-0.286715894361727,-0.36080197811921,0.0402175595483865,0.398355671479281,-0.197942997991744,0.059866966719564,0.347493182751131,0.0145234405450798,23.148,0
997.0,-0.585359896926061,0.396461471064681,2.68442083879193,1.41884442897185,-0.24606066159184,1.21057137241542,0.152464070565421,0.22467874988148,1.06700989182967,0.327308534850301,0.303574595014509,-0.192251944282491,-2.84778705688973,0.5908135368456676,-1.71024311851253,-1.51348395272423,2.455240118297579,-0.331374644270826,1.61847416369297,0.0922017073169707,-0.44417492704986,-0.513923165588603,-0.158668547178327,-0.0342192226789134,-0.23110984785123,-0.448771871680096,-0.02671748405471,-0.28380837974111,19.458000000000002,0
999.0,1.23743572893974,0.163731081583208,0.0528938401893782,1.1981370800324,0.207892866463235,0.274296177602136,-0.0010994789589881,0.0743952255448991,0.444544316977689,-0.10144200425722,-1.39307986358681,-0.0805908034698079,-0.614115277976148,1.9964268328203136,0.0344972928427609,-0.450702942706741,1.5131078961355577,-0.629847689810377,-0.0453972756580286,-0.218947525903235,-0.168521223926574,-0.257242135120663,-0.152185583152041,-0.776046185156999,0.756203333720845,-0.257300288311357,0.0361623230884842,0.0047733365964872,1.8,0
999.0,1.27561832179119,0.180152950807534,0.188402683004852,0.310547592299566,-0.0164810945956291,-0.194192656585904,-0.0562395010759092,-0.007607972458323,-0.16344620526099,0.103300224807291,0.749630239160967,0.804294393789311,0.411180295317254,1.9579683488416295,0.387886833975989,0.73859927063286,0.1328831975323268,0.218313603392463,0.48191341442043,-0.0530974825881067,-0.259678562056341,-0.781230206010527,0.0214175538610756,-0.501242223830718,0.298885693750939,0.128279392419025,-0.0337226025608098,0.0005349259068767,3.222,0
1000.0,1.08340460595943,0.0343210310130035,0.47230111097937,1.34639206592948,-0.310584403476561,0.0034233800049726,-0.0986628065411583,0.186339805779944,0.203681958228356,0.0746886813429267,1.13244259126227,0.626087625309336,-1.4896029255344,2.168158435348895,-0.671652000400043,-0.526159907606386,1.642538697550644,-0.39441916045492,-0.150180368223139,-0.240701072856205,-0.0437332040798726,-0.0144725056564703,-0.0450202183530965,0.211587415768362,0.559625411362164,-0.339989301107659,0.0259424718333467,0.0073542730826926,36.774,0
1000.0,1.16462410446139,0.268772132998292,0.483710689420172,1.26691928153596,-0.603210860711542,-1.27837016878497,0.219156487969063,-0.240089015512048,0.031451208515303,0.021193890343598,-0.0158392952135504,0.0564052305455253,-0.672052428318873,1.5181113182573571,0.947039572952518,-0.0763354682800889,1.2773657883446285,-0.249891285893474,-0.574332930399595,-0.154327344119272,0.0689237044740215,0.165785328256913,-0.0452818288934437,0.915545556187195,0.589023743332099,-0.361766747105039,0.0065574657567414,0.0282827869591895,46.800000000000004,0
1001.0,-0.676990895903557,1.20168345456395,1.59447679393954,-0.0034371341999761,-0.269185008063409,-1.11354022451113,0.688084942167559,-0.0740975637967192,-0.214680726735831,-0.0001551134013269,-0.0952284332647483,0.0330933647144162,-0.0923705635253907,1.88304616856181,0.848340191632142,0.0865294803646008,1.759723237328084,-0.467751712513786,-0.137875382699797,0.202998883749034,-0.239723802630329,-0.563061389956852,0.0240605682689063,0.687743962295628,-0.189759345986596,0.0561535027034582,0.377242012228351,0.181533345783872,8.91,0
1001.0,1.21761784837632,0.328141478440131,0.134010979404479,0.559108426429921,0.0623835628647262,-0.37094419042528,0.0791101743416134,-0.0978479071549191,-0.0885500490646054,-0.358746527097119,-0.0081484630974049,0.695966627282659,1.20018920039365,1.173197644825927,1.27165872262437,0.248916169542841,1.8577775255275197,-0.742406584773026,-0.430985767213016,-0.0186105980117682,-0.266200230625189,-0.711597277506962,0.093403737541987,-0.300369276153967,0.218634361232305,0.142125259279449,-0.0030952188378616,0.0276995146118472,23.291999999999998,0
1004.0,-0.556703611375114,0.239967501717581,0.754324745177452,-1.02434198465238,0.617849415860613,0.56090183780969,0.161715355326755,0.111242029194679,-1.7907599695165,0.492547680252872,1.04280425157107,-0.0087722086305681,0.831598367444403,1.1447609111811028,1.51210553986735,-1.06923041958086,3.40861351162462,-3.5100290691644,-0.228955530739407,0.0308097959974501,0.493640855218528,1.49578132800147,-0.0614858345880117,-0.563573616169497,-0.537783602506405,-0.0161902645173767,-0.0600909265242547,0.181052096588868,18.0,0
1005.0,1.09219680503407,-0.250536740030256,0.771269454096753,1.38202882745751,-0.51176360095094,0.74962490745224,-0.627241778159859,0.455098623189727,0.939210881654837,-0.0278702747769766,0.20783187662067,0.172459108627574,-2.26101522789345,1.5461124081145283,-1.15808512486253,-0.432396337956721,1.759173058452024,-0.0378010272508735,0.170566538239175,-0.301749627621343,-0.0766469347658916,0.0135714545227717,-0.101805411641374,-0.327515224237956,0.558478061753308,-0.248780522791949,0.0551226781654412,0.0053085449700972,19.8,0
1009.0,-0.409175943115863,1.09156440134775,1.49733811888151,-0.0485083813044289,0.283494022964684,-0.944228572808644,1.10358920554385,-0.502387904319516,0.0928231920467509,0.220773952206301,-0.0119864159454511,-0.253569050048374,0.0630915830204718,0.6635765582689999,0.973069443399369,0.199460912401844,1.3035324666787904,-0.206507702288764,-0.111339784695829,0.38810994119488,-0.39723423695023,-0.661880246231316,-0.0753788503946558,0.325401187679096,-0.159292810637474,0.0201035799896602,0.0245071067150702,-0.281597703788784,17.982,0
1015.0,0.0366776800565871,2.25426620848484,-2.37688373505011,0.86311741293015,1.91009354036027,-0.759199950742973,1.39056294864893,-0.666098652113274,0.834693947055446,1.14810529129283,1.63186258719126,-0.485895846207064,0.155518183326908,-2.925108267929697,0.614852159915229,1.06089972725891,3.1498258911330455,2.25729256027519,0.246812303357711,1.03372177595806,-0.482328029722198,-0.313039223842848,-0.162716220009589,-1.38970330285663,-0.123330639069742,-0.398016741111169,0.288289068795039,-0.377157161670579,2.61,0
1016.0,0.721948180905961,-1.19406480062773,0.576754752162006,0.933292621674502,-1.3155257199319,-0.305157918118757,-0.137170540265755,-0.213692715030512,-0.837461395921878,0.571313464646503,-0.661121684652182,0.76531371872749,1.67646395025589,1.0075502867504584,0.0976739506710582,-1.47714529422514,1.062412669009117,1.11495329357005,-1.17362029031876,0.146859372498267,-0.183016020922283,-0.525770656777623,-0.255410739631699,0.408155796515676,0.381877135888397,-0.372493027293204,0.0231837058817517,0.0894007663958628,552.51,0
1018.0,1.29327129679064,-0.686657806091538,0.763193089297988,-0.750239813190309,-1.21675207039227,-0.26743337369647,-0.862741273980647,0.0374859669897086,-0.876722259395535,0.785427048956674,0.988920252774679,0.691571882500763,0.830660469357628,1.4400579909506934,0.499424893399627,-0.61310690579721,0.8569564448367982,1.62543148615512,-0.480060044311671,-0.360153111482471,-0.423452045406491,-0.830487140344586,0.123544148344673,0.0265299539391136,-0.0723206093623719,0.855176690597595,-0.0362632208005923,0.0133031154597826,59.346,0
1020.0,0.414441402686028,-0.957192829125367,-0.277387777875399,1.70726366225778,-0.533226484190998,-0.690274900463762,0.924292630914148,-0.381707120910333,-0.0897587303156848,-0.221693339763625,-0.529581255781081,0.6571157653041,0.562363847273825,1.6480753335028153,-0.024086915852283,-0.348941991710999,1.1414873266613959,-0.426564214214786,-0.270320858409777,0.743023076984768,0.231006605940676,-0.114463372744938,-0.530895584158945,0.452977819899702,0.703281963648871,-0.308886520596994,-0.067590001502908,0.0896353046626469,775.8000000000001,0
1021.0,0.92819426869907,-1.1097477175533,0.0634168360911981,-0.932665861339953,-0.589243542314857,0.531416930058003,-0.489887118357654,0.167472694352118,1.985469181824,-1.1906864672422,-1.57203253079521,0.136939835481526,-0.143164511293399,1.4287594321587345,1.70392393011559,-0.299335847555862,0.7672809294753801,0.446599975927272,0.581880738146978,0.260231646817688,0.185421397963926,0.396802480848712,-0.441134887225008,-1.27904152081342,0.654721706306751,-0.43411450554731,0.070377438374875,0.0482559074734672,351.0,0
1022.0,0.863703241095398,-0.64293408061386,1.91929896028908,1.94459164753651,-1.54073802149918,0.686990250938397,-1.00894429069086,0.421117566022093,1.69749350070034,-0.460905223347495,-0.813248183899448,0.905497533651812,-0.567144667999794,0.980571870218498,-1.34674325799208,-0.945767958170088,2.4574246472505052,-0.795533251893491,-0.404842209643592,-0.0812047531945553,0.0368174718613695,0.464013538448437,-0.0637148609248799,0.657691285266163,0.377140064288613,-0.23553033873139,0.110183280147861,0.0533836048419042,151.92000000000002,0
1022.0,-1.83761836135657,0.274206938312655,0.0144128683333511,-0.589063455497903,-0.642114047045564,0.320030688306873,0.423555483899379,0.932500707345982,-0.228442575725631,-1.16700357733793,-0.746476542224948,-0.0246369520873173,-1.36761691404918,1.5468564759492267,-1.20953560296865,0.734554783028833,1.1914555832832734,0.519976124574276,0.66666773773669,-0.38922324918547,-0.103403507396301,-0.511575092280177,0.20814532722736,-0.838164198213894,-0.0058983441820471,0.394884097741143,-0.170205913010342,-0.28461901693182,284.40000000000003,0
1022.0,-0.415496389840615,0.895927840880268,1.10884393994879,-0.161764886292398,0.278246688581871,-0.0272109963841275,0.442325114282338,0.318453991352137,-0.406495332881065,-0.346968042184575,1.15353060588937,-0.230277805927602,-1.46044589450389,1.510479119725204,0.637842533567671,0.455390915575136,0.9678282411692177,0.205365915293287,-0.0274425346409016,0.0192612488884675,-0.219953628856106,-0.6487106061009,-0.0052092922268949,-0.402199459962504,-0.269010168928089,0.109413734059926,0.245681894081983,0.0785363535937315,17.118,0
1023.0,1.2029536891145,0.23737964031767,0.628756200105841,0.548826199653035,-0.481894515803636,-0.774286799109462,-0.0056184979816217,-0.0974411613256354,-0.297402135520212,0.0894298875492852,1.74302748264834,1.3668019902025,0.648532050642658,1.9108218713215672,0.266671998430906,0.41834598682161,0.8378031554757408,-0.169287980271113,0.0904513394314222,-0.0593453531651461,-0.186972333667432,-0.557239329995595,0.143681717748658,0.542790101253352,0.175362387206081,0.0629242956246456,-0.0296753516211632,0.0119210344591194,3.564,0
1025.0,-2.3131626909944,1.30672428971039,-0.621394543755755,-2.85889022734023,0.302759700822202,-0.592040323890358,0.188360312468001,-1.54677982030502,1.8088567235465,0.626453441632133,0.214836799842462,0.0004992862387737,-1.51190909858078,2.0294145046743437,0.647836804801465,-0.19038550134713,1.0995921585798119,0.808332620031891,1.22929150375194,0.0119798141141773,1.25573412952595,-0.483164145952892,0.214936480978667,-0.86441723033137,0.375696719143612,-0.0182500347243362,1.01088887668299,0.586046561657569,14.4,0
1026.0,-1.17208682489599,0.419779343034459,1.40675805860816,-0.362721542994496,1.13298283454117,0.848113088611654,0.933421824246114,-0.454108444841992,0.75525352438509,0.905693279021814,0.175735863609314,-0.362863530966409,-1.24116034879423,0.7587119326945052,-0.49464873807548,-0.402156809109494,1.1839512586280092,-0.0942487768438416,0.833554113708105,-0.0269225132980808,-0.340227272200269,-0.253486483544573,-0.190289016505753,-1.15316782447564,-0.0812035097462247,0.191795501745713,-0.811562011667146,-0.454344841348353,19.476000000000003,0
1026.0,0.90465808450278,-0.528284436018499,0.395440182984381,0.496992231180288,-0.846811494076039,-0.645494029048507,0.0354714437701044,-0.0354304984125907,0.244460495786073,-0.115168463717742,1.27640636430321,0.77664496097723,-0.829339121487219,1.4117943356038603,-0.318166512626131,0.0890792964889753,1.6007187715085005,-0.140463483165526,0.401079367211678,0.166763400172434,-0.0980577740831942,-0.58757282484825,-0.0497853560963549,0.56831031029758,0.188082088719665,0.401147696845962,-0.0805522674526369,0.0276670058065148,284.40000000000003,0
1027.0,-1.63273331446879,0.0470649566616527,1.21573504169491,-0.374217315371892,0.197159896625098,-1.24512966372158,-0.225829145423466,0.610642512776429,-0.272008739264691,-0.657899237317553,0.873969058045738,0.700311310729056,-0.91179744284445,2.221969004331434,-0.926938851369781,0.287658178636049,1.274781464198262,0.0013697152337171,-0.0221910816795736,0.136844404246339,-0.0097183978997663,-0.39107612303764,-0.0230930228779524,0.554240750671014,-0.287719437227587,0.257498463913228,0.184931925417237,-0.0385839042247365,1.8,0
1028.0,-2.87164532740211,1.73880949784859,-1.081046805179,-2.87521916308169,-0.0343191540663179,-0.677806633951368,-0.206394306683287,-1.10462100332237,1.83339254550502,0.716049273309136,0.089358268710829,0.172941746534004,-1.45085041184887,2.705009236572043,0.623120422658083,-0.0912963929749264,0.7080212490621107,0.828660092738893,1.19467527576991,0.0268731914386556,1.26754938628214,-0.517542354130673,0.266402090991357,-0.868791999814342,0.44820683383554,-0.0117510740506281,0.988382120928246,0.58500119524217,1.8,0
1029.0,-0.480417181241821,1.00482064690174,1.55986060966236,1.02640076468053,-0.26346266570669,-0.992021361859781,0.879659319709125,-0.23522325655008,-0.602235804956693,-0.154489674978321,0.0057923606215426,0.102661888000826,-0.0535096206087366,1.3587440959686696,1.00710177501667,-0.394458105410489,1.1588326127358552,-0.247296508892335,0.328702442351555,-0.0463276717934824,-0.0007144908357111,-0.0183234477069578,0.0604741974797783,0.902583067357895,-0.552456870423555,-0.603276159396876,0.0734271871328332,0.16375551512973,89.10000000000001,0
1029.0,1.30948700434636,0.19340839775897,-0.330400711662432,0.325057885698741,0.407287434299065,0.174884862036555,-0.0879603042843924,0.0812735754222483,0.276571999264368,-0.295643258887158,-1.26845077734713,-0.675559652875271,-0.551816447915434,1.6158286749003354,1.55845438853469,0.641635866367151,1.4247616356594794,-0.16798365530535,-0.0224760818625766,-0.129801132152835,-0.363105363238704,-1.05600114624899,-0.0028903503784148,-1.39588676694441,0.295913427193555,0.2142282747597,-0.0151339748438056,0.0111937975966289,4.644,0
1029.0,-2.58217548824772,2.21380673792311,1.74902996943384,-2.38920021491263,0.713565800678202,-0.214626899073151,1.96239900258836,-1.41593444156523,3.07444887292031,4.7646527430201,2.53608624001176,0.464132388306318,0.324779566886198,-1.0634289287111582,0.400623997343311,-0.450301426475513,-0.0030530454192512213,-0.790732617603116,-1.09326671754469,2.18764258273865,-0.757745158200505,0.0423315999142209,-0.220884731572264,0.0202420136008581,-0.0159960848403595,0.556128656172768,0.226621892687862,-0.904041760922535,1.6560000000000001,0
1030.0,-1.73110137873674,0.856574176132324,0.918700526421982,-0.3796752089688,0.70249777672002,0.822419730671202,0.631862684992542,-0.0270519493236685,0.773833168506264,0.98091654053395,0.0532606227832923,-0.198637186262872,-1.17702341491927,1.09363466419802,-0.516584490362801,-0.293721584513358,1.4086049293015788,-0.0731621203845721,0.799613410909528,-0.0320939849801577,-0.337503041638946,-0.281943049168744,-0.115516600336639,-1.15713953737793,-0.001529299776449,0.199767251047475,-0.821376173664832,-0.463791099631718,31.482,0
1030.0,-0.5656145736051,0.983078054314545,1.33358931503425,0.0070143556860397,-0.102888254850162,-0.836389425836542,0.483633755762789,0.106020975494236,-0.384015363461745,-0.186784448986954,1.4390814274726,-0.0649766799727397,-1.39508258573189,1.205714014296989,0.342726907305846,0.573464978842327,1.7340915523161087,0.455472575181557,0.138399638510378,0.0098948828929738,-0.199175735718217,-0.651841533665272,0.0606265813070012,0.444597808147968,-0.266541142764579,0.03516582597323,0.0994301460427441,0.0860120636931379,3.204,0
1030.0,1.19268809535852,-0.677879844804251,1.00236167527514,-1.34769385620929,-1.57110902318497,-0.942742169618731,-0.815857211400623,-0.016061921018562,1.91699820706968,-1.09047180695947,-0.244829689984607,0.3732205102799,-0.153691971966039,1.338072188687371,2.3339139332982,0.119737398167205,1.0434131622623863,0.637143567491935,0.307706082368668,-0.0022852169699095,0.259927917534366,0.803309043511309,-0.111711772390283,0.456169735920339,0.317138256532312,0.114958706058308,0.0437988465978707,0.0368824141648021,77.382,0
1034.0,-0.71406182318097,0.839368525617131,0.355188865179159,-1.37066242812758,2.77248058727392,3.45782969867497,0.535503016111638,0.393267756052587,-0.112186434486532,0.447772084837221,0.0178263618389036,-0.463212288716735,-0.119183094147196,1.6737809373907275,1.14295925272122,0.295334307194183,0.029292617019739176,0.0339340407471784,0.457461854623755,0.340203078509749,-0.329277062600312,-0.858994587539062,-0.18169653294678,0.98479955342172,-0.0497626731908143,0.0098740353269468,-0.453226245334227,-0.272609310569114,4.644,0
1034.0,1.48428984800957,-0.156177680148809,-0.851332023138423,-0.707934665218369,-0.0796225699822778,-1.03000314689809,-0.0345429618300569,-0.354562715227149,-1.09659945117401,0.290751761667181,-0.700017455663586,-1.0088265198992,0.349044968974194,0.7214671352937231,0.56807732762692,1.28531507934207,2.2255373766113307,-0.85584081002826,0.775477787504351,0.141681224017092,0.136015306574591,0.347475640550294,-0.314846830824481,-0.48261688486978,0.927893154469765,0.0121599834152268,-0.0151825890833725,0.0159552564737397,35.982,0
1034.0,-0.984282277000385,0.064200512998792,-0.48334400631169,-0.866310472544304,2.40729256550908,3.68601166704504,1.26834854435159,0.774659382999044,-0.674289560485057,-0.903376632537689,-0.663034948811842,-0.223452746841,-0.327058868852819,2.3146174196474645,-0.406506930344974,0.108927849326609,0.7078958590762594,0.212326846348818,-0.29559540962221,0.470636071170036,0.142316022823756,-0.10075924391929,0.161948109905883,0.979804992014547,0.724120215492106,-0.423015227108109,-0.0036443986571799,0.111620820879184,419.67,0
1035.0,-1.29216639264388,0.694387862399874,1.16410649119567,1.30531682979654,-0.302429380250705,0.553095215517781,1.14659687707793,0.0083872432486584,-0.36352729133946,0.395811552021925,1.40311113505467,1.04468214574577,0.161785575695684,1.7961825774055111,-0.441966280117441,-1.07423362706738,1.7772235274960748,-0.318318636246957,0.974305566263386,-0.0366484251483515,-0.0862713423419725,0.531766410440047,0.161532555298435,0.266848739889886,-0.0943392033348495,-0.314227237204393,-0.137571202938076,-0.381629793365917,280.35,0
1036.0,-0.837895010970131,0.954722338877299,1.02714343439995,0.677032584940743,0.285934421983842,0.292994795864236,1.04499289967017,-0.134313235159039,-0.123879565736505,-0.255760482818403,-0.937063325247239,0.363424165040436,0.421422696749661,1.3666212617337248,-0.364039351996115,-0.766003717532477,1.3871732772258498,-0.760212417187784,-0.0572741431600611,-0.248247617779682,0.0152419736159128,0.280253009559367,-0.102212846477375,-0.249892910972792,-0.177940288878279,-0.437636703393311,-0.166805736879443,0.163360160242763,137.034,0
1036.0,-0.64856908044452,1.03597805711815,2.5285723701617,0.220136841959994,1.04255607861845,0.49897156358299,1.47036941992631,-1.06195653896458,0.143346036112917,1.42250774605912,1.20840072706358,0.343618810684238,0.938620260187219,0.9333850295247479,0.843527014952544,-0.0878238269757843,0.1790002641953996,0.537966458756096,1.12255256667129,0.566789324818443,-0.369116575428717,-0.27210533919312,-0.4531472360887,-0.518637807115137,0.123898215557283,-0.633761307566114,-1.01426040163825,-0.991466995278739,9.0,0
1036.0,1.12855272111764,0.0134697566486581,0.744616943214273,1.43919995839625,-0.673029253799689,-0.295107674109253,-0.24306116569275,0.124777174984627,0.43267291795897,0.0857132333556836,0.808573520022404,0.573130443354065,-1.46133351557223,1.9460497650636497,-1.03770750349775,-0.212719347101383,1.2466327790754128,0.185418640930854,0.181901446247293,-0.229831573592776,-0.0077183611975887,0.128442579482852,-0.0964761464201246,0.523058803010735,0.638324147368842,-0.297549869022619,0.0259300764058766,0.0116335555268117,17.91,0
1038.0,0.961867651340547,-0.521503341708495,0.276298849036328,0.569119286903285,-0.850376703823779,-0.863579388275142,0.0980880311110312,-0.139121542615715,0.59856978077738,-0.268180007725265,-0.699066300140322,-0.262293461480591,-1.23732822303602,2.0834213138921807,0.455602852214394,-0.0216872508417525,1.3097098445175697,-0.502863149968511,0.193745254061353,0.128535865513712,-0.16955673849123,-0.781792980836604,-0.0567750901662143,0.398201355133493,0.228123847125041,0.433317438545215,-0.0804669552556286,0.0345929118057632,284.40000000000003,0
1038.0,-0.651888277985291,-0.245815006890846,1.35180948939059,-2.42706664198269,-0.549384437670912,-0.243647009773843,0.698383612430821,-0.0765050588684213,1.21257639355003,-1.96895229208839,-1.16387345554919,0.991850491391304,1.69070885128598,0.7004294334162005,0.516592880133877,-0.0656840731710244,0.8307915136157079,0.434652684305086,0.361543638662319,0.362268560611448,0.294817052532545,0.840845926436502,0.0399924361679522,-0.368564171352666,-0.0398364790248538,-0.0668505448658751,0.116238223970773,0.160737647961588,284.40000000000003,0
1039.0,-1.57552374763102,0.0538460509716562,1.09659370774685,-0.302090259648895,0.193594686877358,-1.46321502294821,-0.163212558082539,0.506951468573305,0.0821005457266158,-0.810910781325076,-1.1015036063978,-0.338627111728766,-1.31978654439325,2.0397480944805917,-0.153169486529255,0.176891631305322,1.3476716790813157,-0.361029951569268,-0.229525194829898,0.0986168695876178,-0.081217362307802,-0.585296279025994,-0.0300827569478118,0.384131795506926,-0.247677678822212,0.289668205612481,0.185017237614245,-0.031657998225488,1.8,0
1040.0,-1.27829586063466,-0.14648227458402,0.801662071117266,-1.47553028010529,0.220270139910812,-0.234303913809538,0.850141675189439,-0.0494006507132202,0.278816016911119,-1.01131089694812,1.41306371225841,1.35030975484157,0.549429549326253,1.532839122845366,0.713864563764212,-1.5791000998061,2.06320230681279,-0.0680424803189277,2.24183709403423,0.396727594364298,0.0655333431352585,0.451919848008306,-0.26071141262366,-0.189847654338428,0.676255436575621,0.313575111278222,0.181776607834092,0.196366343785095,269.964,0
1040.0,-0.926909694132981,-0.150451618051654,0.442718983401,-2.72315498720232,0.517450297614163,-0.315919942121949,1.28516525719466,-0.022306851515411,0.18570984535033,-1.7069438747608,0.845414767860138,0.758143015317553,-0.125153760475857,2.356463119122525,0.47025235066795,-0.421684423221729,1.0253886100373037,0.159613893475021,0.49436476726199,0.298773208169176,0.181237598719268,0.225204812713119,-0.0005814470702209,-0.785772914245503,0.418998445555555,-0.078699449435755,-0.0059090782277595,0.0828195500308637,288.0,0
1040.0,0.141318846625719,0.352612413300789,1.05052240467752,0.549027397345924,-0.207914722666027,-0.0322708473489257,0.106784953261438,0.0782143481889907,-0.206778153962603,0.0544291487509494,0.757366167699753,0.865889312950227,0.282449867650277,1.1712615588052198,-0.250791636721589,-0.599821982344471,1.3923950600638015,0.0967881849166082,2.51250030827242,0.219703573254637,-0.0708370474745707,-0.0280847758969557,0.271166844587766,0.0860904497355993,-1.5773838890248,0.835264252143655,0.20999051778171,0.234884870725406,45.0,0
1041.0,0.892379086306247,-0.345990825122737,0.0512796641809886,0.741072106485362,-0.452616389360558,-0.724437378286128,0.41593207014189,-0.215841660634644,-0.235291966589961,-0.0458162302119724,1.45234145592535,1.45389813093945,0.542250123939358,2.0316436697713556,-0.716972880216792,-0.202751651160983,1.1303122809161983,-0.256772465378347,0.2825811298325,0.271976221640929,0.108916120971431,0.0804484466086322,-0.254845806159858,0.63883132973019,0.568468713019937,0.503576422694093,-0.0837775822211714,0.0241839992285879,311.40000000000003,0
1041.0,1.25681284180336,0.649891456747294,-0.310299712474549,0.905388879619374,-0.0543553653589284,-1.5854959064773,0.441332332601723,-0.370409270532511,-0.2664211250827,-0.614024998471885,0.500160451934544,0.328906217059555,0.453105009364269,0.3354938627645121,0.851270832880011,0.33652133942965,2.8330559668405377,-0.037098192601903,-0.450585996784471,-0.0518825355323605,-0.110156917813073,-0.235663298769077,-0.0455106141454889,0.640205938259953,0.54675126966054,0.346590388167886,-0.0298833326737705,0.0411622988533177,1.368,0
1041.0,-0.828801051864294,1.30455434950031,2.22759583669806,1.37961726470399,0.511057146127143,0.0129315890395839,0.836034589170916,0.168282084310852,-1.34519550413353,-0.10300789169428,-0.572898882616241,-0.635720874964614,-0.726645504366308,2.151932396231433,0.379709250612449,0.607204798382266,0.6536970725262988,-0.733174468242914,-1.63005161223927,-0.187657608039255,-0.175392107820077,-0.684126996069819,-0.129970760864193,0.0020101416617591,0.144912161411126,-0.297442354686571,0.0254631667197332,0.0669989957969561,9.504000000000001,0
1041.0,0.811001536527806,-0.857559725744558,-0.449312101853959,0.339344658796376,-0.495668668383979,-0.753461154414778,0.493522439285,-0.283783570378707,0.352968593355781,-0.290805294989707,-1.05951229646305,-0.228329018097262,-0.642690690060274,2.055938833827138,0.248059182184823,-0.0827974246266459,0.7867316614909802,-0.454031622207293,0.404081916189674,0.426461328472252,0.0352794969427053,-0.397046663527787,-0.377698875647624,-0.0279733533210402,0.490278653129576,1.09491194969671,-0.15018842777367,0.0334393917402336,494.49600000000004,0
1042.0,-1.43411607632232,0.0528693979077127,-0.15970324721442,-2.38524646437729,0.837335020032831,-0.864148941647866,0.0587389308210593,0.44363661821349,0.382263734826317,-1.24639519705382,0.738291730265881,1.03833117879879,0.0016587768058661,2.8930251845046353,0.642179433826407,-0.474418629782265,0.6769349559681817,0.158878330752203,0.85977484762451,-0.0351995012007581,0.128404624907052,0.308762403376689,-0.416395983599717,-0.740970345850072,-0.116687798420571,-0.0871274706693047,0.194358109064051,-0.0205982495416478,1.8,0
1043.0,0.896740750189446,-0.630223597963273,0.405024417966176,0.582719458243429,-0.939855160541173,-0.568729553545275,-0.0434490055199025,0.0257175089055499,0.493936537538829,-0.141765955859137,1.0112517591337,0.477815103906006,-1.59152543300169,2.1724173430748266,-0.687164914328975,-0.0848794588313212,1.498795826788291,-0.125556016852403,0.525236291635884,0.112209204810538,-0.100983935887134,-0.556825374625176,-0.08151255294325,0.550400557186126,0.244071187400915,0.461153047815064,-0.0814734974208298,0.023913612762129,284.40000000000003,0
1045.0,-1.11984150549688,-0.321771166309947,1.05155875899074,-0.619303717494122,0.719416934525881,-0.528289985093454,1.07907105145956,-0.398037146828051,0.194018077553503,-0.573600405915451,-1.32598577735418,-0.0106320591545173,0.445038891175819,0.5815481031989859,-0.291212796330232,0.247655883509268,0.6966967193303537,-0.378198394627344,-0.0213684953275843,0.0274823589037951,-0.214617282610431,-0.449083966797242,-0.0278741399105081,-0.400251840727076,-0.30553565905554,0.236040283557755,-0.170330313123503,-0.0322763622665562,284.40000000000003,0
1045.0,-1.9091568874415,-0.689586153993138,1.74265854354916,-1.18820791114032,0.981318489851025,-0.190054154420819,0.780530203156098,-0.0211030218849273,0.197159956909461,-0.853233386406942,0.642153405498016,0.29901207197021,-1.23926799186782,1.3433207332186576,-1.50974217844556,0.247292421312538,0.7855953431425438,-0.549762028537804,-1.04946976010054,-0.31227684999116,-0.230256926238842,-0.476777425612113,-0.341506839850968,-0.26839719098163,0.432744679275238,0.265405230807846,-0.183403242950578,-0.238583444074944,284.40000000000003,0
1045.0,1.18786022812083,0.642762272657542,0.719049944418382,2.48241564346649,-0.143494778445591,-0.521830448805326,0.168840053409187,-0.152949057151674,-0.826964109971253,0.668363433022955,-0.418789953704319,0.256794113824798,0.706119828612098,1.2954092265388142,0.469142002395264,0.686849236072522,1.1841760753386705,-0.383256435195344,-1.01079400397345,-0.106995384689172,-0.0646548142338969,-0.200484665874006,0.0144254796872326,0.389056853024525,0.443718859911225,-0.0766354828424318,-0.0046795349146498,0.026215265540521,8.424,0
1046.0,-1.79254480492303,0.0684411526200595,0.802952857858461,-0.541977053516496,0.822320052102814,-0.873965670243147,0.203551671417331,0.126643205066191,0.202998396005482,-0.396481943617307,-1.43068074706985,0.187741471662352,0.511745597521832,1.1662251070121687,-0.202247767197723,0.26664262875651,0.13056346294628463,-0.36175254453035,0.110303466594901,0.0481659976235274,-0.218152361297823,-0.560769551986724,-0.223479394282972,-0.396234308991713,-0.115364327026947,0.28513729796289,-0.285945823327563,-0.0245948576570555,1.8,0
1046.0,-1.3766315714033,0.180299950801024,1.55367259535902,-0.0295898487103223,1.10214700298102,-0.165468393825029,0.764656714841963,0.17918989647493,-0.967716548841409,-0.666322279550935,1.05413809916406,0.676394357207489,0.0982109344821995,2.387751008736484,-0.0674988086888738,0.176420118940858,0.888172855211461,0.120716492166344,-0.795164587940044,0.232261590322954,0.241583476981902,0.312953895560751,-0.118165933532655,-0.311745051896749,0.704546409598354,-0.378981969424761,-0.0077704894386528,0.0643881577902998,164.12400000000002,0
1046.0,-0.47020392305647,0.920042568517939,1.64807576470229,-0.0888159981331086,-0.216407193831818,-0.71720521147869,0.528960244290523,0.132735347059231,-0.495153567591157,-0.109645808283473,1.2861192618423,0.0953167586366242,-1.2382475643777,2.270842046124452,0.258633719744228,0.389161677370702,1.464405358637026,0.217203436818775,0.234172641613297,0.0272392226886176,-0.176217603851835,-0.538619526878864,0.0041245119595826,0.484923133733086,-0.290397939262328,0.0449621999356061,0.2543222255271,0.110391774387363,4.842,0
1046.0,1.21217065893919,0.180869785539148,0.527343850576647,0.508260244607386,-0.436964113740926,-0.669641337388754,-0.0469479133180288,-0.0511871177892021,-0.193727927123449,0.105992158428993,1.45768202400466,0.983328010865321,0.0915955388154218,1.754508452198352,0.347156790860921,0.506568504353652,0.4954015004456318,-0.0287813819269594,0.171267388948741,-0.0855836450460176,-0.20581363745134,-0.645088325251385,0.123137483902668,0.320433563136035,0.181842521453439,0.0774149044792434,-0.0342990287754383,0.0089952498216071,8.082,0
1047.0,-0.373105278734341,1.07332722744865,1.28859702162837,0.0747106005411496,0.0524440923532127,-1.00857070158614,0.680016634355446,-0.0622235182079232,-0.371528843274502,-0.505335450869883,-0.239423103180867,-0.150077798923164,-0.0152117711906835,0.7953014820519114,0.910751299674572,0.389658544353491,1.4011249077058603,-0.118505672014906,-0.0883927201505658,0.120105095372669,-0.261162921220339,-0.703869026305001,-0.0015957920811962,0.324620668102932,-0.161960409166216,0.0726073614314517,0.242629840179418,0.0989198511967052,8.982000000000001,0
1048.0,1.33665363449583,-0.608622498877932,0.608228955177829,-0.51667359000657,-1.17057982406674,-0.623160328487157,-0.663829661476053,-0.0237511889891192,-0.684477827503332,0.666183891382027,1.25256373275186,0.309943385902624,-0.291267105200892,1.2939060682753263,-1.18192441555287,0.72270777694589,1.7902701703322577,-1.31529136903135,1.15299678663069,0.0352728181410028,0.0411177760682802,0.165116636094952,-0.0175449181828906,0.556650273589377,0.492815782620764,-0.2734541884453,0.0090709149645433,0.0045706830645528,17.1,0
1049.0,1.08031446357823,0.512805036275533,0.850856987252036,2.36085635323437,-0.0760027338915606,0.145252850607696,-0.0527298589676822,0.175039505710403,-1.00729966537343,0.795635988969792,1.61034948792955,0.770478736386082,-0.137865994078032,1.6681321639387028,0.101963193983015,0.622250598463986,0.6868888169576045,-0.485479658992995,-1.06759051420116,-0.177529427736422,-0.155624977127169,-0.537392618961741,0.186317819771964,0.176749704620124,0.116036632197078,-0.266692285224566,0.0054301530287618,0.0175488412569186,9.846,0
1050.0,-0.202716845663683,-0.40971081294516,1.00892850369254,0.130943175421818,-1.49912556527519,1.0219285461011,-1.52239512968926,-2.44395032470038,1.19646375840958,-1.55794231573549,0.516678922516824,1.84031105565125,0.0304346861887156,1.3971367250748596,-0.291542875823076,-1.36888461009231,2.145609946584739,0.831934586228442,2.69758605448603,1.19028616017499,-1.02497329384563,1.18026510214437,-0.308459567778191,0.105945078480015,0.861745648109654,-0.175620215373026,0.185887472746815,0.28469649828219,357.894,0
1051.0,1.16387061831536,0.311065269953645,0.903827934148366,1.03091084476802,-0.527690323729153,-0.538599818343074,-0.12663049114321,-0.0201653508138935,-0.210791003050087,0.109273542724295,1.69072858827695,1.4792096210598,0.813290692539157,1.861150123843777,0.359733739482616,0.470020757317997,1.1545476127555023,0.130412926377154,-0.159739191348532,-0.0831155030542972,-0.119927033075182,-0.335582070826056,0.119314000284028,0.508691504272072,0.271654510148102,-0.655279547170735,0.0400234279675051,0.0274699435906923,0.216,0
1051.0,1.25209207492102,-0.0233760658529355,-0.421296672187823,-0.190476017282808,0.088894803829062,-0.594562992515364,0.274527379903391,-0.115958342907336,-0.206115511376,0.0569533821595043,0.651839633253362,0.212157796705457,-0.783746573078263,2.642544165579099,0.242994127918587,0.509871603195749,1.380913002677612,-0.121732473906244,0.872389089254262,-0.0187178055140416,-0.372271737008452,-1.26941122126883,0.0122659104180182,-0.496794535568147,0.245733166953458,0.737275479089961,-0.125021639383506,-0.0142138904285934,80.064,0
1051.0,-0.838376302599784,1.32722717390624,1.03781800243293,-0.0562493903808589,-0.0872017454096893,-1.12623444034007,1.13114803269994,-0.528431554170539,-0.4961861882795,0.0387659992436611,0.0673407565090871,0.560418858816888,1.01712302429634,1.5935707581517633,0.491357864952123,-0.273956033377617,1.1533240613656817,-0.626966584089763,-0.0517704083987019,-0.114637241356715,0.113110764000574,0.16794833566379,-0.146024432201004,0.789217152185725,0.0468165638416979,0.345751395424273,-0.690741719382759,0.0219756667582117,65.268,0
1051.0,1.205507961507,0.360417468855086,-0.683728665601615,0.763135383319069,1.03750344767376,0.448716669933285,0.492303903482548,-0.0669881745524004,-0.724784719812201,0.169520246567544,0.563048613930035,1.2488102959156,1.50871253225687,1.2529452680785411,0.147635991349844,0.0659155473110929,1.2009318651984393,-0.0488656600636062,0.114030035982307,0.0360501974206526,0.0322539133637937,0.126973626650204,-0.34614402721937,-1.29544462839096,0.955697275248687,-0.192317169066095,0.0029176393166593,-0.0064603978767033,75.402,0
1052.0,1.26226446914856,0.212072041431031,0.19608676131923,0.309031836601466,0.044053539903094,-0.173570546688239,0.004732132516877,-0.0525321713003909,-0.279046238213253,0.077687600724452,0.878976784531133,1.20765205648042,1.17032772477448,1.821259363988957,0.305641942276663,0.703999061704261,0.49125757079428745,0.126808014215215,0.474497019982412,0.0101217535516476,-0.246602264732425,-0.722962969331992,0.0059748737489592,-0.480123120829707,0.321884761494293,0.124971840712853,-0.0301286802968238,0.0034162211345772,16.182000000000002,0
1052.0,-0.354831243106508,0.678850455628814,1.92859944126839,0.268595771140154,0.214598428547593,-0.135650736321961,0.582576892128395,-0.0130282473592612,-0.685509737187752,-0.0082437902638524,1.71006755656336,0.172459826534289,-0.974601844479877,1.9529242162252753,0.84683881628562,-0.330621765479884,2.001294898349755,-0.214839934585279,0.590046325516336,0.0628447935946071,-0.130071230418593,-0.291571047311797,-0.147516673303356,0.205789418283679,0.0272188774392084,0.284555159401428,-0.203203378173857,-0.254254052143674,1.62,0
1053.0,1.23746542883856,-0.488220489264315,1.3328960549516,0.787258679623337,-1.40612995434197,-0.100443285724606,-0.908726738955806,0.039218671481061,-0.331145256770223,0.637357721924694,-0.914413553161997,0.531636209398126,1.02373815648053,0.972324353172154,-0.0877857435432477,-1.41581149433295,1.4260907135599,1.19028701464134,-1.03527847765927,-0.472788190470891,-0.410252926583581,-0.50469723376643,0.061899936432534,0.370816569337453,0.31699612335101,-0.39536250298628,0.099298229107814,0.0467870964593706,38.664,0
1053.0,-0.468556706138212,1.85687718675441,-0.111178324359868,0.878106377538679,1.57932044517741,-1.46983153564017,1.68083106687526,-0.683286657420068,-0.880670706920211,-1.17936082657666,2.74079622810554,-0.207602018414883,-0.356421410627525,-1.7797073733323576,0.217745450649935,0.87385718327119,3.8691920288874933,1.86090955803551,-0.445742201043708,0.145583853676496,-0.132301751308333,-0.119735624560048,-0.436880035312328,0.206308663698392,0.255560933746265,-0.449181608245458,-0.517264649410713,-0.300106831052754,4.194,0
1054.0,1.16421612040664,0.256008275051794,1.08575468542493,2.31242110768075,-0.0751680117575658,1.16349362681274,-0.60667337948355,0.32080849672577,-0.239962751205829,0.630736004708809,-0.106858502334872,1.07077834276849,1.28688176545748,0.36890455181405724,-1.0427145427603,1.10424359600255,0.4554609884831302,0.536700042761621,-0.120898495438852,-0.0411909003193873,-0.0979337483773614,-0.103846662031049,-0.125748330704186,-0.818072688387645,0.460945519292979,0.0080413344539485,0.0448743038089262,0.0161928612836683,1.8,0
1054.0,-0.819409906121748,0.599213833269535,2.17150522635787,2.22592554315955,0.871883706183944,1.58146521411984,-0.0726127807119267,0.624037391830959,-1.25171325432913,0.213271182092392,0.64964827183485,0.432278839390923,0.742600841852533,1.3615489081587604,1.8789405403233,-0.828606946267953,3.2254741706763226,-1.79085387564851,-2.07142288114777,0.0490135476245874,0.418877836596832,1.23220428212169,0.152596578613215,-0.622317332991089,-0.75310834210635,0.175682773598442,0.215977471805148,0.161463372234561,54.594,0
1055.0,-0.637175742238069,1.44875885471702,2.52616524270388,2.67006434597447,-0.0910958565158126,0.230251615625232,0.375036404965145,0.197265950864257,-1.80859514872556,0.888108985538982,1.56440675143155,0.732580936506003,0.88524458954203,1.8677816075886824,0.679901821541859,0.255050943027808,1.4788309646138267,0.366125416333843,1.02661865712195,0.389769310931236,-0.113912318085792,-0.283419660212381,-0.0769831282862055,0.515284880443023,-0.0844168569946491,0.0107928489111167,0.335426608549689,0.153654822895958,19.116,0
1055.0,-0.13005943460873,0.902067066495203,1.02770174389175,0.319854514259426,0.354715638825061,-0.416394086639551,0.536939473887405,-0.0303845224957902,-0.461501161723588,-0.520121295908911,-0.980264093027387,-0.658730753175687,-0.173013443124206,0.7176645694299815,1.40043283820499,0.419337615076784,1.2707717515871002,0.279241511827043,0.900993227893149,0.0825516442406165,-0.279109806110122,-0.873096105759838,-0.104909201149,-0.523470364628967,-0.0719639417084118,0.231711165462303,-0.0172169323722021,0.0019537545052224,16.416,0
1055.0,-1.04726009686789,-0.414099797861775,3.61440858041644,3.55113731930158,-1.2278800687217,1.49692331226392,-0.210201206636281,0.352444593623956,0.450434270562911,0.233956984488059,-1.69370452252786,-0.518696591749357,-0.86987042749243,0.6625911703145526,-0.964162665127861,-0.652894706016631,2.479622190064008,0.454929584704245,1.27479756783545,0.66936917025067,0.209692108691848,0.788218110424251,0.117977861106115,0.425137134534769,0.209526773225051,0.502738471145693,-0.0678708816865354,-0.0997557976733909,353.394,0
1056.0,-0.409935136011367,1.08513510664522,1.28077611895054,0.0169954791930914,0.303798550449024,-0.527665727060352,0.641580454531208,0.0374275330899962,-0.479461420016395,-0.567585113885482,0.104480251591293,0.30518160734247,0.655143096673511,1.1005435585866925,1.08613566758968,0.0627209129610852,1.6474372986117758,-0.655150338411584,-0.452763839704672,0.125914619834122,-0.227039794753837,-0.531528369598534,0.0134184928153535,0.0380004628794437,-0.213308245953962,0.0997477349953655,0.264674276567847,0.0968004030671733,4.104,0
1057.0,-1.44125823089041,0.674871799482291,2.68548268880808,0.243825732738025,-0.558726027614145,0.764201035100433,0.143655723700867,0.054984949889983,1.55445407493455,0.0633604846818465,-1.622257779116,0.582454928859742,0.56610737153152,-0.051430106915978824,-1.73741762400641,-0.770644340962942,1.4803232858491384,-0.435649361398652,0.900136838295424,0.334172004770727,-0.357497537941898,-0.0517978532384715,-0.462233216559799,-0.0293576819324385,0.418553765928501,0.362261696099198,-0.43294886178327,-0.53198889251359,57.852000000000004,0
1057.0,-0.744589483305653,1.01238660169464,1.31260272381221,-0.733083266006533,1.09219706865012,0.252505894292333,1.3329153973534,-0.669983158405536,0.64834383332511,1.644251069647,0.471910907673344,-0.286236799526322,-0.185634894609575,0.5902409124214296,0.4525070902852,0.418406027142435,0.20454343970143318,0.46102569572556,0.750050632597591,0.770427643376699,-0.579939844862865,-0.711884816674884,-0.282800094081859,-1.06693754363562,0.010560968404112,0.0416859412536276,-0.0728192077043133,-0.590267200699263,23.382,0
1058.0,-0.629947105340633,1.24101079313024,1.29035273475386,0.111234610398752,-0.441852065436305,-1.12883940780396,0.42955781095017,0.242219566383087,-0.76024116106757,-0.712778700971719,-0.221532590076799,0.513810960676065,0.595162204229508,2.1718077180905064,0.64515527330757,0.185563570357148,1.3510328653667698,-0.463285156757589,-0.0911246395241875,-0.140102509459251,-0.0603704089837435,-0.319636562431456,0.147350292200917,0.711307710754344,-0.689641018191042,-0.0381845602850062,-0.0062918493890286,0.103115748666072,11.25,0
1059.0,-0.624419584597279,0.466594523493466,2.71442363125,1.46579415614584,-0.482821799556339,1.27868057664627,0.515820118078594,0.0890280441341088,0.817241200661645,0.236962889236436,0.737417568070614,0.611899849679816,-1.45462887991431,0.9704817707080154,-1.87557170406391,-1.61847495019804,2.405036909934112,-0.56522981281804,1.52272707237971,0.192277267285542,-0.415739380054337,-0.355568944610415,-0.103262036027396,0.198549890155612,-0.20087525658793,-0.465064710129303,0.0015077577866304,-0.290982718742986,122.4,0
1059.0,1.27607703056619,-0.480325175223948,0.646087275903743,-0.432325691291667,-1.32719618933678,-1.31922589704822,-0.310318261123833,-0.340561682116593,-1.05495827247464,0.62338154315015,0.196180249825868,0.639787290708718,1.37530661946492,1.4693754555440446,0.810993850464492,-1.38128020270391,1.5606704816696877,0.550129213217865,-0.98138693452811,-0.335300756940245,-0.41541393419848,-0.772980095863272,0.159585792849514,0.957534081518319,0.0479462733346139,0.863421403381647,-0.0545154373948066,0.0260613991974285,87.174,0
1060.0,-1.93329261908617,0.372676889503348,0.603166650168539,-0.277604520484428,-1.22873684327191,-0.436063817490769,0.509819251194216,0.797888240870143,-0.452184775186458,-1.1942865945575,0.624701911539523,0.882000411478651,-0.751293402299321,2.298756886683846,-1.40281599182637,0.295308916732839,1.6238157710790078,-0.0314096270770149,0.144674388540356,-0.378216408442462,-0.0035801341353793,-0.190195334565344,0.367919795307442,0.571413637718426,-0.159454533038094,0.306409738325046,-0.16290711821585,-0.268754225263463,284.40000000000003,0
1061.0,-0.640140414972381,1.0476243820852,0.744211317805537,0.710021567975669,0.0442959713145568,0.135910593181365,0.194831105943969,0.655156706240058,-0.82310157856909,-0.280891427224694,0.665301341457685,-0.198097719733218,-1.63654145438545,2.783546572004288,0.732356424271052,-0.123292953650337,1.6115263478356092,0.514037304146414,0.489309643999711,-0.195547737280375,0.248750399361794,0.525982175419358,-0.0837964290778719,-0.338865069050952,-0.34437282542465,-0.295197621777066,0.0455893068423885,0.0782211830445327,39.366,0
1062.0,-0.709055701628034,1.13821883035985,1.55088464800102,-0.0534191217407458,-0.154220966484474,-0.629893691290706,0.614390836181893,0.0846693284217051,-0.160146990769019,-0.0384701245417774,0.0559567938000031,-0.102925721057177,-0.522268708241037,1.4552207198700735,1.14447614308733,-0.18532977949044,0.9402983520554707,-0.865091800899299,-0.494947392063283,0.150016477391961,-0.215676909384118,-0.481209997801225,0.0655916200780256,0.364426565369583,-0.274937088409659,0.0870598216475354,0.388866308243341,0.178313198458365,16.182000000000002,0
1064.0,-0.457110799908583,0.580061922020511,2.16752394533271,-0.685630327349464,-1.14903014001713,0.0615001384045329,-1.48121193004432,-2.56318314834487,-0.0328100338752554,-1.37527813295204,-0.334708487530673,0.814592611642793,1.00111214163209,1.3754140289353258,1.06222736047323,1.24589017248988,0.9348952187260672,0.12581319691706,-1.25734412650372,0.695469687780177,-1.08845375749631,0.848251496848678,-0.233580635446308,0.493453881006403,1.06910515734596,1.12948308380054,-0.0491860872662048,0.172375508665291,30.419999999999998,0
1065.0,1.3131710548798,0.0781881724414828,-1.29172230809341,-0.48395851785637,2.14023329558431,3.18120765594,-0.506358829146045,0.805117213736403,-0.073954224465323,-0.216964449291569,0.131562028981373,-0.0281869258857768,0.0112832857523953,1.3410979945726444,1.29988259701944,0.812676839231791,0.7098813501841108,0.166270273438021,0.175492419942652,0.0307180286336136,-0.343276116215879,-1.14798104655472,0.0961514015449647,0.946070434781241,0.370076420232329,0.110731257105077,-0.0216495486989883,0.0234660010155654,1.782,0
1065.0,-2.31090399619465,-0.782595097232852,1.21385711267409,-0.936380858972167,-2.03078048851553,1.15114542104357,2.36337953309133,-0.592590411512867,0.827774549863118,-0.319467021344144,0.836631222472105,0.739579611912364,0.501313094464371,0.5478304272593384,-0.885654550697269,0.869747997482438,-0.011120871906133312,0.137966971478838,0.0983068035401283,-1.17266606095258,-0.524001658656324,0.331994564271722,0.527965049992175,0.136041845404821,-0.12638259126128,0.81630281646296,0.343786443864821,-0.371840873282575,900.0,0
1066.0,-1.82679093644898,-0.114607846969916,2.70714753912656,-0.385146304607022,0.468572602160681,0.190943807941733,0.0796398879933041,0.440311040579766,0.173560804078654,-1.00694985680271,0.825366227865819,0.983309175787734,-0.240911594582613,1.3909390963727883,-1.38753988213046,0.535376618291761,0.6396139249106172,-0.0303640071630774,-1.70954515420882,-0.406917541563425,0.0221800060382332,0.292221563733181,0.332209424346732,-0.0202060613524516,0.61045435357809,-0.623199569082827,0.0334171415493822,-0.0179626225446864,6.3,0
1066.0,-0.11928977858967,-0.0726729813036582,0.954165595877824,-1.74874347049308,-0.629336643172087,-0.26241036629004,-0.107886766141091,-1.04636169874513,-2.7743094092778,1.68959918118969,1.43266429193932,-0.926071766182322,-0.695110434908532,1.3387043350592531,0.0152199742480028,-1.33666164354538,2.5395483784722463,0.0854972509106562,0.527958683217771,-0.411974784298518,0.741758240934863,0.253104853639782,-0.0153190321325746,0.201732074406995,-0.428461587750627,-0.108378367120854,0.046544572190381,-0.0848129248485369,36.0,0
1069.0,0.770361370209299,-0.878471420619687,1.14430373525224,0.382111655908066,-1.57772297522246,-0.765326386991318,-0.288977424422938,-0.141918950083373,0.71640605845584,-0.473005821670914,0.168531006579648,1.19163964741766,1.27722250161006,0.9719226444145836,0.597462893462982,0.172347529306287,1.1916575857720817,-0.532552069586266,-0.199274013361848,0.445231462287332,0.118898766966394,0.0406433348902632,-0.0804201083886419,1.03463059812935,-0.0229649551547324,0.939052159455488,-0.0698706497399399,0.062923228662371,404.982,0
1069.0,-0.621297519964678,-0.565656197108942,2.29076274534245,-1.57901125625027,-0.494838370178948,0.0898228644457327,-0.186945258033267,0.103765497917775,-0.744203041789196,0.127000410835911,1.2186129666625,0.0321000315583614,-0.236583624650707,1.136519792163295,-1.30445165472742,0.766347975872643,2.021742992897982,-1.15428662206411,-0.0511751620411809,0.217801333085871,0.457632161488522,1.41874406088471,-0.145934719203928,0.267753217273424,-0.105539378611927,-0.222345610836619,-0.0395523667256608,-0.10007729082422,90.0,0
1071.0,1.23820923129973,0.29510084410187,0.18952198591837,0.500020407175841,-0.156252198550038,-0.561697692077364,-0.0269820814020862,-0.0333045427887225,-0.19883068704691,-0.111796167652736,1.33241018843567,0.795032307268049,0.160584303066426,1.1736730923507468,0.421556833623286,0.772364139806447,0.724114880177825,0.307783945540289,0.215401765402436,-0.0632953064578106,-0.258471536628764,-0.780555165326445,0.0775695535697454,-0.0380164446718247,0.228845961304941,0.0975358887974869,-0.0274005173648271,0.0170779038090324,1.602,0
1072.0,-0.614237570171267,0.844763775929796,1.4370509406852,-0.247443879506195,0.751802410960321,1.16745985681537,0.432994639531478,0.505112214907432,-0.483187313656869,-0.524890559397616,0.630005031193673,0.554048578112179,0.398309986573696,1.4291220377314389,1.89017705194242,-1.08493619495532,2.1611573720578012,-2.34525879120411,-1.54077108368177,0.0093731344339948,-0.09798709511769,-0.0642793271054077,0.122230956656491,-0.976276487987524,-0.489399169679818,0.198323596028925,0.3362618998715,0.107820417633201,22.464000000000002,0
1072.0,-0.501897735481718,0.200435439184181,1.21741914784466,-0.181981045532082,-0.420186470604642,0.0837276890883811,0.990754962396866,0.0631756572048753,-0.254466332060222,-0.671267910431105,0.586557622581417,0.600517726244245,-0.344149945303056,1.6041022779024499,-1.00315024356587,-0.0640733906098123,1.0476551499938966,0.0926552385332887,0.86915574750138,0.283596872200282,-0.0530729155536269,-0.319245247501877,0.187640295717068,0.0307174212852839,0.0381971084818068,0.460776871833167,-0.0728730014594402,0.0111412728846737,284.40000000000003,0
1072.0,-0.362937188540565,0.280741090454734,1.95177217816698,1.28334949839282,0.119781844652666,1.43211021517237,-0.232213259627679,0.586617421358181,0.496920344926544,-0.451906703924211,-0.181723646073012,0.938822448197632,-0.590435500789182,1.172626566205916,-2.16440132514524,-1.0715485123282,2.028478794474929,-0.342732821847358,1.4986761790475,-0.0302374322028261,-0.31656605878154,-0.527230925292457,-0.0673885918542124,-0.671624725080192,-0.130434849294232,-0.439210590278413,0.137292003738981,0.0379864484146732,19.71,0
1073.0,-1.13395171380332,-0.298663333161299,1.17421093195491,-2.59022624754361,-0.0757216406041933,0.113189644136449,1.25395068152014,-2.4009660869885e-05,0.995003839954958,-2.30927516022207,-1.21142315181481,0.690149035356489,0.546812588668527,1.0723592982569599,-0.198251362536432,-0.857142403142438,1.5074870106067482,-0.528425330577651,0.221357452548776,0.367642507135058,0.0646505820694925,0.0977522346974639,-0.036669810279705,-0.711020146997446,0.882349535721285,-0.0026302215928054,-0.0284529408288487,0.0551723249236345,364.266,0
1074.0,-2.24848758864809,-0.195669756020658,0.0269490168292606,-0.525779538284208,-0.238758987809222,-0.0333587689236326,0.162195819039689,0.928519752935625,-0.424215003846634,-1.13300119774564,-0.529027118185561,0.142246409595426,-0.931194911922073,2.822400578742511,-0.750816416162714,0.919011501115868,0.6317950813798375,0.547430633050991,0.516123573973988,-0.0825622246747597,-0.0322084119500934,-0.745756877135196,-0.243193007850391,-0.821632756721303,-0.0304019970598671,0.335837573486821,-0.286997586835094,-0.243767804624134,284.40000000000003,0
1074.0,-2.44520387893208,-0.505494126719403,0.164511138598915,-0.449657965570802,0.460783925955686,-0.509034851750468,-0.490477677412628,1.06059748240218,-0.385591082863119,-1.05348763095601,-0.55381693982367,0.207330457348793,-0.933946488909369,2.7266589053917603,-0.758697675081433,0.863809337570168,1.1834297129990774,0.559856836753583,0.502849688316415,0.17193688456573,0.0603612157490293,-0.802101268928397,-0.299228824420388,-0.831607666410843,-0.0555182300634994,0.315453951562144,-0.467257248370543,-0.167591102357845,1.8,0
1074.0,-0.295594054694561,1.02274745620402,1.53459334267697,-0.189536288373495,0.417759090577744,-0.545108994127113,0.998967505101632,-0.32771430607107,-0.409307518065002,-0.141326109740068,-0.536793472519296,0.373177682607276,1.36910275553162,1.4031451580854024,0.775206451601374,0.201969427535771,0.76772195477568,-0.371414253999884,0.195513252251312,0.280125412400806,-0.293892551611405,-0.556323903937232,-0.123406907842581,-0.0995324246604995,-0.108294467275813,0.069227456879259,0.107248429674254,-0.103839002325322,16.146,0
1075.0,-1.00538148177702,0.0346184430473839,0.59585440113671,1.33232383129342,-0.321433764465787,1.13384858083086,1.93802418038193,-0.0214976261373633,-0.553668742370403,-0.46646527297279,-1.18185410944717,0.388194503685125,1.18946564665342,1.447940042147194,0.180870981394186,-0.951853258718275,1.164953725424378,-0.394978646225838,0.939359342943679,1.06733702957744,0.148161238657666,0.180382943811596,0.622064808994823,-0.769105565166396,0.215857275895709,-0.186751721943405,0.30360827592157,0.22649158709745,691.398,0
1077.0,-2.09531005627757,0.372402620780014,0.186650990615328,-0.440885717571965,-0.609495017861797,-0.073791793676478,0.923225301692529,0.323543101063517,0.0444892331184369,-0.928567916010519,-1.70350176078104,0.297457121651979,0.534595034165334,2.15378271924886,-0.662783914656175,0.280059941388618,0.6127288155316507,-0.376799018415726,0.2761854153648,-0.463425162824534,-0.209954323797551,-0.373132528410096,0.1786944791007,-0.383663894170911,0.0144569970864876,0.334661663490559,-0.639994237361101,-0.252819767910276,284.40000000000003,0
1077.0,-3.93679406923572,-3.67051900264911,-1.45382049984702,2.29974999413165,-9.74943958984199,6.45641046157446,10.7840876548481,-2.16001589150776,-0.238116043084373,-1.0043984469861,-0.318436576174975,-1.98143510685022,-0.876498835758804,0.3427426924924568,1.13210316063153,1.64344008765784,0.6423145204397647,-0.165444597338851,-0.810784648400554,-2.20367559311281,-0.979104300834913,0.957186171803303,2.44195981198265,0.25060715954121,0.300907905061542,1.15786694354058,1.62428423734445,-1.63864721472208,4413.654,0
1077.0,1.05202670979506,-0.609957194079559,-0.441251653894553,-1.28397269779111,-0.686189613913264,-1.65551428058049,0.477158035708719,-0.442257346055478,1.02899138216573,-1.07020705393786,-0.103401151903281,0.515822107300992,-0.179564190700045,1.4602460136348978,1.52070308411437,-0.719650807866565,1.4174786355185616,-0.272641878175236,0.774246527379195,0.21337893598692,0.0535612952184272,-0.0763976175919261,-0.245453093967109,0.443405991560602,0.638777472063436,-0.0016690089401873,-0.0509190261291472,0.0314567669621809,288.0,0
1078.0,-0.340741875601814,1.14625278785644,1.29425179099061,0.0592412573442893,0.0409428176153125,-0.971109316716288,0.734557206769459,-0.0857164959877131,-0.427314380133243,-0.519495527555982,-0.180265905854542,0.0294244417853766,0.327476286752537,1.5101666526159432,0.871264660513312,0.374583428311347,1.4635284942231865,-0.162116535126059,-0.0910618099785954,0.129881598619948,-0.261043796934655,-0.672912537468794,-0.0148589274818647,0.334235464286916,-0.152375971845468,0.0714437222945894,0.24657188771106,0.0987318337816532,8.748000000000001,0
1078.0,-1.14942312044113,-0.0171610194684547,2.04491290763112,-1.72773617065384,-0.72928667979376,0.190900170395429,-0.0739473805811833,-0.0076797138271419,-0.291318445449485,0.865102933004539,1.31316251779502,0.0459482136212891,-0.161868120828848,0.2821171075512925,-1.25127559186327,0.693438401488941,1.6913365555882967,-1.23674954075455,-0.0619840138713638,0.160203640168508,0.338917208324939,1.44731407475167,-0.325727362337724,0.277068891266215,-0.132445913190918,-0.297371736711902,-0.629239968654869,-0.52101816249735,64.422,0
1079.0,1.3174703157943,-0.0407126802335953,0.0320142265017546,-0.374984857663211,-0.181072278259537,-0.370094008102938,-0.158119293587061,-0.0254679189715202,0.0807088658379447,-0.0132076053952301,0.705436831318405,0.514784909353804,-0.0494644995335595,1.9569323659377058,0.518323102201978,0.702653691006274,0.7251656680603173,0.291956170767629,0.673933520595133,-0.0491336134297206,-0.116096175690308,-0.354174690098655,-0.0649658305275509,-0.442757442090263,0.314107948060199,0.995445808169148,-0.089683801263451,-0.0157526413456712,1.3860000000000001,0
1079.0,-1.69079372120926,-0.57361739308217,1.53647093328811,-0.332694404985349,1.10589637945098,-0.639727388558203,0.677011580155814,0.0260585852215673,-0.172882646603932,-1.11788294950665,-1.59351471664287,0.170991732663583,0.469903280549222,1.5692462781835892,-0.920783445823284,0.213437473854502,1.159673569011236,-0.357036860063843,-0.302216079413151,0.486082483614345,-0.0656119071616056,-0.651773618927378,0.113954856012173,-0.446293057030373,0.736549900915034,0.181707492809054,-0.0996734017227079,0.0741685213811641,264.96,0
1079.0,-1.11472083750621,1.0765148387755,-0.695010284190616,-2.57038922719495,2.31114435251549,2.96251767764303,0.0821768463696743,0.881408662852218,0.472181596161842,0.464360382884367,-0.165456050535874,-0.18781560772552,-0.113456794260042,0.9531411630659608,0.633622675312917,0.743671515366508,0.0014016195885224736,-0.0539128938986142,-0.426552002740088,0.490381614501124,-0.199781597715875,-0.528762101725453,-0.0699453931299034,1.02934040427818,0.0885038073498557,0.782441840403286,0.360887972426921,0.279172739173125,1.368,0
1080.0,-1.36085658987984,-0.0646306472520385,0.249688288954264,-1.97255399247337,0.330231568344162,-2.24708486229762,0.149564922045094,0.19675493026573,0.53659488198571,-1.49130484783618,-0.494394226209494,0.450424218772458,-0.226258513947942,1.892190953782566,1.03193731957047,-0.622536300325746,1.1852039359055881,-0.0980212231837453,0.595669185568886,0.202512722010784,0.162813211894979,0.20638741242416,-0.152613612439133,0.43230494493978,-0.08399465023436,-0.14136345665886,0.251466450088973,-0.0099770513367499,1.8,0
1081.0,1.40569145542104,-1.71745276758538,-0.766012121982486,-2.0961249721926,0.571366209600931,3.90435447633916,-1.81126135132091,0.94127115121874,-1.13476957154706,1.21740168972609,-0.919447526504859,-0.665536568658778,0.239276673002455,0.14189578932437286,-1.13994960503833,-0.799688413286327,1.8223074519608482,0.129440121204143,0.639983832741654,-0.120335117376337,-0.308234566417049,-0.461254462891802,-0.121041083088842,1.02323624847232,0.66626247897381,-0.0809598953660654,0.056200382801816,0.0239624202209221,129.114,0
1082.0,-1.5824467511537,-0.0034593485146027,0.64763864504059,0.348055991281854,0.588688821022621,-0.653230638352419,-0.126393652771519,0.434074166872211,-0.0045678278507914,-0.499210894725115,-1.59841721007836,0.399719272381582,0.670577074806673,1.2052579420780545,-0.379910085520974,-0.0204283204760218,1.458873424965097,-0.2952524065012,0.640874357169874,0.158310998538632,-0.163526059890685,-0.524740383418105,-0.0450224185768233,-0.412762228481422,0.238437142854889,0.280376950880065,-0.0138523045871532,-0.0080959763641985,36.126000000000005,0
1082.0,-0.661220773309871,0.338485862090566,2.1784220216619,0.223378801964164,-0.443082146725118,-0.0811220993737746,0.267818029812042,0.161769091088945,-0.18840824613315,-0.551814052166288,1.04422922324294,1.20315592268535,0.550365661584527,1.298171070043657,-0.958495677821114,-0.0336468314554865,1.5571747592663927,0.376008894250779,0.318156466131167,0.156659152873167,0.283096333841086,0.879150231341661,-0.0811515584624318,0.613355876034291,-0.18430246635775,0.403754163848124,0.098521489272432,0.133891901409752,107.82,0
1082.0,-0.469547140178104,0.984928921136871,1.66669827162805,-0.097519345077033,-0.136474200349823,-0.695895767310979,0.589726228550958,0.0818516796043905,-0.630769535296549,-0.135952045443928,1.43886144992713,0.571661699614637,-0.342590386622034,2.0585913706763255,0.160364772365962,0.347148218742302,0.8153902819260207,0.107317063401029,0.228125532397006,0.0846244398015811,-0.165919718537965,-0.465267250543386,-0.0066260196878077,0.509445451108305,-0.260092893327368,0.0419607891994619,0.260177354979581,0.112315357832328,4.842,0
1083.0,-0.262598220611171,0.116950014896091,0.110179660869986,-1.70301184197964,-0.877087439307739,-1.42743379263909,-0.325978185385275,-3.06502391486004,0.437557149000768,-1.9677043210905,0.195354077901681,0.904303038192986,-0.464480371180526,2.5832860640608963,1.05576287153539,-0.591674703705355,0.8905443961582906,-0.431839685957986,-0.0098176314983566,0.835002606449747,-1.13926102253292,0.454400728112713,-0.158976402840227,0.976100183878629,0.684378733810638,-0.106140952397171,0.0409467221560921,0.279432524925333,288.0,0
1083.0,-3.02111829949255,-0.595966489268927,0.166745111335511,-0.0415472944793701,-0.0210084004310038,-0.647488546250308,0.675283686662701,0.406339494159967,-0.48575995983296,-1.26082444018941,-1.08097670420929,1.84272163632036,3.0995782711588,0.7495673537602932,-0.916800317151012,0.235011979536766,0.7265633244818754,-0.73000470260205,0.257317571191882,-0.709049494661943,-0.26508849332272,-0.0198315011108171,1.15872509407713,-0.0194253682736865,0.344359711720342,0.402242963895753,-0.0427490168380012,-0.284024767828013,284.40000000000003,0
1083.0,1.20509996128074,0.0565770157072399,0.639438754814727,1.69691057335539,-0.410227695204896,0.124169370600625,-0.327655924326383,0.073358598175556,-2.18678172147966,1.62697692515627,1.37915553111056,0.61792519618154,0.534439638890823,1.1529631429194227,-0.217395996715307,-1.0843640378328,0.9934358680575095,0.990152494274623,-1.91448654793209,-0.557988261226333,-0.254341920065039,-0.279413223054346,0.0603081386570411,0.195098617217102,0.338288189338058,0.035953779977509,0.0232942447794825,0.0139364723977665,13.482000000000001,0
1084.0,-0.531207897001209,0.926177035462437,1.22283711621465,0.405713224354837,0.366792617824358,-0.224516108419226,1.22831856316567,0.0188286267771652,-1.16714236218454,-0.395855246594273,1.69539857159493,0.931421293716357,0.00025441042241,2.153844246902799,0.0379569856456721,-0.318196945520374,1.1013937722881235,-0.526283243762472,-0.0949380966415051,0.05548281740338,-0.136437479329613,-0.572324652300918,0.156702291447895,0.158179616671905,-0.0943108875984916,-0.739776186400467,0.0418639319266799,0.0564540278831544,135.144,0
1084.0,-0.327425985929599,0.377345935925915,1.0445636622512,-0.821648527537892,-0.938043828967944,-0.416147929538984,2.08251321939511,-0.958190627065638,-1.46667113336878,0.792564609110379,-0.399235085739746,-0.667212411879361,0.10350794527141,1.1065903620087023,0.497426811592558,-1.69717579610246,1.160058542506068,0.597222064344425,-0.487306869570324,-0.450601759534316,-0.77460702569163,-1.40209662885107,0.0377592401984549,0.334190031884186,-0.311227214157908,0.0544312927910291,-0.448106411253421,-0.465675338861511,413.82,0
1085.0,0.985940258825313,-0.294684676248109,1.13331313911501,1.47409623464296,-1.06553477165824,-0.234096585887794,-0.457073363292115,0.0621740847402219,0.754896552637777,-0.113641664732229,-0.766299141086359,0.161296344149038,-0.215406217422373,1.4619539815365314,0.629698865958725,0.311413789513119,1.1118393635850141,0.260164440273489,-0.51317337259277,0.0353866158530056,0.176458341383903,0.455916134873405,-0.166384656722256,0.410243241828992,0.460742792608003,-0.251660652030754,0.0480131542856288,0.0515774002820456,178.20000000000002,0
1089.0,-0.445401274921161,0.363009527707994,2.12581807886899,0.948796492120675,-0.185690339675679,1.23578688418183,-0.01215637441676,0.580143495770966,0.586378132165425,-0.663883341856328,-0.0088530566240391,0.776147221971735,-1.25641253454228,1.2090057739258842,-2.49376884307386,-0.899072666773267,1.8740767222964578,-0.470749264450363,0.731181712291646,-0.1613463461113,-0.315985406073163,-0.573017691077239,-0.0528876751705367,-0.335064621350728,-0.0183973528425306,-0.543930416774156,0.101261361967809,0.0192050403822546,43.146,0
1090.0,-0.547201817545711,0.641339948183964,1.9045564266926,1.41904240774334,0.19197710802898,0.0033810623660568,1.04865140304603,-0.224974505880004,-0.495255294122039,-0.218095517925765,-0.103867216580866,0.537769893757591,0.533982472534992,1.2590284570157646,0.188652382263933,-1.41888324052982,2.439728448577921,-0.870585593769777,0.647972590716835,0.306577088509452,0.0183790458763688,0.34078548389211,-0.0568758989728309,0.428364042035292,0.111533108250494,-0.244160690744587,-0.0369646126235545,-0.0997489318897743,140.454,0
1091.0,0.954809186945077,-0.538591119459282,0.310235593074878,0.643465214116679,-0.838892609581689,-0.758948716552596,0.0986307920077475,-0.144513715815442,0.670701864761547,-0.329177963845717,-0.76448112089121,0.0617892965732775,-0.828270532870007,1.8443467714373831,-0.0419010960600287,-0.250586682829958,1.4254895759594892,-0.631653248893978,0.30999442027964,0.149023877145693,-0.159016434884725,-0.655123323097905,-0.102560674552005,0.412359247820402,0.3237426212597,0.489397867782437,-0.0737314774782698,0.0333549740355632,284.40000000000003,0
1092.0,-0.627985094606432,1.00892598933288,0.344096918133652,-0.29481346939128,2.26522249678059,0.425442868411052,0.979725890937979,-0.0177792704854081,-0.772064362095679,-1.04140368335049,0.480523007667925,0.185040277307524,0.860524232650218,-0.15422932924349952,0.0538950402983955,1.02667460712993,1.1351622348063413,1.17187439172022,-0.585800348761059,0.115207196753701,-0.0307069452807877,0.0458941422134187,-0.527148037754874,-1.83195258734541,0.401044694319797,-0.403385750772501,-0.0468052404459699,-0.0971878427171527,1.8,0
1093.0,0.934036220355022,-0.684586884938963,0.167416075069975,0.460866026028745,-0.724613563655244,-0.269182489412256,-0.0933148890233299,0.0929610566824492,0.613726393563644,-0.124925383629314,0.440464938699583,0.0078929807497254,-2.04945380808576,2.189754134183842,-0.586873566208042,0.0968425568876275,1.4711636728546176,0.116568024645195,0.729930033099803,0.0946970230902505,-0.142453874985692,-0.701147320247909,-0.140067652606264,0.0156544223651186,0.296839783771756,0.495396267229073,-0.085870075591306,0.0174581995669475,284.40000000000003,0
1093.0,-0.490166189514055,0.385408562845978,1.14530663614035,-1.94192400392506,-0.18928989191476,-0.448938325169466,1.85896167476157,-0.743594011033954,0.229978316686308,-0.807857064712791,1.4992182401309,0.689423450964347,0.153941433519929,1.3849857050138246,1.09772840797917,-0.965343806299861,0.6883801149146254,0.463811180792698,2.12451661240937,0.280792295557825,-0.0455728748680615,0.283173934887268,-0.424794343475392,0.0710037088765555,0.50715453537314,0.0830346175536486,-0.358280691890928,-0.443720041404847,288.0,0
1094.0,-0.523312686083288,0.781319413677732,1.84751059455454,1.27410391874802,-0.457849603508149,-0.609284322471617,0.54148847093381,-0.0679744507831294,0.0404940573405265,-0.302147212333609,-0.585996624830318,0.0411247136265945,-0.736854363769267,1.3670401744867784,-0.276466766979919,-0.956308622451369,2.0928680066725205,-0.233319337657852,0.642319107083988,-0.113886899106923,0.0971040182584772,0.514766034017336,-0.0273666728886854,0.928275379516369,-0.205462355940423,-0.320205035896793,0.0760050466027363,0.141885016999891,38.322,0
1094.0,-0.81268233481681,1.17617625205365,1.02212760274797,0.0931925988867326,-0.153166507393613,-1.0513249846049,0.498657097128036,0.131554207199096,-0.246541213512775,-0.392243808397117,-0.36883870316844,-0.341028625539814,-0.455794649314691,1.3208038799435993,0.969704166546768,0.446888010448302,1.6265937710968954,-0.0534499222225895,-0.0722271513627967,0.0018847915910023,-0.272666022148273,-0.715127344570451,0.128825914710654,0.308363867030927,-0.165969222803021,0.0403563128677372,-0.164067730038512,-0.205525292376557,17.226000000000003,0
1095.0,1.44150499476592,-1.09869149461169,0.452027324987557,-1.50681250704955,-1.4471845125561,-0.469824913560444,-1.05563507357841,-0.0316053249495612,-2.01634671023822,1.57859040736522,0.941338955545835,-0.388036787701729,0.188022266398548,1.664016246861028,-0.012682535626679,0.0272906804672749,1.5858163567008028,0.397993483150081,0.262271521308825,-0.274595953664815,-0.414749797802543,-0.955425479803917,0.141604423729626,-0.0592451712803603,0.116186215247259,-0.47780321025573,0.0252289824810092,0.0184331806142714,68.13000000000001,0
1095.0,1.4489539044818,-1.10773444537832,-0.504074083339277,-1.78956043630878,-0.439034965215192,0.320200621119756,-0.718289655288947,0.0292053120331854,-2.25559286588528,1.55399091866648,0.2818616706122,-0.645361142906701,0.24085198634305,1.5103132627571854,0.051910299964496,-0.250023497338781,2.1516218534849956,-0.036292727040943,0.463976020276256,-0.232117506801219,-0.547980358516008,-1.37657639080232,0.0175579939811575,-1.42283612762217,0.285240990738376,-0.435832628017902,0.0087158156919385,8.62448494934214e-05,116.892,0
1095.0,1.3173167405381,-0.0304166831285991,-1.08887420957644,-0.557891572888897,2.03090758398803,3.26777335810845,-0.536307538382075,0.808507056702977,-0.0526074300105419,0.0016098608293766,-0.0286231138293639,0.0736157381871928,0.0411083258287644,2.081626530056934,1.24515198854109,0.640236936918507,0.4030719123284646,-0.0689009379979755,0.255583870795422,0.0149360585081709,-0.31390731697027,-1.06841186785593,0.10466919151745,0.992074915285032,0.369761663773935,0.110479134339301,-0.0281150089500041,0.0116639301385116,1.782,0
1096.0,0.978872043244547,-0.0576218189442044,0.274981426325633,1.24768680193703,0.414369117771783,1.38565669373785,-0.193881036272114,0.467841917369946,0.347791233453333,-0.267920184044782,0.113949549273719,0.561039502264865,-0.663676426562945,1.6787754459725093,0.799637392117148,-1.66970434731714,3.3335222723003235,-2.40805211257021,-1.56199681842414,-0.281285662438474,-0.0024204168403374,0.272977586285153,0.0218212473010579,-0.959210581558321,0.397656688605865,-0.21430590084197,0.0875093551244133,0.0074257150759672,54.594,0
1096.0,-1.2539480103721,0.208496770172961,0.361462329244996,-2.34520894664806,0.601112584498428,-1.46332086788379,0.620867405846867,-0.244638370857611,0.675705022718385,-0.670497669720286,1.20104281149735,1.07206690435793,0.149730932438261,1.794160082584684,0.394541084172344,-0.504933827535072,0.8354307065777882,0.329863291325497,1.0511864476403,-0.0338054136955707,0.0014623549401254,0.367976093398123,-0.605768604225412,0.0842604033564596,-0.195884393550111,-0.214389537153994,-0.203661689160182,-0.525916014822376,1.8,0
1097.0,0.713219470004863,-0.441049981652179,0.0210676615576499,1.43009725434858,-0.251479663384929,-0.110928626498427,0.426310624337889,-0.0169462640342752,-0.235538508205908,0.0200509929392785,1.44948310233429,1.11471314776038,-0.321626602126713,2.3036916094790367,-0.436864880897633,-0.499087162970318,1.1186144559488393,-0.403012269410467,-0.345330664914084,0.248359227577773,0.190290010129827,0.202380512713669,-0.298360036338469,0.2489072803462,0.624893274184021,-0.284209972335523,-0.0200718719798727,0.0404226628572867,403.2,0
1097.0,-1.45394010376757,-0.654310613648384,2.62122153711421,0.683138942492363,1.03551747799205,0.935950332679052,-0.131481826494784,0.474140133109912,0.549893692905079,-0.760000006136896,0.713507978701044,1.61045726055405,-0.148974700540242,0.012798892607451262,-2.77052093941653,-1.20822984933033,1.9721142152312865,-1.2446682335797,-0.440867468728983,0.18753659863871,-0.194862668132301,-0.326458033630571,0.15021262855376,-0.303973126280456,-0.0084526709801892,-0.681771543310211,-0.0391375287522284,-0.10030910654512,100.692,0
1097.0,0.483432450979635,-1.5337618178831,0.618800885577739,-0.49125029619094,-1.57026664874861,-0.450331371182847,-0.171665840134837,-0.039912154083357,1.42195479348034,-1.09455385536388,1.54335960744729,1.90140663268163,0.713683345217524,1.0644929808570198,0.526406043456609,-0.311235425917584,0.8122917637666395,0.758135372095379,0.561851886628281,0.676298493793602,0.432929752568885,0.696580926823278,-0.451251623057519,0.613066002448347,0.45938171350245,-0.602441488401425,0.027399515975174,0.0901329201627673,660.96,0
1098.0,-0.620729754569926,1.11294880933744,-0.662729618114887,-1.07546089707683,2.23561239005912,3.21148644542111,-0.247614018620122,1.36295141102614,-0.671162912080557,-0.667411473511216,-0.157933709395089,-0.171057320865906,-0.0172381040304363,1.1126146299800073,1.05851441990863,0.837043429037695,0.960558064230703,0.361612051307242,0.278181037322748,0.113283666521559,-0.277810997332991,-1.01701133675363,0.0005705661813955,0.934905236954321,0.01683991924904,0.0905643051322342,0.122614001914419,0.0279845740456737,2.322,0
1099.0,0.96685428878092,-0.643614355743546,-0.431147954841051,-1.4593684956228,-0.359067448424676,-0.837052853747865,0.357670794389542,-0.207699941777349,0.628853134233445,-0.972029001695396,1.96788624832571,1.76964001209296,0.620989717054661,1.4059485211893294,0.973172169850884,-0.857179432133185,1.5776530655142997,-0.336117251795594,0.700487865454186,0.250757134275249,0.143076515627476,0.22395103950398,-0.239627295103455,0.100548154016968,0.56686780236032,0.0077338626415906,-0.0323452673005615,0.0197778911686761,288.0,0
1102.0,-1.44602901089397,-0.0982878089160249,0.259791988007766,-2.14794979030506,0.657353733832749,-1.428623435465,0.0300776807259166,0.431312334543858,0.136456634053427,-1.39312679559372,1.5768931740195,1.70424212356443,0.574295393806763,2.108936441856824,0.484406405306981,-0.760064924592366,1.6782442850260486,-0.161496596804104,0.521910523643878,0.239890920299114,0.252328432304028,0.506736069520067,-0.14678781357548,0.0894471073961456,-0.155904319937476,-0.131960585077082,0.270040208917559,-0.0216559271302547,1.8,0
1103.0,-1.30772137590653,-5.13787375062008,-0.769016963515676,-0.910737701402713,-2.80855178421616,-0.39018513901712,1.04524036910928,-0.496871233107722,0.0190714782099438,-0.947608530959811,0.450449687923974,1.28881908423517,1.93357398166823,1.7849515340871562,2.07545310826381,-1.91672359931138,1.6376278389943635,0.91512633991845,-1.10355864913975,2.36174521540002,0.462879366078915,-1.11435105086378,-1.02625512231148,0.491488025439658,-0.405213727936898,-0.223175325801364,-0.18637176146716,0.270760853911988,2477.034,0
1103.0,-0.846193832531308,0.675795149783855,2.86933219248253,1.05360345227766,-1.28046619337715,0.322660156000928,1.43699226251323,-0.630369624742743,0.099638043773721,-0.054900474823506,0.154944260677712,0.577476956161311,1.26863425214834,0.3579825694635974,0.784689563396797,-0.450760767319401,1.5557241502801742,0.072836383633769,0.256099780638109,0.120153951470388,0.102383692684961,0.940753649900483,-0.3625899193678,0.993945858444566,0.248993347457842,-0.23755479243821,-0.326676559179823,-0.403593292704303,384.966,0
1104.0,-0.423703849876215,0.781511297868078,0.777092317594156,0.680119168578565,0.776653788998222,1.65000548865373,1.19864630654403,-0.0504433338169507,0.236451053028149,0.765075421777556,-0.502256637104945,-0.701779693189264,-1.42550188767144,1.4610240061469024,-0.108702243259625,-0.598780242853466,1.449136778596094,0.49732191474271,1.64156050893659,0.380927588693866,-0.257799865458568,-0.0194793100801794,-0.370074938481452,-1.72623145703995,0.0727507844297547,-0.179414134021697,0.237071374308817,-0.238669360890492,192.186,0
1105.0,1.38634965411255,-1.4043097889373,1.33137522952669,-1.26456926672347,-2.32363192506457,-0.465503665674178,-1.70164546239382,0.0273307162360496,-1.19383640797767,1.38029083412344,-0.615309965888739,-1.04656131263528,0.460927325167268,1.1044759690024777,1.19445795004171,0.216568275822203,2.1500963086929135,0.745857075551009,-0.668680552916457,-0.239868984073198,0.0942434142893283,0.604955219089038,-0.0320200890794644,0.388277784882867,0.182328102694449,-0.0443921626853899,0.0747166695419389,0.044422995355931,92.7,0
1105.0,1.18135860076904,0.161196279833335,0.475706180982604,0.741953395559346,-0.585735879230405,-1.17462013445884,0.165933578607916,-0.29707576124564,-0.0509981072814781,-0.0664991328756412,0.074927427520624,0.662784634008729,0.75260753113287,2.059102259972623,0.894136001998633,0.0653960008777019,1.3516573281888646,-0.428353353500999,-0.38872818109133,-0.0032239627583544,0.0917700339709624,0.270203582369357,-0.0736969359393911,0.777162648491061,0.489675216230285,0.403121620961665,-0.036563023405834,0.0214485612742342,65.322,0
1106.0,-0.268257931070314,0.0847274862658622,-0.128593987906794,-1.87952196099539,-0.399191260111016,-0.65129789396951,-0.385768886423435,-2.91787568839353,0.407321937717086,-2.0231542910072,0.0132865890304324,1.03682619213845,0.0251945111578723,2.3934617325007252,1.29993604975188,-0.749404756565526,2.1121263851430436,-0.759421279506285,-0.171185048221914,0.846587876191768,-1.14163140626535,0.506250961053353,-0.200738623620629,0.130981196220789,0.696141980366915,-0.0442912723213564,0.0595523339243116,0.271403196337722,288.0,0
1108.0,-0.419220980751123,0.477462957567053,0.504234164552213,-2.03785052483281,-0.446251371651678,-0.704083225779462,1.53916556093889,-0.385699327191512,0.34508562090493,-1.51077852075786,0.171293123921957,0.81761221102104,0.821573412608294,2.0821430448348854,1.45306412370797,-1.12282816755782,1.1129963187428837,-0.70859823850849,0.584975566775907,0.0003240496451059,0.0790917133754891,0.375837121268356,-0.123632670185794,0.162759043119809,0.234021447087774,-0.0099638917678305,-0.0439653993604634,-0.0318015824283505,288.0,0
1109.0,-1.78849393186735,0.634209984162861,-0.117675295942498,-2.05162953221438,0.171223517465142,-1.1176751790782,-0.930621676950805,-2.33956658186071,0.209792914863184,-2.0239605853403,-0.250068381492938,1.06759530482361,0.0879299337431547,2.591290808042933,1.15261281845056,-0.745748643080777,1.8138563409265394,-0.612617391260119,0.089932751110591,0.525401539895142,-1.15876221303166,0.782602926253553,-0.156990096588367,0.137680780727434,-0.246488497278033,-0.122606825225134,0.352727067405781,-0.0249135379165677,1.8,0
1111.0,-1.45922120805368,0.441102379232047,0.143234083351899,-2.14485089820051,0.332574101361098,-1.54176564155417,0.300569427089274,0.127590852113769,0.515113582711471,-1.32856324279763,-0.0493017950257064,1.10370363002611,0.860547770107633,1.7168935951474664,1.19133693644056,-0.954458968052468,1.4624178711733682,-0.747597737675388,0.265834673941186,-0.190585432649627,0.109108513002334,0.431181239001084,-0.454747506626874,0.191105838004908,-0.208351986722289,-0.133664325080223,0.151610120359943,-0.0732276921070291,1.8,0
1111.0,1.13269098263307,-0.099536087701131,1.00670238004122,0.526096748316133,-0.753367814646401,-0.169312526851501,-0.489722347275771,0.072850946374742,0.410196391349701,-0.172782504015745,-0.0224811141500256,0.570367416518378,0.718817381772089,1.2218849332368655,1.59769303222793,0.343131216334991,1.2119142573732067,-0.50848598244386,-0.742834088800644,-0.0275425512814162,0.0441395771405449,0.152924223997508,0.0648587655797062,0.126463315068562,0.0882051520130353,0.416720701982732,0.0089079262510561,0.0284018032872957,53.172,0
1112.0,1.31107401452993,-1.57119489974543,1.58625752928001,-1.19382645169191,-2.49570250754839,-0.0298251525731575,-1.94373202783442,0.244022969657558,-1.13043068288248,1.45653755630176,0.984479914022577,-0.233459375741637,0.0683274745233032,0.31197661771782614,-0.254354431698172,0.0610276663408575,1.6390974059627759,1.05787248254742,-0.236416874332256,-0.264067643867832,0.114229062680819,0.739806852505745,-0.037652003777539,0.552769668407275,0.17409432835187,-0.0389766995240444,0.0822485397229642,0.0351660780386394,90.0,0
1113.0,-0.686024673750441,0.980972434031373,1.60706933585096,-0.153640594354166,0.128109052332947,-0.218427180315454,0.558362566141436,0.138686893628917,-0.678883538458685,-0.0925500071553226,1.79852237375221,1.06058597495819,0.405929451423773,1.4740217294397082,0.340722906719093,0.0105687459823832,1.1205096855899543,-0.439957757339782,-0.126946531553774,0.0779609259353063,-0.116566484411394,-0.283227413716776,0.0821632516651763,0.216998892430121,-0.303270368414683,0.0587980715770323,0.155135857104764,0.101100347328709,11.448,0
1114.0,-1.89660909080384,-0.874932291434351,2.1717070787695,-0.295549942504635,1.12040662931813,0.995729388219279,0.0735230491034562,-1.39383062663389,1.67216149119107,0.719138955077571,-1.51824955489942,-0.652741948490748,-0.254722560180701,-0.1929887795231986,0.582556477230586,-0.649260579374889,1.892287447408632,-0.483300209987628,1.59466818306207,-0.116075030953971,0.13959659480996,-0.629399942401919,-0.210825922731548,-1.24852463741965,0.107218124785061,1.08708875749889,-0.754107274930395,-0.335591929966096,95.436,0
1114.0,1.03284441900694,-0.676285485345454,-0.565768685432774,-1.47990373452307,-0.467995985420888,-1.13313693145028,0.359861643428369,-0.266779433780934,0.805647128837326,-0.89835727801726,1.2798570531404,1.04529791630645,-0.295022836806881,2.4964743510307774,0.855438101896834,-0.420762208894176,1.0649510255536585,0.343778273318661,1.19091128510918,0.230131443097632,0.0820852313009341,-0.0340675458334515,-0.297580145865569,0.0658103679828285,0.650702289890343,0.0013185250000744,-0.0558564761835241,0.0178180503806456,288.0,0
1114.0,-1.13296221681558,0.204704477622987,1.58858077572567,0.0796639470444021,0.388785014009114,0.118162169828584,1.37855368942132,-0.388088977443797,-0.196164555850159,-0.545504836499898,-1.24583262821686,0.294085712598082,1.16699688547472,1.312242959440355,-0.327614852111139,-0.25115429848021,1.2093267592100692,-0.395011449923591,0.815431996868157,0.0979245923321514,-0.295344476331834,-0.386966883716425,0.0859628868891442,-0.399686987869461,0.605356319521571,0.329543799930444,-0.166339698230643,-0.238388098575171,243.342,0
1117.0,0.956173274461685,-0.403827156327653,0.348913107459137,0.625389032002375,-0.67287793081139,-0.714690640204273,0.22483706701019,-0.250195178990879,0.389037931834966,-0.383813994871279,-0.447247345638096,1.05112109706607,1.03194052862254,0.8314473223183199,-0.24599814061489,-0.337845404596636,1.4523133389290788,-0.859878793684682,0.297435039599651,0.268208558841848,-0.137628519232841,-0.502776287631913,-0.124888701819662,0.463290214676627,0.386683870509233,0.483164168561214,-0.0615708240000408,0.0373501088827994,284.40000000000003,0
1117.0,1.24098475926299,0.0965458052537391,0.369955796409373,0.440567965805626,-0.381717355128223,-0.513027877651275,-0.139827663401366,0.038642872772814,0.0104029522404568,0.143286256490567,0.962079322865351,0.238554129482517,-1.05004198251792,2.3001357072553286,0.50197318029351,0.657269248606868,0.806430564896866,0.223725365673804,0.303201800853565,-0.158918744276395,-0.243118436199704,-0.801325154576429,0.100349839030052,-0.0386745350605746,0.186048091864666,0.10199577164108,-0.0418964166060907,0.0025105812404125,1.782,0
1117.0,-1.38003888066795,-0.130958938517933,0.125171257416043,-2.16848502920532,0.548425196836538,-1.72470751316741,0.0322685297647427,0.372232842540274,0.313250628657309,-1.31945507191558,0.888863978834186,0.979900027777913,-0.341717160054779,2.1496180802294926,0.366672337352931,-0.323647701353357,1.1706985515319526,0.518398928310151,1.01233394329887,0.219265229121497,0.191337147977486,0.248717484182635,-0.204740664337593,0.054709321362006,-0.0720698324074531,-0.138375922718598,0.246529000034596,-0.0236157679182852,1.8,0
1120.0,1.38018338673393,-1.16258455357591,0.549074278273428,-1.55928572219478,-1.30302010617073,0.0889484749089617,-1.19636369105606,0.0995544705152166,-2.04693597065753,1.51282166560483,1.26962949901927,0.0439314280286127,0.903046858518712,1.3915041773928636,0.288657140542565,-0.204054209968697,1.9452400978022109,0.0252081568669486,-0.197028176182086,-0.244304462588384,-0.287749148662721,-0.526797590519169,0.12410467212389,-0.340928822909727,0.0751541294304856,-0.382449876647081,0.0521367903793681,0.0192356392503693,79.2,0
1121.0,1.41001169032371,-1.35406119469703,1.05323147630549,-1.23461795302723,-1.74696998409226,0.330006270223235,-1.60655432844281,0.159225575776965,-1.07510625691474,1.19065785980069,-0.918683727235023,-0.467322182577227,0.894092075716772,0.4265521017730418,0.0018691539219202,-0.688621440350759,2.702528500678488,-0.32948219295308,-0.310990892854574,-0.305190286961736,-0.225977233198838,-0.0511586761667063,0.0356765355690182,-0.273576518575403,0.232299687141039,-0.146317755930317,0.0953261235779173,0.0287194427863334,46.800000000000004,0
1121.0,1.27457065326024,0.168606195347523,0.18498824034248,0.312284599481439,-0.0292617390320802,-0.19729469782555,-0.0649378934106098,9.31026731653287e-05,-0.142639925442787,0.107119113888464,0.72613846129568,0.73103073918875,0.273474243798641,1.357405365286456,0.403066775306023,0.745127507976673,1.025785679663509,0.235319594064238,0.482687237698423,-0.0609281119946806,-0.260965945992325,-0.792773787752374,0.0226395960511148,-0.504989744928358,0.294043463008122,0.128688888296162,-0.0347159757129787,0.0003243076827804,4.104,0
1121.0,-1.10098641587307,-0.956244940665737,1.0973308698477,-0.254793777855812,1.13844513095926,5.21400080281861,0.390728359584874,1.08560322864932,1.07115113516292,-1.04549035551782,-1.42198626018721,0.132290129800073,-0.393156253308358,0.5329932172984855,-2.01304739069701,-0.06989933547931,1.033398177305429,0.430922994178443,-0.0496726406729803,0.707027703958008,0.121045327032365,0.227538294648179,0.433729650927005,0.994242213556492,0.258169390542886,-0.430145447093517,-0.0722318254645667,-0.059293573748008,572.4,0
1122.0,-0.385697529127667,0.973796700311222,0.121608320580862,0.410622548023469,1.14275635533798,0.915548304144207,0.337593912055232,0.352720750412847,-0.753288431553057,0.0693383844421682,-0.0123327191278771,0.68049535953271,1.19575982266147,1.6331917253919406,0.604389716690039,0.126142344722439,0.8690407058686626,0.584725856428282,0.941558694757982,-0.0258770340945491,0.100952435100044,0.444620744068476,-0.169457199301114,-1.67762544693377,0.0198109055029678,-0.246532917551212,-0.303290511636092,-0.290277330055203,5.976,0
1124.0,1.03203411266583,-0.690951241587603,-0.564274573500684,-1.47423665650824,-0.494574185482766,-1.14967304258191,0.347016477278474,-0.257222425798947,0.836794200486756,-0.892142989660463,1.25079000385908,0.93809101950712,-0.503730068116337,2.1371284337141065,0.876858287773035,-0.413491570588933,0.785308492344186,0.366356624214146,1.18958850458611,0.216074340609334,0.0802475868638125,-0.0487538651441414,-0.294939644881654,0.0529737033368722,0.642458686529793,0.0022364403658661,-0.0571095193229164,0.0173096209899809,288.0,0
1124.0,0.825068557508827,-1.28660346590086,0.600839023894839,-1.34237126591688,-1.19227420662731,0.370952846989873,-0.796028275966401,0.397545068221894,1.86349973982558,-1.12788020737411,1.53136977987236,0.913763547021967,-1.33995081169692,1.496326973643441,1.30821444139769,-0.744869111682905,1.7886247933931987,-0.0186155027456779,0.205222133550112,0.114562197325679,0.306122389801327,0.752303382069724,-0.186406379994746,-0.226947412712055,0.209113804259792,0.12477860505292,0.0369462869585024,0.0323525677190534,300.762,0
1124.0,-1.10249088427075,1.35543491312433,2.11898111923054,0.242653592540008,0.685721128289143,0.468232138004424,1.1309349211604,-0.675945060150491,0.0413377819783889,1.30481652947173,1.06936484552217,0.501804842261991,1.00347310315267,0.49367697616987427,0.812404418405943,0.0239573385426779,0.5461553912004466,0.568034517818272,1.11973399408857,0.439737422401477,-0.310349189880524,-0.28456611387034,-0.399065623853863,-0.519518165314473,0.134753872160395,-0.644480652535839,-1.27359842517057,-1.05759464036208,18.828000000000003,0
1125.0,1.13930689476002,0.519481137023942,0.580852933406887,2.30351247222888,0.0396630299524026,-0.0090203938490255,0.0630253882099972,0.0243277419117993,-1.03133770204438,0.837505976718997,0.947362786175872,0.716314949516309,0.453491082019146,2.0010159466338773,-0.180398853802928,0.99173002696132,0.7230107455617059,0.250323649678885,-0.600647358444776,-0.0697257559500127,-0.0282025418027114,-0.175014971871508,-0.0489415618167424,0.0012708346970469,0.444293362946976,-0.0745404316588599,-0.0132179378686812,0.0147947711919706,35.082,0
1127.0,-1.38084918700906,-0.145624694760083,0.126665369348133,-2.1628179511905,0.52184699677466,-1.74124362429904,0.0194233636148482,0.381789850522261,0.344397700306738,-1.31324078355879,0.859796929552868,0.872693130978586,-0.550424391364234,2.4469076197048083,0.388092523229132,-0.316377063048114,1.2470773478597301,0.540977279205636,1.0110111627758,0.205208126633198,0.189499503540364,0.234031164871945,-0.202100163353679,0.0418726567160497,-0.0803134357680031,-0.137458007352806,0.245275956895204,-0.0241241973089499,1.8,0
1128.0,-0.620216467835168,-1.59054440436212,0.966804139958654,-1.61638806411429,-0.494387613440212,0.658022357081615,-0.619664781495864,0.16875637937698,-2.49768505617053,1.31362790161771,-0.427576361952532,-1.02195950604658,1.10821468327721,1.1729765229152993,0.566589883622897,0.0721949319453839,1.6074369627517837,1.73197720563975,1.57503251976933,0.518073048470055,0.162380264931491,0.371367819051274,0.257494234498081,-1.41826346683784,-0.209190501524757,0.0428503505036092,0.112431932626955,0.158386744062862,356.40000000000003,0
1128.0,-0.964001427425279,-0.332883100040396,1.48616460298376,-1.81031423130277,-0.0503752911229418,-0.7196182288607,0.332256158005519,0.0283389246930544,-1.69772569653324,0.0357800185996331,0.790987128157948,-0.812500665410959,-0.807645229504418,1.7582134760664732,-0.475311798556252,1.46494449353908,1.4130817528396746,-0.544591588150689,0.461321584389875,0.322128647089112,0.360062572029198,0.55211450297731,-0.198206013041204,0.0064215918627432,0.675127144949504,-0.192832580101956,-0.0397859537745018,0.0494130097978339,157.95000000000002,0
1129.0,1.37809773551562,-0.700625946169936,-0.0879919042170977,-0.682125793229289,-0.846294957691219,-0.633675393223672,-0.521899619760572,0.0004662136160134,-0.646580394807666,0.813181237565311,0.518998378606385,-1.13863664969276,-2.3316282304557,2.336098646843428,-0.653367420865818,0.926571429319241,2.2441648390247804,-0.775122057545178,1.23910497148511,-0.0535104525842666,0.161948319514244,0.345533208217208,-0.201013374799316,0.0051677975785129,0.719524938086046,-0.0562856888776748,-0.0311982370929965,-0.0121600026855295,43.2,0
1129.0,-0.403357666993873,0.307439274134027,1.88684680913097,0.901239981928855,-0.332365835523561,-0.261843192652132,0.706181868734817,-0.103885111803992,0.070527914182495,-0.206829794252936,-0.230252528257731,-0.535518750319524,-1.67109360275607,1.4725530329186984,0.50635741297993,-1.22326467829958,2.4388903998949782,-0.847807417421582,0.782220066772765,0.157011740175703,-0.0762180799156963,-0.0315937734663339,0.154255949607206,0.597103838853032,-0.554755269569143,0.311923574693222,-0.0576219842744388,-0.0777439942654246,128.106,0
1131.0,-1.89175508544327,0.437073113725777,-0.647574880137467,-2.21637910545604,-0.966402557609453,-1.07365859333801,0.786395088515876,0.645644736253407,0.284754055809929,-1.40419300858304,0.766467280774984,0.933587520415158,-0.458370873984562,2.2451406796522906,0.38702035106851,-0.11151552468632,1.1822598513201876,0.5769413531976,0.993419037952328,-0.0306759485474745,0.0904274311865191,0.297601434321067,0.248755628406615,0.0351468162786945,0.0925177667244857,-0.109496703589653,0.381822068608081,-0.13051369101578,288.0,0
1131.0,-0.441959382756902,1.08086775855429,1.41092484899153,0.0966930465525163,0.135220552903056,-0.706547416396172,0.666114013712854,0.0136064544093922,-0.507650519973325,-0.573053782776679,0.40027099617552,0.425816741330187,0.62593346130608,1.3249448678110398,1.05976026798258,-0.0325146758827131,1.973220777835362,-0.762700470504163,-0.576865077184825,0.128156379124433,-0.2023240605137,-0.469792019213195,0.0651066517471134,0.364270759017569,-0.253784507875396,0.0793101650540694,0.263524156483208,0.100546259438459,12.870000000000001,0
1132.0,-1.23097326555157,1.09094972634304,-0.893140966375383,-2.44125315629871,2.0579408733891,2.99587628269044,-0.254016560940507,1.13017282045054,-6.36993873018576e-05,-0.247953203005133,-0.350955200176392,-0.0611681061185768,-0.0442371899369877,1.7184521447117347,0.576485338617283,0.876504607305919,-0.3764665374551007,0.0035293588958859,-0.329760538198826,-0.0530547395579869,0.0071956242609758,-0.473635287178956,0.0023782543823001,1.03539899481807,-0.0833198034067187,0.719402301400435,-0.634368343492774,0.0295182506687621,0.684,0
1133.0,-2.60342403659895,0.648637876331024,-0.941613925938122,-2.16104574050294,-0.455455931714475,-1.73363552721321,-0.504931771845948,1.19075669300193,0.400652865534474,-1.15847328532478,0.630747465789844,1.20874189441836,-0.403977168826869,3.316987165868173,0.372039668574695,-0.0599020055431942,1.6054497606936453,0.553845093214438,0.947435549906074,0.01442307632889,0.132235788843561,0.144692353261169,-0.422463502166289,0.0620683108117377,-0.0070297263860844,-0.129888963396963,0.282126390469421,-0.0719631025783078,1.8,0
1135.0,-3.30459480034315,-1.48890539271314,3.09657825901686,1.40727144075673,-0.36403159457797,0.453166460428499,-0.141234699435647,0.0610799959282722,1.48027703678536,0.410339401556066,-1.52692441907204,0.207921527774851,0.112078460297775,-0.46077991708252886,-2.30972283387591,0.443251412470027,0.050347545017281004,-0.359380597642353,-0.927080994906612,-0.456836146316429,-0.277457276415694,0.61228380110496,0.20927129928623,0.509635114480311,0.615906530273429,1.04446143124704,-0.295658047996509,0.82380688581314,259.452,0
1136.0,1.21227086326603,-0.122449977224386,0.539167470136909,0.29375456162161,-0.492960494956877,-0.231292923705196,-0.215776936882885,-0.0301474027230362,0.587723825189853,-0.366114579512256,-0.365530807699899,0.9599388958792,0.710566751948672,1.1015614288271136,-0.179804204834915,-0.656489428714759,1.3861752210166307,-1.25888320963634,0.0268193065308805,-0.0732208401293122,-0.0776190100755693,0.092458341609686,-0.0381540123542764,0.205406335505858,0.400919051764539,1.10646149298671,-0.0431867520631753,-0.0008263264993864,11.214,0
1138.0,-0.884586940283632,1.33672759109216,1.47476929994567,1.11572870609614,-0.121489632665134,-0.209224282916819,0.727249339733735,-0.0856130049202234,0.172488085851263,1.07322222351807,1.02184682644287,0.251279710095403,-1.22519058734481,1.6022378113782425,-0.579330341764294,-0.882728594200493,1.7360018377470812,0.24222699456667,1.24855920742941,0.397419463163849,-0.110007448373837,0.213652826352338,-0.181992885686302,0.514580225677132,-0.0440597768126304,-0.311318049501949,0.321133807102319,0.0959119628557966,19.782,0
1138.0,-0.102219547223619,1.45038027209093,-0.443113255168968,0.777292070040924,0.528907295703431,-0.695905301744347,0.693914534927621,0.164931465815904,-0.765275030866179,-0.0409581788863101,-1.28773531989833,0.296910685569881,1.02829402627523,2.677047933541017,0.59531646178424,-0.230133688458462,1.3119618660166297,0.0864023741059171,0.688276256153232,0.0206327077513571,0.131514502027246,0.513020353528395,-0.0446914521639176,-0.417170058338943,-0.546791991990371,-0.363946061834756,0.318977178332198,0.160554334049388,6.75,0
1139.0,0.911963304964987,-0.601017666467363,1.20804632706236,1.73068771231418,-1.07733366112075,0.74891536413253,-0.761316434665133,0.573492023642613,1.4273519122401,-0.185619825005148,0.261615169409781,0.139617036833668,-3.38951011869719,2.201690466754814,-2.08244436860548,-0.861610256844218,1.9233871802348839,-0.544778800024875,0.389287949212729,-0.284064553349,-0.351029520228306,-0.844539445065318,0.0835510083174781,0.139329550758753,0.245681486621391,-0.535082224632618,0.057587673814837,0.0237965790508465,119.88,0
1140.0,1.22041165985334,-0.129893092808252,0.721400558776012,0.128811598398014,-0.892553736323773,-0.869999863530241,-0.309361093301308,-0.140350176860272,0.408363577871745,-0.163300185737963,-0.258482894547884,0.28662982097195,0.427683781708227,1.5090655917562865,1.28898758937309,0.505167837448653,0.8330240509696974,-0.149225838696246,-0.205884611154531,0.0047015866498049,0.0944399028787932,0.271115819392675,-0.0406338283576528,0.484349421540432,0.235059979232156,1.06705489073717,-0.0632204905135884,0.0150330663280929,50.382,0
1140.0,-0.461720390927409,1.1034870709669,1.65989649639109,0.804519567269789,0.183640835220589,-0.612298520826208,0.964204782651708,-0.448732919605427,-0.426403707129168,0.144964156544092,-0.287843088822693,0.0793563425023104,0.57651941054214,1.4416478071657366,1.13192280552571,-0.330310912208296,1.5363612755672336,-0.0132937824883536,0.459518838991232,0.0633615402676308,0.0421224649048074,0.278354728430911,-0.130014260425501,0.398937929657606,-0.264411312276507,-0.470755057871418,-0.262926197378205,-0.0696436485452673,25.182000000000002,0
1144.0,1.32372672355007,-0.313323882945235,-1.00122886167059,-1.23491844300604,1.73152222800857,3.2377246170032,-0.776407064456517,0.82998723789572,0.257832079222551,-0.156845792605994,0.0054952455651175,0.0656745393642712,0.114247620766058,2.0896412079038345,1.43707967304694,0.731997171660735,0.4897556394127661,0.0239370510801149,0.398140010273777,0.0763113023108428,-0.182174521129768,-0.679468392313362,0.0541564526117424,1.0547463508465,0.275091848417292,0.919098233664005,-0.0696486956029719,0.0040215794814837,17.982,0
1146.0,1.16856725871154,-0.936605415182095,1.25670813238137,0.756895949675535,-1.10469835704756,1.50954244585147,-1.34311324951466,0.425854926870562,0.234021971870901,0.544131088948206,-0.837300386142541,1.36767373946945,1.25367836820517,-0.014757714649824116,-2.53751498461549,-1.59004711520917,2.0421340862473327,1.76059065796623,0.185300525116182,-0.378531392140726,-0.483165027354829,-0.494513284134257,-0.193224736817036,-0.816778992110482,0.582818452803556,-0.229659739127102,0.12305452155576,0.0296087607251314,90.0,0
1148.0,0.954824155385218,-0.563759100324026,0.299590237909447,0.644464060423861,-0.864271700802776,-0.7587181664159,0.0741513137822786,-0.123072293685756,0.722739184177366,-0.319190850054611,-0.824570144336335,-0.122689869041899,-1.17242561611501,1.7844941639593426,-0.0031750259014661,-0.233587000762603,1.646571986095549,-0.588331038766825,0.312952628347802,0.127541299050914,-0.16315947853934,-0.684614038241455,-0.0978911386138189,0.415641311527604,0.312572396962824,0.489985385169832,-0.0760790083682072,0.0327343744826877,284.40000000000003,0
1150.0,-0.278272337016352,0.672976953125337,1.64367968005763,1.50450877977809,-0.133192840791801,-0.468036647809162,0.972307621566258,-0.307996527534253,-0.581086931010544,0.143307725853362,-0.440441245200252,-0.893867968753106,-1.0080687810834,1.8807794977634442,1.87133385886503,-0.684972647136058,1.801742308752037,0.340718798288737,1.42082257922208,0.344912865574539,0.062418249695941,0.205906654350679,-0.153811754286559,0.374095916180891,0.424720562535512,-0.068195142161527,-0.16054877850236,-0.21425748041018,148.05,0
1151.0,1.45034170451877,-1.09155335002191,0.417343472009238,-1.47839421301187,-1.2419288632135,-0.147627746125503,-1.08372232592155,-0.0613933726111578,-1.80221192076948,1.35102699089901,-0.579406166117716,-0.611050960948493,1.23353878869267,1.085222408830208,0.941671575588452,-0.413737645623535,2.484992882675124,-0.340401716492592,-0.470216208503935,-0.24918950652608,-0.236716938059163,-0.2909640650577,0.0351036673509083,-0.444398237216249,0.257503113567284,-0.225391777762413,0.0567679914355015,0.0239321929927287,68.4,0
1152.0,1.24321032030593,0.415123404744951,0.322084806461145,0.68816071059107,-0.27592323079053,-1.043314563933,0.174674006371026,-0.271325516908678,-0.143203540886609,-0.31993915696373,0.131077270641897,0.849441964674894,1.38185147986035,0.7343300379386282,0.968151658178928,0.425259789665468,1.468334907481628,-0.439441343395503,-0.208574381951875,0.0078898342458914,-0.269951903144653,-0.739121724763979,0.109166236875112,0.377353791994158,0.252495671412115,0.0897651452289062,-0.0168853650157813,0.0345589868857111,16.182000000000002,0
1152.0,1.22392014935029,-0.868736062665192,1.3232322477922,-0.509427775712268,-1.78969521820168,-0.450867278187985,-1.12125339749158,-0.0423444967411524,-0.393334163855121,0.564371784086396,-0.395591105430535,0.443342549349851,1.70011767793999,0.4028265087931583,1.38510096017983,-0.663895475586384,0.7772202909725096,1.49369845872476,-1.20061073716476,-0.257827216693311,-0.117075004502586,0.10797569186869,0.0132864546043657,0.452826330753871,-0.0223500555022505,1.10510980500986,-0.0048079413688803,0.0395060490163265,115.56,0
1153.0,0.944336380730233,-0.298156220721856,1.17093606129368,1.55922898009776,-0.780501354439901,0.419139494939824,-0.452871438221751,0.195362443222486,0.846860257261635,-0.306411318161825,-0.637774799309542,0.952246852883562,0.473183059285816,0.3482142934339355,-0.256542483173743,-0.469100238981771,1.6735308630763028,-0.817570093135821,-0.419740602331143,0.0178226748012401,-0.0963138135803228,-0.131479804505114,-0.0298640854184545,0.100251703127362,0.348116204436208,-0.421848319094692,0.0761260687189069,0.048233378246218,162.0,0
1153.0,-1.93339366260592,0.36269437371582,0.600301649103039,-0.276265544031516,-1.24103422688453,-0.439342193516571,0.500470638231072,0.805716497401657,-0.431320780154859,-1.1902394811482,0.601203113372626,0.808716574405111,-0.889086814261732,1.9206439826731476,-1.38769769222971,0.301772525752593,1.5200317329631314,-0.0145040311665925,0.14560471303517,-0.387044903382918,-0.005164424183667,-0.201480300155417,0.369573723253194,0.567640973506854,-0.164116847797318,0.306871493822914,-0.163807907362385,-0.269050161178073,284.40000000000003,0
1153.0,1.12896325269772,0.150742361741884,0.424255317538211,1.27563576009494,-0.106274539660493,0.139216989581802,-0.0566474945237663,0.147295375315119,0.069565109549368,0.0531907092712272,1.11707241420665,1.08462772572002,-0.46516179914403,1.673349719773836,-0.767318461423019,-0.514670693354803,1.1165102566930327,-0.452057912232108,-0.0742469541547659,-0.202495614497328,-0.0553891729310078,0.0370666240343743,-0.0685343386537376,0.0316821158704607,0.626408430771671,-0.328866742328493,0.0351185938286847,0.0046610674953279,8.514000000000001,0
1154.0,1.24754133802413,1.25179153824016,-1.6023246112556,1.65312690232835,0.777110499264386,-1.84547790187179,0.729758880941318,-0.34752028691639,-0.342503074227263,-1.53008606063874,0.700291271730638,-0.847569701532485,-0.82446733946469,-1.8299501151906985,1.14664777951181,1.06913787863451,4.168378382762523,1.41887746134449,-0.831513280030876,-0.0804381996858598,-0.218636333630313,-0.562316213211608,-0.200743273696082,0.0362463941023056,0.834930869761916,-0.291626241032093,0.0354681062032858,0.0954428095852393,1.8,0
1155.0,1.31731576477206,-0.040968066302572,0.0319245217512449,-0.374919873054401,-0.181151177985877,-0.370065218750097,-0.158013135117111,-0.0254886832817284,0.0806994429459617,-0.0132448665100266,0.705437977490096,0.514788204451433,-0.0494502366039598,2.5057556930448643,0.518333166158448,0.702664242569385,0.434842459775716,0.291972561749074,0.673907969376061,-0.0489706966078623,-0.116047701222993,-0.354216913143842,-0.0650363424876673,-0.44275333709207,0.314078574022062,0.995437275986172,-0.0896989170194727,-0.0157387119268118,1.53,0
1156.0,-1.17627109232432,0.0917078444230931,1.55196228438219,1.62836421856548,0.407878507754052,1.46842383486023,0.356669162629077,0.399858179182696,-1.54526072156747,0.568816672909285,0.499431536359734,-0.7721296668145,-1.12493611268605,2.140135642506676,1.47830425671629,-1.3384063925919,3.75735032372754,-2.84936508834742,-0.0877579281456049,-0.0276712223118757,-0.0021507739094806,0.162298535128923,-0.016486752472102,-0.470007852617165,-0.652387201099054,3.4632456536448,-0.0906901721876683,-0.0502930226013677,267.28200000000004,0
1158.0,0.895907445282264,-0.55270115932956,0.867156381294799,0.880142676005042,-0.792592349830399,0.381568814955995,-0.381709679363305,0.219275819154878,0.620200202586397,-0.260341149477663,1.20629489133399,1.69897037273399,0.242693113875514,0.8929638485450728,-1.39709993769748,-0.645907162115319,1.8469460316783608,-0.696339223517315,0.178087249142026,0.0939275523009138,0.0174623244353599,0.167020530138327,-0.119761130474653,0.313006662977221,0.359573397696197,0.514789675892849,-0.008841300601119,0.0211580191730118,203.436,0
1158.0,1.1505594012871,0.217027972446969,0.503592961256675,1.06636250365982,-0.461524710074146,-0.74517435602332,0.0413218147770139,-0.0217681532225071,-0.132318079323162,0.175510325917322,1.38322162213423,0.544142147456735,-0.989829402227168,2.3585527285575587,0.315133592009099,0.308993401333071,0.854667665649272,0.206395800346845,-0.0630332784481397,-0.167924370916045,-0.111975361327404,-0.421642207162119,0.057031622972217,0.475330692247567,0.380088823850939,-0.580346500754131,0.0071380210614394,0.0184258807055327,32.022,0
1158.0,-0.364468498506858,0.476961852015916,1.50696213570389,-0.746918964486908,0.0175022319944957,0.0292268094100052,0.319399286369977,0.252958664699362,-0.100281534337833,-0.552524961878556,0.214670115663505,-0.144381910706412,-0.891432171095306,1.6133141257394163,0.026618057336798,1.30849014622311,0.10037022043714727,0.827825312222403,-0.473855816519265,-0.123282340045873,0.0008475007570258,-0.199133411487885,-0.0575034736502648,-0.539314285070656,-0.295545527609402,0.0387616511177594,-0.0010978335827382,0.0294111840880789,58.5,0
1158.0,1.02415921318907,-0.659598885711347,1.16231363290901,0.244696546401978,-1.36816617761328,-0.177200810830398,-0.704552021052903,0.205562158096257,1.02130916634663,-0.295653164560219,0.979623348196961,0.994360784605732,-0.775987916168332,1.2111976672559845,-0.940268114757832,0.0548728075662235,1.5743394437279015,-0.1189169277892,0.660800358207624,0.02146910165169,-0.135462851152875,-0.349356133134856,0.0413884957561793,0.595585610389468,0.0323334553823636,0.907649683187133,-0.0540279699984819,0.0164629450293443,135.828,0
1159.0,0.676930245793274,-0.459533887569487,0.312400208566289,2.85878058312224,-0.422098391893513,0.172131174677365,0.22954595127075,0.12204332727719,-0.104288233890293,0.470745952945944,-1.07833815805784,-0.983491839815173,-2.39892197797749,2.0849493950168876,-0.25214870037432,-0.0820516689845461,1.9356570531034158,-0.775103735499075,-1.00527573524545,0.121780616915781,-0.0062616835251251,-0.485438608633165,-0.198178844679035,0.0362069317194118,0.386343388586866,0.0191559313951229,-0.0486562429974381,0.0501275262150876,430.23600000000005,0
1159.0,-0.817851858015133,0.685884621784302,1.81393220946046,1.17368571406052,0.0392115378522418,1.83876975604519,-0.149005490249688,0.715592209685219,0.811984662321698,0.0610784877067489,-0.722331018172556,0.171251512141869,-1.53673435956787,1.212661120001106,-1.79213091683035,-1.06119154511526,1.7561565751243646,-0.0317674943200845,2.00687669822757,0.208869961084212,-0.451376818914162,-0.714358698075908,-0.208930467369962,-1.18910139722126,0.0816246238924679,-0.304985184610872,0.546121840044131,0.220961809793063,42.732,0
1161.0,1.27346122558251,-0.505761001905903,-0.245633681390525,-0.787426001355501,-0.40403628125117,-0.586236792390084,-0.121015338446583,-0.158959107067276,-1.47718954169378,0.778886761034365,1.75347418718568,0.355727512257997,0.392660402424079,1.6749210591306405,-0.0608840577016875,0.619571538503081,1.6027623417324375,-1.59054234567442,0.549689181032903,0.162066967139187,0.301945358383473,0.717332563212836,-0.19301943989588,0.0730855044953905,0.685637165566678,-0.0785737045425635,-0.0224809547279095,-0.0028497859115837,108.0,0
1161.0,0.73566195828774,-2.17831412152834,0.297671135179886,-1.02364697097895,-2.0152398280233,-0.752536815055892,-0.47790624131617,-0.340175212471354,-1.94544952695523,1.19828180224924,-0.245604685787916,-0.267131622039554,1.65469048223935,1.3188577764033753,0.688636482054024,-0.184765497642535,2.207242402274873,-0.131051575186256,-0.372011726435739,0.55257543184899,-0.116226162637615,-0.833963320709856,-0.184236547977691,0.370844909391416,0.0215119953453041,-0.455393257273363,-0.025080485764713,0.101168065360166,738.8820000000001,0
1161.0,-1.0013236778746,1.26817216321779,1.95283844380174,0.797468531297605,-0.5745263933631,-0.213432769373138,0.32417579519159,0.488113855356666,-1.22914188097418,-0.542046231598311,1.46343667261288,1.21506789796324,0.838459752591602,1.6936266307548618,0.553525294725858,0.220156632207487,1.0735728091410528,0.449571586136538,0.716422816429352,0.0957959979302287,0.007919432406577,-0.215311540212699,-0.0105579936284773,0.50880994838088,0.136935556736012,-0.521401954068729,-0.0433144085158564,0.0244875560471828,89.982,0
1161.0,-0.861087394729247,0.223905519750529,1.89773261888577,-0.919557299713629,-0.0097160846707117,-0.195471223175027,0.742075195859387,-0.334318325130661,1.03308807229361,-0.0268685772637199,-1.21729027494617,-0.267261190898922,-0.0723848242526193,0.45325808936488055,-0.36055356078251,0.150839466804821,0.3802200122971857,-0.120402258257037,-0.198958243167903,0.284415528016812,-0.102815553232409,0.451033652452599,-0.350510780004184,-0.0442993352062912,-0.0931782418448988,0.975345638146341,0.146185845715151,-0.247023650976945,137.66400000000002,0
1161.0,-0.469449303031613,0.962049285281469,1.62920263603493,0.656461145720698,0.472990160592715,0.0072408972298829,1.11500145091942,-0.400979074732881,0.296538087744584,0.287298511805285,-0.489804367793655,0.0098404767999621,-0.325262087314306,1.7196988898189098,-0.214213003021492,-1.0053020317925,1.690159079722965,-0.884620870385028,-0.245025232179476,0.0954318221008649,-0.152919550612703,0.136660085703807,-0.262445049386635,0.0820170349955915,0.212163444587237,-0.416905466711223,-0.284021164312645,-0.370295653660444,25.182000000000002,0
1162.0,-0.285024067853473,1.35392135352426,1.58826178989211,2.12917589373313,0.574565423619117,-0.0430482208194978,0.772508694216747,-0.0822513759198717,-1.53381055359606,0.404749862673129,-0.906072979276725,0.0359220651438951,1.31776305003467,1.540207155537352,0.557169649408559,0.431072269708371,0.995746996507421,-0.0195288377367766,-0.0136569078536718,0.0967477969970622,0.0342427638929716,0.103859423692613,-0.137913976414983,-0.104936205062131,-0.329126447595406,-0.0376675780309954,0.145144001678599,0.15644730982353,14.058,0
1162.0,-0.744503252404298,0.986799798588858,2.28137071938004,2.60976859648554,0.0914010487366191,0.71091758595762,0.0141753756785986,0.182283438740005,-0.681031009819303,0.521527419226252,-0.70405429543424,0.286121523207144,0.831432640576005,1.369373834919941,0.0635548705336722,-0.395568947530112,1.271054875074959,-0.41045752649258,-0.09123041931432,-0.0305734430376692,0.240347973395086,0.895750270689155,-0.21149500815111,0.144960470517871,-0.360355751191747,0.223012393298809,-0.0545536100183476,0.167833113654749,17.55,0
1163.0,-2.26231895249347,-0.53669055669174,0.970064724265767,1.91945219525944,0.201719271485493,-0.578338493333538,-0.300294131179283,0.499288943516742,0.276420176209622,0.0613099001664573,-0.697157822183203,0.0517341022820225,-0.871481038385521,1.7165043758313736,0.243915382750616,-0.995886717989716,2.426473401840234,-0.518819106852744,0.712523952149275,-0.758651824986758,-0.118647446588162,0.726355842447645,1.25498189348131,0.40987069748048,-0.276217183526913,-0.219763205465736,0.494632285443355,-0.0603111007870592,43.2,0
1164.0,1.29274461663303,0.238497890874923,0.0517450918059156,0.580940018768975,-0.234408993516877,-0.798752284736835,-0.0190175151669893,-0.090278530644425,0.280360452051356,-0.241033966403508,-0.784507736683436,-0.683704431406332,-1.07380759304384,1.6319330451591787,1.28620474259729,0.700676243216634,1.599682319449245,0.0472077332921372,0.0135032301908046,-0.152252237012073,-0.338850258269843,-1.04315353822739,0.079475499619622,-0.231240957412068,0.240587566638276,0.132392954431436,-0.0329261420336509,0.0224126900960412,3.564,0
1164.0,0.935046655552509,-0.584761727063683,0.196066085724981,0.447476261499631,-0.601639727529097,-0.236398729154239,0.0001712406081091,0.0146784913673107,0.405086443247657,-0.165396517722323,0.675452920368556,0.74073135148513,-0.671519688461656,1.7394737872276713,-0.738056562174606,0.032206466690088,1.361075739582542,-0.0524879344590299,0.720626788151663,0.18298197249481,-0.126610974502816,-0.588297664347174,-0.156606932063788,0.0533810644808404,0.343462931364002,0.49077871225039,-0.0768621841259512,0.0204175587130484,284.40000000000003,0
1165.0,-1.97891270765093,1.60638507638806,-1.18981137316451,-2.51820212318741,1.75054727929411,2.95665789458165,-0.539715241836322,1.56490716178536,-0.0772288790630404,-0.221646765125895,-0.500130500023895,0.071859547096782,0.0046345474451128,2.0389038965098565,0.545497659595187,0.936234785520847,0.8673205557717016,0.0475923293204135,-0.302738531719196,-0.0173445751997198,0.0388114560969769,-0.447482196021795,0.030215173859246,1.03485922474263,-0.080767757948751,0.723030183695317,-0.585654053752867,0.115560276620471,2.754,0
1165.0,1.09229878572335,-0.003638966674036,0.337474520348754,1.43544228975472,-0.298522829428315,-0.197386645929148,0.0299049856985977,0.0484490163008404,0.48155219566473,-0.104114251821005,-0.755587124273855,-0.153878775389502,-1.41254836928589,1.5966387058783713,0.0520201019025835,-0.657837157685671,1.4170180831746184,-0.812590102734464,-0.370838049597304,-0.197363433816599,-0.0941884694900205,-0.181421877913936,-0.0791305486353667,0.061501140062827,0.606044987641075,-0.312442533546554,0.0244613443127416,0.0197218717141783,81.756,0
1166.0,-1.36266677741195,1.03437695013773,0.962541370056411,-1.68779132829848,0.305253755660976,-0.452495145179047,0.840299957740553,-0.299620936615314,0.447843098711498,0.571258055927498,0.628551633726378,-0.0892638833568206,-0.774338478913137,1.5287471109768358,-0.088338884192863,0.732393138180919,0.36925490914629866,0.302127373378291,-0.0995210174839058,0.066051314658379,-0.0742519529130976,-0.167439731747819,-0.181619061983289,-0.325055163579056,-0.271906222911865,0.704352904654313,-0.493989979297929,0.0417023256979186,34.596,0
1166.0,-0.928565628959431,0.784633995237661,2.86197636699151,2.96814325784098,-0.0034611270313336,2.62564248384432,-0.149703727853418,0.766930020443199,-0.726175148763859,0.198516784860081,0.221090611654815,0.418099753583404,0.0929931500736458,0.7933650463061286,0.952147306622593,-1.77310130138526,3.175109114590726,-2.14710613875187,-0.429659859983976,0.0041531988609514,0.0214255242604786,0.415407982554256,0.0470665563440147,-0.624467791499586,-0.326384090359517,0.290130492781399,0.0881315888516805,0.0811516509101257,108.0,0
1167.0,-1.87618409576815,0.369475468025824,0.481160315154986,-0.204138488308519,-1.24459943663227,-0.657427552743206,0.563087225571999,0.702025453198532,-0.0772114951635522,-1.34325102515572,-1.37426955107091,-0.230221848052711,-1.29707591581053,2.3517487779696866,-0.613928327389184,0.191005978421865,1.5910398571950175,-0.376903697969577,-0.0617294001151551,-0.425272438041639,-0.0766633885917026,-0.395700456143771,0.362583989183335,0.397532018342767,-0.124075089391943,0.339041235522167,-0.163722595165377,-0.262124255178825,284.40000000000003,0
1169.0,-0.554046896193006,0.336786185021785,1.94560480338623,0.569903515429249,-0.281815814790015,0.277920499455835,-0.0573874108733287,0.0443885894526425,-1.29948380542473,0.45477718252031,-0.744769513455514,0.444263471196452,1.18066656477582,1.288707211481228,-0.0394475063761912,-2.76674144617885,2.63002166591073,0.670230793604343,0.0574119112160586,-0.370268819667221,-0.304511451438009,-0.100103586519729,-0.202538152796305,0.102104349443528,0.0036684130553728,-0.176836020009704,0.0863011575320429,0.118138626129307,19.638,0
1170.0,-0.940773904771578,-0.446171117401025,2.16767916155769,-1.76814949405782,0.29753640896689,-0.500257677695493,0.421920804346862,-0.402647792285725,1.55942008663285,-1.23461174851304,-0.0967502382111796,1.10885760114686,1.20393958162051,0.6012709694122091,0.782576176244173,-0.800620025860861,1.486657799649126,-0.233729081048904,-0.462541372199336,-0.0099197029999903,0.190326035211766,1.18398608362535,-0.31905109984109,0.16490274854786,-0.158143728481291,-0.786441741105053,-0.159650184973777,-0.294814018133618,117.0,0
1171.0,-1.33390040469452,0.718225420590493,1.21054721335661,0.0684539604280875,-0.244213612638195,-0.943601871865483,0.0875080901522696,0.50739597279053,-0.615735472955071,-0.214501615216874,1.21137316032227,0.449623670536627,-0.796026254380765,2.1967881431039036,0.220851673380539,0.503680295482221,1.6642797882538298,0.220490036846451,0.264966172617981,-0.118433271288151,-0.137961163986032,-0.492954975947334,0.42247337927769,0.487048985217413,-0.17430385371983,0.0483277501228319,0.04944624700672,0.0032458939439109,17.982,0
1171.0,0.886678075936327,-0.138970335346747,-0.0080220781171106,1.38089011572138,-0.222074094489398,-0.781526090881027,0.666471854874448,-0.379509225307776,-0.1434944302602,-0.193640883813967,-0.359145926505446,1.18316666781264,1.48493903817209,1.6161005498700711,-0.121013893369262,-0.466602506710161,1.7101957880293415,-0.584977397483838,-0.143488835251856,0.314224401403808,0.096201591287528,0.0994624614666443,-0.332800392230402,0.462826852815544,0.832144954455678,-0.30183245025923,-0.0141282154669671,0.0494343644760953,340.65000000000003,0
1173.0,1.07735468094802,-0.199446488525567,0.983049868973035,0.616624943185959,-0.975227045514688,-0.621729781083869,-0.32925829708943,-0.092157457905342,0.377497044324644,-0.158318559878156,-0.211541436712384,0.595299342953923,0.952273681899837,1.25022801436345,1.32927124460155,0.633445875281662,0.853645038006939,-0.0734589627999364,-0.40081604396335,0.120945411867041,0.049666095990893,0.0285710805546829,-0.0133393027216887,0.427849165808334,0.149381719482835,0.381780524499966,-0.0158105430565118,0.0409778960118547,145.17000000000002,0
1173.0,-0.870238488353188,0.755729498635538,1.86789041281018,0.737843570793756,1.00090139962567,0.608625995414763,0.538245190640011,0.21166220155878,-0.479487944698299,-0.477570426372337,-2.44977377050286,-0.0805672561679791,0.979863080091757,0.9845236201516039,-1.68214977676577,1.34965596106242,0.05370095694870303,0.190350757284182,-1.90994356614999,-0.11354281626746,0.108115374504473,0.319206905121266,-0.391194023280454,-0.984387511202015,0.383897383312907,-0.105973443804789,0.0756427725733955,0.113895419734252,43.056000000000004,0
1174.0,-0.0629590033958161,0.881865593261993,0.987739112867755,0.104136697326431,0.309464885931745,-0.589298733435555,0.584393271392303,-0.018735657655269,-0.414243794479085,-0.64025853699823,-0.0061595121751471,0.202039579953652,0.399861943378929,0.5438248784536999,1.00423945480483,0.0885933295402194,1.95407484768057,-0.609191384629661,-0.485748485716529,-0.0755303502550178,-0.126612823041939,-0.34221163430893,0.17133281169679,0.032311523037106,-0.885935451472579,-0.0251628076776402,0.100726638381014,0.105991891849219,3.564,0
1175.0,-0.74075626295089,0.375207162222786,0.836767193939673,-0.315215737235385,0.895750047031726,1.66616800580457,1.0408916380766,0.516525607217593,-1.04353410462828,-0.637074387960841,1.95803286760842,0.813911347174724,-0.271972038456402,2.1005360778766082,1.01676282973743,-0.970073518251575,2.1055691172891873,-1.95605974441635,-0.927171971767015,0.134877080589987,-0.106031677305911,-0.529083974381085,0.423893690459972,-1.40358095627034,-0.469162500929112,0.0708479067841583,0.0176066994150398,0.0355667426828938,256.356,0
1176.0,-1.36310761977303,0.608928815625821,1.62559767449789,1.61337439105993,-0.198816269947997,-0.36169823295249,0.237481738500166,0.507511166072636,-0.723620731427737,-0.668454270819042,-0.315638186863546,0.294820608188606,-0.463915477413185,1.3821346850240437,0.294303001430892,-1.22587280901983,2.6070316277139933,-0.739747723877577,0.603378286865405,0.151251582874577,0.107826401886981,0.111821243338603,-0.0825036680241295,0.62528230025094,0.409341058097124,-0.168436633336005,-0.0292645299624038,-0.0602598313386603,112.626,0
1177.0,-1.31912378035899,0.710146768573948,-1.06338829576439,-1.45284533198155,2.74125809718353,2.9583874465067,0.40297735613827,1.1022303154642,-0.658877791141917,-0.780124074759756,-0.64238444375663,-0.0571388518581102,-0.242711129286334,1.6944176547539365,-0.322266858527138,1.01111372565115,0.36491928985655475,0.114225588370824,-1.59263860771243,-0.376890050076366,0.052045804763256,-0.30227486924623,-0.284833874579063,0.98195522759884,0.483153256831894,-0.699041479917375,-0.345202498957482,-0.0678752547515832,108.36000000000001,0
